ISO-10303-21;
HEADER;
/* Generated by software containing ST-Developer
 * from STEP Tools, Inc. (www.steptools.com) 
 */
/* OPTION: using custom renumber hook */

FILE_DESCRIPTION(
/* description */ ('STEP AP242 Edition 2',
'CAx-IF Rec.Pracs.---Representation and Presentation of Product Manufa
cturing Information (PMI)---4.0---2014-10-13',
'CAx-IF Rec.Pracs.---3D Tessellated Geometry---0.4---2014-09-14','2;1',
'CAx-IF Rec.Pracs.---User Defined Attributes---1.5---2016-08-15'),
/* implementation_level */ '2;1');

FILE_NAME(
/* name */ 'Part Studio 1 - Bishop Piece',
/* time_stamp */ '2026-09-24T22:50:51Z',
/* author */ (''),
/* organization */ (''),
/* preprocessor_version */ 'ST-DEVELOPER v20',
/* originating_system */ 'ONSHAPE BY PTC INC, 1.221',
/* authorisation */ '  ');

FILE_SCHEMA (('AP242_MANAGED_MODEL_BASED_3D_ENGINEERING_MIM_LF { 1 0 10303 442 3 1 4 }'));
ENDSEC;

DATA;
#10=SHAPE_REPRESENTATION_RELATIONSHIP('','',#388,#11);
#11=ADVANCED_BREP_SHAPE_REPRESENTATION('',(#386),#2486);
#12=(
BOUNDED_SURFACE()
B_SPLINE_SURFACE(3,2,((#2300,#2301,#2302),(#2303,#2304,#2305),(#2306,#2307,
#2308),(#2309,#2310,#2311),(#2312,#2313,#2314),(#2315,#2316,#2317),(#2318,
#2319,#2320),(#2321,#2322,#2323),(#2324,#2325,#2326),(#2327,#2328,#2329),
(#2330,#2331,#2332),(#2333,#2334,#2335),(#2336,#2337,#2338),(#2339,#2340,
#2341),(#2342,#2343,#2344),(#2345,#2346,#2347),(#2348,#2349,#2350),(#2351,
#2352,#2353),(#2354,#2355,#2356),(#2357,#2358,#2359),(#2360,#2361,#2362),
(#2363,#2364,#2365),(#2366,#2367,#2368),(#2369,#2370,#2371),(#2372,#2373,
#2374),(#2375,#2376,#2377),(#2378,#2379,#2380),(#2381,#2382,#2383),(#2384,
#2385,#2386),(#2387,#2388,#2389),(#2390,#2391,#2392),(#2393,#2394,#2395),
(#2396,#2397,#2398),(#2399,#2400,#2401),(#2402,#2403,#2404),(#2405,#2406,
#2407),(#2408,#2409,#2410),(#2411,#2412,#2413),(#2414,#2415,#2416),(#2417,
#2418,#2419),(#2420,#2421,#2422),(#2423,#2424,#2425),(#2426,#2427,#2428),
(#2429,#2430,#2431),(#2432,#2433,#2434),(#2435,#2436,#2437)),
 .UNSPECIFIED.,.F.,.F.,.F.)
B_SPLINE_SURFACE_WITH_KNOTS((4,1,1,1,1,1,1,1,1,1,1,1,1,1,1,1,1,1,1,1,1,
1,1,1,1,1,1,1,1,1,1,1,1,1,1,1,1,1,1,1,1,1,1,4),(3,3),(0.0136792148669397,
0.0144452170737781,0.0152112192806166,0.0159772214874551,0.0167432236942936,
0.0171262247977128,0.0175092259011321,0.0178922270045513,0.0182752281079706,
0.0186582292113898,0.019041230314809,0.0194242314182283,0.0198072325216475,
0.0201902336250668,0.020573234728486,0.0209562358319053,0.0213392369353245,
0.022105239142163,0.0228712413490015,0.0236372435558399,0.0244032457626784,
0.0259352501763554,0.0274672545900324,0.0282332567968708,0.0289992590037093,
0.0297652612105478,0.0305312634173863,0.0309142645208055,0.0312972656242248,
0.031680266727644,0.0320632678310633,0.0324462689344825,0.0328292700379017,
0.033212271141321,0.0335952722447402,0.0339782733481595,0.0343612744515787,
0.034744275554998,0.0351272766584172,0.0355102777618364,0.0358932788652557,
0.0366592810720942,0.0374252832789326,0.0381912854857711),(0.,1.),
 .UNSPECIFIED.)
GEOMETRIC_REPRESENTATION_ITEM()
RATIONAL_B_SPLINE_SURFACE(((1.,0.683413877643752,1.),(1.,0.674162994203793,
1.),(1.,0.663397886931537,1.),(1.,0.687906521677414,1.),(1.,0.701650262162428,
1.),(1.,0.693822567428306,1.),(1.,0.679563787363295,1.),(1.,0.671107030191592,
1.),(1.,0.647981261929672,1.),(1.,0.602712271422647,1.),(1.,0.570325177309589,
1.),(1.,0.550841037771465,1.),(1.,0.53480655819062,1.),(1.,0.508235407757603,
1.),(1.,0.490218255081321,1.),(1.,0.494630463348382,1.),(1.,0.497914882223172,
1.),(1.,0.498120840585339,1.),(1.,0.502944352684126,1.),(1.,0.50194192551608,
1.),(1.,0.517398447100505,1.),(1.,0.546514625648758,1.),(1.,0.589649097813764,
1.),(1.,0.548091856406571,1.),(1.,0.519129069176474,1.),(1.,0.502246902735128,
1.),(1.,0.503082192150796,1.),(1.,0.498492174459985,1.),(1.,0.497780754178978,
1.),(1.,0.496026448436924,1.),(1.,0.489200397594582,1.),(1.,0.504482371952031,
1.),(1.,0.531938449449308,1.),(1.,0.548981892746023,1.),(1.,0.56799424691046,
1.),(1.,0.598449903541744,1.),(1.,0.644785576586939,1.),(1.,0.670523845630244,
1.),(1.,0.679157177074511,1.),(1.,0.689624350770631,1.),(1.,0.698109708807095,
1.),(1.,0.698676975307953,1.),(1.,0.688248810605334,1.),(1.,0.663292137773796,
1.),(1.,0.674176404762677,1.),(1.,0.683390539722576,1.)))
REPRESENTATION_ITEM('')
SURFACE()
);
#13=(
BOUNDED_SURFACE()
B_SPLINE_SURFACE(3,2,((#2446,#2447,#2448),(#2449,#2450,#2451),(#2452,#2453,
#2454),(#2455,#2456,#2457),(#2458,#2459,#2460),(#2461,#2462,#2463),(#2464,
#2465,#2466),(#2467,#2468,#2469),(#2470,#2471,#2472),(#2473,#2474,#2475),
(#2476,#2477,#2478),(#2479,#2480,#2481),(#2482,#2483,#2484)),
 .UNSPECIFIED.,.F.,.F.,.F.)
B_SPLINE_SURFACE_WITH_KNOTS((4,1,1,1,1,1,1,1,1,1,4),(3,3),(0.0145220499753609,
0.0152060399238144,0.015890029872268,0.0172580097691751,0.0186259896660823,
0.0199939695629894,0.0213619494598965,0.0227299293568037,0.0240979092537108,
0.0247818992021644,0.0254658891506179),(0.,1.),.UNSPECIFIED.)
GEOMETRIC_REPRESENTATION_ITEM()
RATIONAL_B_SPLINE_SURFACE(((1.,0.655631946844636,1.),(1.,0.663532797052924,
1.),(1.,0.661861106943609,1.),(1.,0.662372814957239,1.),(1.,0.697410313691593,
1.),(1.,0.730075091900517,1.),(1.,0.73237879463104,1.),(1.,0.729955887175387,
1.),(1.,0.697081494189196,1.),(1.,0.662024201035586,1.),(1.,0.662013079124269,
1.),(1.,0.663501000931846,1.),(1.,0.655645688060665,1.)))
REPRESENTATION_ITEM('')
SURFACE()
);
#14=DEGENERATE_TOROIDAL_SURFACE('',#430,0.00490792684085137,0.00551898299635804,
 .T.);
#15=CYLINDRICAL_SURFACE('',#396,0.00399619555957769);
#16=CYLINDRICAL_SURFACE('',#400,0.00409601628780365);
#17=CYLINDRICAL_SURFACE('',#404,0.0043972600251437);
#18=CYLINDRICAL_SURFACE('',#409,0.00551623189663434);
#19=CYLINDRICAL_SURFACE('',#413,0.00605345517396927);
#20=CYLINDRICAL_SURFACE('',#417,0.00551623189663434);
#21=CYLINDRICAL_SURFACE('',#425,0.00635272893720079);
#22=CYLINDRICAL_SURFACE('',#428,0.0090164806305334);
#23=CYLINDRICAL_SURFACE('',#432,0.00870251790175664);
#24=CONICAL_SURFACE('',#394,0.00399619555957769,0.532256343518226);
#25=CONICAL_SURFACE('',#402,0.00439726002514378,0.945304288181807);
#26=CONICAL_SURFACE('',#411,0.00605345517396927,0.653102626848619);
#27=CONICAL_SURFACE('',#415,0.00551623189663434,0.653502935033352);
#28=CONICAL_SURFACE('',#421,0.00548546164239261,0.0401669940407454);
#29=CONICAL_SURFACE('',#423,0.00635272893720079,0.708943277556011);
#30=VERTEX_LOOP('',#151);
#31=VERTEX_LOOP('',#180);
#32=B_SPLINE_CURVE_WITH_KNOTS('',3,(#701,#702,#703,#704,#705,#706,#707,
#708,#709,#710,#711),.UNSPECIFIED.,.F.,.F.,(4,1,1,1,1,1,1,1,4),(-5.9999999990155E-8,
0.00148333755699606,0.00296673511399211,0.00445013267098815,0.0059335302279842,
0.00741692778498025,0.0089003253419763,0.0103837228989723,0.0118671204559684),
 .UNSPECIFIED.);
#33=B_SPLINE_CURVE_WITH_KNOTS('',3,(#1117,#1118,#1119,#1120,#1121,#1122,
#1123,#1124,#1125,#1126,#1127,#1128,#1129,#1130,#1131,#1132,#1133,#1134,
#1135,#1136,#1137,#1138,#1139,#1140,#1141,#1142,#1143,#1144,#1145,#1146,
#1147,#1148,#1149,#1150,#1151),.UNSPECIFIED.,.F.,.F.,(4,1,1,1,1,1,1,1,1,
1,1,1,1,1,1,1,1,1,1,1,1,1,1,1,1,1,1,1,1,1,1,1,4),(0.,0.000826009136049263,
0.00165201827209853,0.00247802740814779,0.00330403654419705,0.00413004568024631,
0.00495605481629558,0.00578206395234484,0.0066080730883941,0.00743408222444336,
0.00826009136049263,0.00908610049654189,0.00991210963259115,0.0107381187686404,
0.0115641279046897,0.0132161461767882,0.0148681644488867,0.015694173584936,
0.0165201827209853,0.0173461918570345,0.0181722009930838,0.018998210129133,
0.0194112146971577,0.0198242192651823,0.0202372238332069,0.0206502284012316,
0.0214762375372808,0.0223022466733301,0.0231282558093794,0.0239542649454286,
0.0247802740814779,0.0256062832175271,0.0264322923535764),.UNSPECIFIED.);
#34=B_SPLINE_CURVE_WITH_KNOTS('',3,(#1154,#1155,#1156,#1157),
 .UNSPECIFIED.,.F.,.F.,(4,4),(0.,2.74017402535935E-5),.UNSPECIFIED.);
#35=B_SPLINE_CURVE_WITH_KNOTS('',3,(#1158,#1159,#1160,#1161),
 .UNSPECIFIED.,.F.,.F.,(4,4),(0.,2.74686422580474E-5),.UNSPECIFIED.);
#36=B_SPLINE_CURVE_WITH_KNOTS('',3,(#2251,#2252,#2253,#2254,#2255,#2256,
#2257,#2258,#2259,#2260,#2261,#2262,#2263,#2264,#2265,#2266,#2267,#2268,
#2269,#2270,#2271,#2272,#2273,#2274,#2275,#2276,#2277,#2278,#2279,#2280,
#2281,#2282,#2283,#2284,#2285,#2286,#2287,#2288),.UNSPECIFIED.,.F.,.F.,
(4,1,1,1,1,1,1,1,1,1,1,1,1,1,1,1,1,1,1,1,1,1,1,1,1,1,1,1,1,1,1,1,1,1,1,
4),(0.00278361400018265,0.00348401632170397,0.00418441864322529,0.00488482096474661,
0.00523502212550728,0.00558522328626794,0.0059354244470286,0.00628562560778926,
0.00663582676854992,0.00698602792931058,0.00733622909007124,0.0076864302508319,
0.00803663141159257,0.00838683257235323,0.00908723489387455,0.00978763721539587,
0.0111884418584385,0.0125892465014812,0.0139900511445238,0.0153908557875665,
0.0167916604306091,0.0181924650736517,0.0188928673951731,0.0195932697166944,
0.0199434708774551,0.0202936720382157,0.0206438731989764,0.020994074359737,
0.0213442755204977,0.0216944766812584,0.022044677842019,0.0223948790027797,
0.0227450801635403,0.023095281324301,0.0237956836458223,0.025196488288865),
 .UNSPECIFIED.);
#37=B_SPLINE_CURVE_WITH_KNOTS('',3,(#2291,#2292,#2293,#2294,#2295,#2296,
#2297,#2298,#2299),.UNSPECIFIED.,.F.,.F.,(4,1,1,1,1,1,4),(0.,0.002677050741536,
0.004015576112304,0.005354101483072,0.00669262685384,0.008031152224608,
0.010708202966144),.UNSPECIFIED.);
#38=B_SPLINE_CURVE_WITH_KNOTS('',3,(#2438,#2439,#2440,#2441),
 .UNSPECIFIED.,.F.,.F.,(4,4),(0.,0.000761691083081642),.UNSPECIFIED.);
#39=B_SPLINE_CURVE_WITH_KNOTS('',3,(#2442,#2443,#2444,#2445),
 .UNSPECIFIED.,.F.,.F.,(4,4),(4.4565853017185E-17,0.000761691083081404),
 .UNSPECIFIED.);
#40=ORIENTED_EDGE('',*,*,#112,.F.);
#41=ORIENTED_EDGE('',*,*,#113,.T.);
#42=ORIENTED_EDGE('',*,*,#114,.T.);
#43=ORIENTED_EDGE('',*,*,#115,.T.);
#44=ORIENTED_EDGE('',*,*,#115,.F.);
#45=ORIENTED_EDGE('',*,*,#112,.T.);
#46=ORIENTED_EDGE('',*,*,#116,.T.);
#47=ORIENTED_EDGE('',*,*,#117,.T.);
#48=ORIENTED_EDGE('',*,*,#113,.F.);
#49=ORIENTED_EDGE('',*,*,#118,.T.);
#50=ORIENTED_EDGE('',*,*,#119,.T.);
#51=ORIENTED_EDGE('',*,*,#119,.F.);
#52=ORIENTED_EDGE('',*,*,#120,.T.);
#53=ORIENTED_EDGE('',*,*,#120,.F.);
#54=ORIENTED_EDGE('',*,*,#121,.T.);
#55=ORIENTED_EDGE('',*,*,#121,.F.);
#56=ORIENTED_EDGE('',*,*,#122,.T.);
#57=ORIENTED_EDGE('',*,*,#122,.F.);
#58=ORIENTED_EDGE('',*,*,#123,.T.);
#59=ORIENTED_EDGE('',*,*,#123,.F.);
#60=ORIENTED_EDGE('',*,*,#124,.T.);
#61=ORIENTED_EDGE('',*,*,#124,.F.);
#62=ORIENTED_EDGE('',*,*,#125,.T.);
#63=ORIENTED_EDGE('',*,*,#125,.F.);
#64=ORIENTED_EDGE('',*,*,#126,.T.);
#65=ORIENTED_EDGE('',*,*,#126,.F.);
#66=ORIENTED_EDGE('',*,*,#127,.T.);
#67=ORIENTED_EDGE('',*,*,#127,.F.);
#68=ORIENTED_EDGE('',*,*,#128,.T.);
#69=ORIENTED_EDGE('',*,*,#128,.F.);
#70=ORIENTED_EDGE('',*,*,#129,.T.);
#71=ORIENTED_EDGE('',*,*,#129,.F.);
#72=ORIENTED_EDGE('',*,*,#130,.T.);
#73=ORIENTED_EDGE('',*,*,#130,.F.);
#74=ORIENTED_EDGE('',*,*,#131,.T.);
#75=ORIENTED_EDGE('',*,*,#131,.F.);
#76=ORIENTED_EDGE('',*,*,#132,.T.);
#77=ORIENTED_EDGE('',*,*,#132,.F.);
#78=ORIENTED_EDGE('',*,*,#133,.T.);
#79=ORIENTED_EDGE('',*,*,#133,.F.);
#80=ORIENTED_EDGE('',*,*,#134,.T.);
#81=ORIENTED_EDGE('',*,*,#134,.F.);
#82=ORIENTED_EDGE('',*,*,#135,.T.);
#83=ORIENTED_EDGE('',*,*,#135,.F.);
#84=ORIENTED_EDGE('',*,*,#136,.T.);
#85=ORIENTED_EDGE('',*,*,#136,.F.);
#86=ORIENTED_EDGE('',*,*,#137,.T.);
#87=ORIENTED_EDGE('',*,*,#137,.F.);
#88=ORIENTED_EDGE('',*,*,#138,.T.);
#89=ORIENTED_EDGE('',*,*,#138,.F.);
#90=ORIENTED_EDGE('',*,*,#139,.T.);
#91=ORIENTED_EDGE('',*,*,#139,.F.);
#92=ORIENTED_EDGE('',*,*,#140,.T.);
#93=ORIENTED_EDGE('',*,*,#140,.F.);
#94=ORIENTED_EDGE('',*,*,#141,.T.);
#95=ORIENTED_EDGE('',*,*,#141,.F.);
#96=ORIENTED_EDGE('',*,*,#142,.T.);
#97=ORIENTED_EDGE('',*,*,#142,.F.);
#98=ORIENTED_EDGE('',*,*,#143,.T.);
#99=ORIENTED_EDGE('',*,*,#143,.F.);
#100=ORIENTED_EDGE('',*,*,#144,.T.);
#101=ORIENTED_EDGE('',*,*,#145,.T.);
#102=ORIENTED_EDGE('',*,*,#146,.F.);
#103=ORIENTED_EDGE('',*,*,#144,.F.);
#104=ORIENTED_EDGE('',*,*,#147,.F.);
#105=ORIENTED_EDGE('',*,*,#116,.F.);
#106=ORIENTED_EDGE('',*,*,#147,.T.);
#107=ORIENTED_EDGE('',*,*,#145,.F.);
#108=ORIENTED_EDGE('',*,*,#146,.T.);
#109=ORIENTED_EDGE('',*,*,#118,.F.);
#110=ORIENTED_EDGE('',*,*,#114,.F.);
#111=ORIENTED_EDGE('',*,*,#117,.F.);
#112=EDGE_CURVE('',#148,#148,#183,.T.);
#113=EDGE_CURVE('',#149,#150,#184,.T.);
#114=EDGE_CURVE('',#150,#149,#32,.T.);
#115=EDGE_CURVE('',#152,#152,#185,.T.);
#116=EDGE_CURVE('',#153,#154,#33,.T.);
#117=EDGE_CURVE('',#154,#150,#34,.T.);
#118=EDGE_CURVE('',#149,#153,#35,.T.);
#119=EDGE_CURVE('',#155,#155,#186,.T.);
#120=EDGE_CURVE('',#156,#156,#187,.T.);
#121=EDGE_CURVE('',#157,#157,#188,.T.);
#122=EDGE_CURVE('',#158,#158,#189,.T.);
#123=EDGE_CURVE('',#159,#159,#190,.T.);
#124=EDGE_CURVE('',#160,#160,#191,.T.);
#125=EDGE_CURVE('',#161,#161,#192,.T.);
#126=EDGE_CURVE('',#162,#162,#193,.T.);
#127=EDGE_CURVE('',#163,#163,#194,.T.);
#128=EDGE_CURVE('',#164,#164,#195,.T.);
#129=EDGE_CURVE('',#165,#165,#196,.T.);
#130=EDGE_CURVE('',#166,#166,#197,.T.);
#131=EDGE_CURVE('',#167,#167,#198,.T.);
#132=EDGE_CURVE('',#168,#168,#199,.T.);
#133=EDGE_CURVE('',#169,#169,#200,.T.);
#134=EDGE_CURVE('',#170,#170,#201,.T.);
#135=EDGE_CURVE('',#171,#171,#202,.T.);
#136=EDGE_CURVE('',#172,#172,#203,.T.);
#137=EDGE_CURVE('',#173,#173,#204,.T.);
#138=EDGE_CURVE('',#174,#174,#205,.T.);
#139=EDGE_CURVE('',#175,#175,#206,.T.);
#140=EDGE_CURVE('',#176,#176,#207,.T.);
#141=EDGE_CURVE('',#177,#177,#208,.T.);
#142=EDGE_CURVE('',#178,#178,#209,.T.);
#143=EDGE_CURVE('',#179,#179,#210,.T.);
#144=EDGE_CURVE('',#181,#182,#36,.T.);
#145=EDGE_CURVE('',#182,#181,#37,.T.);
#146=EDGE_CURVE('',#182,#153,#38,.F.);
#147=EDGE_CURVE('',#154,#181,#39,.T.);
#148=VERTEX_POINT('',#697);
#149=VERTEX_POINT('',#699);
#150=VERTEX_POINT('',#700);
#151=VERTEX_POINT('',#778);
#152=VERTEX_POINT('',#780);
#153=VERTEX_POINT('',#1152);
#154=VERTEX_POINT('',#1153);
#155=VERTEX_POINT('',#1163);
#156=VERTEX_POINT('',#1166);
#157=VERTEX_POINT('',#1169);
#158=VERTEX_POINT('',#1247);
#159=VERTEX_POINT('',#1325);
#160=VERTEX_POINT('',#1328);
#161=VERTEX_POINT('',#1331);
#162=VERTEX_POINT('',#1334);
#163=VERTEX_POINT('',#1716);
#164=VERTEX_POINT('',#1794);
#165=VERTEX_POINT('',#1872);
#166=VERTEX_POINT('',#1875);
#167=VERTEX_POINT('',#1878);
#168=VERTEX_POINT('',#1881);
#169=VERTEX_POINT('',#1884);
#170=VERTEX_POINT('',#1887);
#171=VERTEX_POINT('',#1965);
#172=VERTEX_POINT('',#2043);
#173=VERTEX_POINT('',#2046);
#174=VERTEX_POINT('',#2049);
#175=VERTEX_POINT('',#2052);
#176=VERTEX_POINT('',#2130);
#177=VERTEX_POINT('',#2133);
#178=VERTEX_POINT('',#2136);
#179=VERTEX_POINT('',#2139);
#180=VERTEX_POINT('',#2216);
#181=VERTEX_POINT('',#2289);
#182=VERTEX_POINT('',#2290);
#183=CIRCLE('',#390,0.00214633718132973);
#184=CIRCLE('',#391,0.00491455197334437);
#185=CIRCLE('',#392,0.0015576034784317);
#186=CIRCLE('',#393,0.00491455197334437);
#187=CIRCLE('',#395,0.00399619555957769);
#188=CIRCLE('',#397,0.00399619555957769);
#189=CIRCLE('',#398,0.00436156551242443);
#190=CIRCLE('',#399,0.00409601628780365);
#191=CIRCLE('',#401,0.00409601628780365);
#192=CIRCLE('',#403,0.00439726002514378);
#193=CIRCLE('',#405,0.00439726002514363);
#194=CIRCLE('',#406,0.00527294433722125);
#195=CIRCLE('',#407,0.0060157123953104);
#196=CIRCLE('',#408,0.00551623189663434);
#197=CIRCLE('',#410,0.00551623189663434);
#198=CIRCLE('',#412,0.00605345517396927);
#199=CIRCLE('',#414,0.00605345517396927);
#200=CIRCLE('',#416,0.00551623189663434);
#201=CIRCLE('',#418,0.00551623189663434);
#202=CIRCLE('',#419,0.00751681141452664);
#203=CIRCLE('',#420,0.0051356665790081);
#204=CIRCLE('',#422,0.00548546164239261);
#205=CIRCLE('',#424,0.00635272893720079);
#206=CIRCLE('',#426,0.00635272893720078);
#207=CIRCLE('',#427,0.0090164806305332);
#208=CIRCLE('',#429,0.0090164806305336);
#209=CIRCLE('',#431,0.0087025179021116);
#210=CIRCLE('',#433,0.00870251790140169);
#211=EDGE_LOOP('',(#40));
#212=EDGE_LOOP('',(#41,#42));
#213=EDGE_LOOP('',(#43));
#214=EDGE_LOOP('',(#44));
#215=EDGE_LOOP('',(#45));
#216=EDGE_LOOP('',(#46,#47,#48,#49));
#217=EDGE_LOOP('',(#50));
#218=EDGE_LOOP('',(#51));
#219=EDGE_LOOP('',(#52));
#220=EDGE_LOOP('',(#53));
#221=EDGE_LOOP('',(#54));
#222=EDGE_LOOP('',(#55));
#223=EDGE_LOOP('',(#56));
#224=EDGE_LOOP('',(#57));
#225=EDGE_LOOP('',(#58));
#226=EDGE_LOOP('',(#59));
#227=EDGE_LOOP('',(#60));
#228=EDGE_LOOP('',(#61));
#229=EDGE_LOOP('',(#62));
#230=EDGE_LOOP('',(#63));
#231=EDGE_LOOP('',(#64));
#232=EDGE_LOOP('',(#65));
#233=EDGE_LOOP('',(#66));
#234=EDGE_LOOP('',(#67));
#235=EDGE_LOOP('',(#68));
#236=EDGE_LOOP('',(#69));
#237=EDGE_LOOP('',(#70));
#238=EDGE_LOOP('',(#71));
#239=EDGE_LOOP('',(#72));
#240=EDGE_LOOP('',(#73));
#241=EDGE_LOOP('',(#74));
#242=EDGE_LOOP('',(#75));
#243=EDGE_LOOP('',(#76));
#244=EDGE_LOOP('',(#77));
#245=EDGE_LOOP('',(#78));
#246=EDGE_LOOP('',(#79));
#247=EDGE_LOOP('',(#80));
#248=EDGE_LOOP('',(#81));
#249=EDGE_LOOP('',(#82));
#250=EDGE_LOOP('',(#83));
#251=EDGE_LOOP('',(#84));
#252=EDGE_LOOP('',(#85));
#253=EDGE_LOOP('',(#86));
#254=EDGE_LOOP('',(#87));
#255=EDGE_LOOP('',(#88));
#256=EDGE_LOOP('',(#89));
#257=EDGE_LOOP('',(#90));
#258=EDGE_LOOP('',(#91));
#259=EDGE_LOOP('',(#92));
#260=EDGE_LOOP('',(#93));
#261=EDGE_LOOP('',(#94));
#262=EDGE_LOOP('',(#95));
#263=EDGE_LOOP('',(#96));
#264=EDGE_LOOP('',(#97));
#265=EDGE_LOOP('',(#98));
#266=EDGE_LOOP('',(#99));
#267=EDGE_LOOP('',(#100,#101));
#268=EDGE_LOOP('',(#102,#103,#104,#105));
#269=EDGE_LOOP('',(#106,#107,#108,#109,#110,#111));
#270=FACE_BOUND('',#211,.T.);
#271=FACE_BOUND('',#212,.T.);
#272=FACE_BOUND('',#30,.T.);
#273=FACE_BOUND('',#213,.T.);
#274=FACE_BOUND('',#214,.T.);
#275=FACE_BOUND('',#215,.T.);
#276=FACE_BOUND('',#216,.T.);
#277=FACE_BOUND('',#217,.T.);
#278=FACE_BOUND('',#218,.T.);
#279=FACE_BOUND('',#219,.T.);
#280=FACE_BOUND('',#220,.T.);
#281=FACE_BOUND('',#221,.T.);
#282=FACE_BOUND('',#222,.T.);
#283=FACE_BOUND('',#223,.T.);
#284=FACE_BOUND('',#224,.T.);
#285=FACE_BOUND('',#225,.T.);
#286=FACE_BOUND('',#226,.T.);
#287=FACE_BOUND('',#227,.T.);
#288=FACE_BOUND('',#228,.T.);
#289=FACE_BOUND('',#229,.T.);
#290=FACE_BOUND('',#230,.T.);
#291=FACE_BOUND('',#231,.T.);
#292=FACE_BOUND('',#232,.T.);
#293=FACE_BOUND('',#233,.T.);
#294=FACE_BOUND('',#234,.T.);
#295=FACE_BOUND('',#235,.T.);
#296=FACE_BOUND('',#236,.T.);
#297=FACE_BOUND('',#237,.T.);
#298=FACE_BOUND('',#238,.T.);
#299=FACE_BOUND('',#239,.T.);
#300=FACE_BOUND('',#240,.T.);
#301=FACE_BOUND('',#241,.T.);
#302=FACE_BOUND('',#242,.T.);
#303=FACE_BOUND('',#243,.T.);
#304=FACE_BOUND('',#244,.T.);
#305=FACE_BOUND('',#245,.T.);
#306=FACE_BOUND('',#246,.T.);
#307=FACE_BOUND('',#247,.T.);
#308=FACE_BOUND('',#248,.T.);
#309=FACE_BOUND('',#249,.T.);
#310=FACE_BOUND('',#250,.T.);
#311=FACE_BOUND('',#251,.T.);
#312=FACE_BOUND('',#252,.T.);
#313=FACE_BOUND('',#253,.T.);
#314=FACE_BOUND('',#254,.T.);
#315=FACE_BOUND('',#255,.T.);
#316=FACE_BOUND('',#256,.T.);
#317=FACE_BOUND('',#257,.T.);
#318=FACE_BOUND('',#258,.T.);
#319=FACE_BOUND('',#259,.T.);
#320=FACE_BOUND('',#260,.T.);
#321=FACE_BOUND('',#261,.T.);
#322=FACE_BOUND('',#262,.T.);
#323=FACE_BOUND('',#263,.T.);
#324=FACE_BOUND('',#264,.T.);
#325=FACE_BOUND('',#265,.T.);
#326=FACE_BOUND('',#266,.T.);
#327=FACE_BOUND('',#31,.T.);
#328=FACE_BOUND('',#267,.T.);
#329=FACE_BOUND('',#268,.T.);
#330=FACE_BOUND('',#269,.T.);
#331=B_SPLINE_SURFACE_WITH_KNOTS('',3,3,((#525,#526,#527,#528,#529,#530,
#531,#532,#533,#534,#535,#536,#537,#538,#539,#540,#541,#542,#543),(#544,
#545,#546,#547,#548,#549,#550,#551,#552,#553,#554,#555,#556,#557,#558,#559,
#560,#561,#562),(#563,#564,#565,#566,#567,#568,#569,#570,#571,#572,#573,
#574,#575,#576,#577,#578,#579,#580,#581),(#582,#583,#584,#585,#586,#587,
#588,#589,#590,#591,#592,#593,#594,#595,#596,#597,#598,#599,#600),(#601,
#602,#603,#604,#605,#606,#607,#608,#609,#610,#611,#612,#613,#614,#615,#616,
#617,#618,#619),(#620,#621,#622,#623,#624,#625,#626,#627,#628,#629,#630,
#631,#632,#633,#634,#635,#636,#637,#638),(#639,#640,#641,#642,#643,#644,
#645,#646,#647,#648,#649,#650,#651,#652,#653,#654,#655,#656,#657),(#658,
#659,#660,#661,#662,#663,#664,#665,#666,#667,#668,#669,#670,#671,#672,#673,
#674,#675,#676),(#677,#678,#679,#680,#681,#682,#683,#684,#685,#686,#687,
#688,#689,#690,#691,#692,#693,#694,#695)),.UNSPECIFIED.,.F.,.T.,.F.,(4,
1,1,1,1,1,4),(1,1,1,1,1,1,1,1,1,1,1,1,1,1,1,1,1,1,1,1,1,1,1),(-1.55200041735325E-16,
0.249999999999964,0.374999999999947,0.499999999999929,0.624999999999912,
0.749999999999894,0.999999999999858),(-1.17809724509617,-0.785398163397448,
-0.392699081698725,0.,0.392699081698724,0.785398163397448,1.17809724509617,
1.5707963267949,1.96349540849362,2.35619449019234,2.74889357189107,3.14159265358979,
3.53429173528852,3.92699081698724,4.31968989868597,4.71238898038469,5.10508806208341,
5.49778714378214,5.89048622548086,6.28318530717959,6.67588438887831,7.06858347057703,
7.46128255227576),.UNSPECIFIED.);
#332=B_SPLINE_SURFACE_WITH_KNOTS('',3,3,((#712,#713,#714,#715,#716,#717,
#718,#719,#720,#721,#722),(#723,#724,#725,#726,#727,#728,#729,#730,#731,
#732,#733),(#734,#735,#736,#737,#738,#739,#740,#741,#742,#743,#744),(#745,
#746,#747,#748,#749,#750,#751,#752,#753,#754,#755),(#756,#757,#758,#759,
#760,#761,#762,#763,#764,#765,#766),(#767,#768,#769,#770,#771,#772,#773,
#774,#775,#776,#777)),.UNSPECIFIED.,.F.,.T.,.F.,(4,1,1,4),(1,1,1,1,1,1,
1,1,1,1,1,1,1,1,1),(0.,0.5,0.708333333333333,1.),(-2.35619449019234,-1.5707963267949,
-0.785398163397448,0.,0.785398163397448,1.5707963267949,2.35619449019234,
3.14159265358979,3.92699081698724,4.71238898038469,5.49778714378214,6.28318530717959,
7.06858347057703,7.85398163397448,8.63937979737193),.UNSPECIFIED.);
#333=B_SPLINE_SURFACE_WITH_KNOTS('',3,3,((#781,#782,#783,#784,#785,#786,
#787,#788,#789,#790,#791),(#792,#793,#794,#795,#796,#797,#798,#799,#800,
#801,#802),(#803,#804,#805,#806,#807,#808,#809,#810,#811,#812,#813),(#814,
#815,#816,#817,#818,#819,#820,#821,#822,#823,#824),(#825,#826,#827,#828,
#829,#830,#831,#832,#833,#834,#835),(#836,#837,#838,#839,#840,#841,#842,
#843,#844,#845,#846),(#847,#848,#849,#850,#851,#852,#853,#854,#855,#856,
#857),(#858,#859,#860,#861,#862,#863,#864,#865,#866,#867,#868),(#869,#870,
#871,#872,#873,#874,#875,#876,#877,#878,#879),(#880,#881,#882,#883,#884,
#885,#886,#887,#888,#889,#890),(#891,#892,#893,#894,#895,#896,#897,#898,
#899,#900,#901),(#902,#903,#904,#905,#906,#907,#908,#909,#910,#911,#912),
(#913,#914,#915,#916,#917,#918,#919,#920,#921,#922,#923),(#924,#925,#926,
#927,#928,#929,#930,#931,#932,#933,#934),(#935,#936,#937,#938,#939,#940,
#941,#942,#943,#944,#945)),.UNSPECIFIED.,.F.,.T.,.F.,(4,1,1,1,1,1,1,1,1,
1,1,1,4),(1,1,1,1,1,1,1,1,1,1,1,1,1,1,1),(0.,0.125,0.1875,0.25,0.3125,0.375,
0.4375,0.5,0.5625,0.645833333333333,0.75,0.854166666666667,1.),(-2.35619449019234,
-1.5707963267949,-0.785398163397448,0.,0.785398163397448,1.5707963267949,
2.35619449019234,3.14159265358979,3.92699081698724,4.71238898038469,5.49778714378214,
6.28318530717959,7.06858347057703,7.85398163397448,8.63937979737193),
 .UNSPECIFIED.);
#334=B_SPLINE_SURFACE_WITH_KNOTS('',3,3,((#946,#947,#948,#949,#950,#951,
#952,#953,#954,#955,#956,#957,#958,#959,#960,#961,#962,#963,#964),(#965,
#966,#967,#968,#969,#970,#971,#972,#973,#974,#975,#976,#977,#978,#979,#980,
#981,#982,#983),(#984,#985,#986,#987,#988,#989,#990,#991,#992,#993,#994,
#995,#996,#997,#998,#999,#1000,#1001,#1002),(#1003,#1004,#1005,#1006,#1007,
#1008,#1009,#1010,#1011,#1012,#1013,#1014,#1015,#1016,#1017,#1018,#1019,
#1020,#1021),(#1022,#1023,#1024,#1025,#1026,#1027,#1028,#1029,#1030,#1031,
#1032,#1033,#1034,#1035,#1036,#1037,#1038,#1039,#1040),(#1041,#1042,#1043,
#1044,#1045,#1046,#1047,#1048,#1049,#1050,#1051,#1052,#1053,#1054,#1055,
#1056,#1057,#1058,#1059),(#1060,#1061,#1062,#1063,#1064,#1065,#1066,#1067,
#1068,#1069,#1070,#1071,#1072,#1073,#1074,#1075,#1076,#1077,#1078),(#1079,
#1080,#1081,#1082,#1083,#1084,#1085,#1086,#1087,#1088,#1089,#1090,#1091,
#1092,#1093,#1094,#1095,#1096,#1097),(#1098,#1099,#1100,#1101,#1102,#1103,
#1104,#1105,#1106,#1107,#1108,#1109,#1110,#1111,#1112,#1113,#1114,#1115,
#1116)),.UNSPECIFIED.,.F.,.T.,.F.,(4,1,1,1,1,1,4),(1,1,1,1,1,1,1,1,1,1,
1,1,1,1,1,1,1,1,1,1,1,1,1),(0.,0.25,0.375,0.5,0.625,0.75,1.),(-1.17809724509617,
-0.785398163397448,-0.392699081698725,0.,0.392699081698724,0.785398163397448,
1.17809724509617,1.5707963267949,1.96349540849362,2.35619449019234,2.74889357189107,
3.14159265358979,3.53429173528852,3.92699081698724,4.31968989868597,4.71238898038469,
5.10508806208341,5.49778714378214,5.89048622548086,6.28318530717959,6.67588438887831,
7.06858347057703,7.46128255227576),.UNSPECIFIED.);
#335=B_SPLINE_SURFACE_WITH_KNOTS('',3,3,((#1170,#1171,#1172,#1173,#1174,
#1175,#1176,#1177,#1178,#1179,#1180,#1181,#1182,#1183,#1184,#1185,#1186,
#1187,#1188),(#1189,#1190,#1191,#1192,#1193,#1194,#1195,#1196,#1197,#1198,
#1199,#1200,#1201,#1202,#1203,#1204,#1205,#1206,#1207),(#1208,#1209,#1210,
#1211,#1212,#1213,#1214,#1215,#1216,#1217,#1218,#1219,#1220,#1221,#1222,
#1223,#1224,#1225,#1226),(#1227,#1228,#1229,#1230,#1231,#1232,#1233,#1234,
#1235,#1236,#1237,#1238,#1239,#1240,#1241,#1242,#1243,#1244,#1245)),
 .UNSPECIFIED.,.F.,.T.,.F.,(4,4),(1,1,1,1,1,1,1,1,1,1,1,1,1,1,1,1,1,1,1,
1,1,1,1),(0.,0.494781982937058),(-1.17809724509617,-0.785398163397448,-0.392699081698725,
0.,0.392699081698724,0.785398163397448,1.17809724509617,1.5707963267949,
1.96349540849362,2.35619449019234,2.74889357189107,3.14159265358979,3.53429173528852,
3.92699081698724,4.31968989868597,4.71238898038469,5.10508806208341,5.49778714378214,
5.89048622548086,6.28318530717959,6.67588438887831,7.06858347057703,7.46128255227576),
 .UNSPECIFIED.);
#336=B_SPLINE_SURFACE_WITH_KNOTS('',3,3,((#1248,#1249,#1250,#1251,#1252,
#1253,#1254,#1255,#1256,#1257,#1258,#1259,#1260,#1261,#1262,#1263,#1264,
#1265,#1266),(#1267,#1268,#1269,#1270,#1271,#1272,#1273,#1274,#1275,#1276,
#1277,#1278,#1279,#1280,#1281,#1282,#1283,#1284,#1285),(#1286,#1287,#1288,
#1289,#1290,#1291,#1292,#1293,#1294,#1295,#1296,#1297,#1298,#1299,#1300,
#1301,#1302,#1303,#1304),(#1305,#1306,#1307,#1308,#1309,#1310,#1311,#1312,
#1313,#1314,#1315,#1316,#1317,#1318,#1319,#1320,#1321,#1322,#1323)),
 .UNSPECIFIED.,.F.,.T.,.F.,(4,4),(1,1,1,1,1,1,1,1,1,1,1,1,1,1,1,1,1,1,1,
1,1,1,1),(0.,0.856163974469214),(-1.17809724509617,-0.785398163397448,-0.392699081698725,
0.,0.392699081698724,0.785398163397448,1.17809724509617,1.5707963267949,
1.96349540849362,2.35619449019234,2.74889357189107,3.14159265358979,3.53429173528852,
3.92699081698724,4.31968989868597,4.71238898038469,5.10508806208341,5.49778714378214,
5.89048622548086,6.28318530717959,6.67588438887831,7.06858347057703,7.46128255227576),
 .UNSPECIFIED.);
#337=B_SPLINE_SURFACE_WITH_KNOTS('',3,3,((#1335,#1336,#1337,#1338,#1339,
#1340,#1341,#1342,#1343,#1344,#1345,#1346,#1347,#1348,#1349,#1350,#1351,
#1352,#1353),(#1354,#1355,#1356,#1357,#1358,#1359,#1360,#1361,#1362,#1363,
#1364,#1365,#1366,#1367,#1368,#1369,#1370,#1371,#1372),(#1373,#1374,#1375,
#1376,#1377,#1378,#1379,#1380,#1381,#1382,#1383,#1384,#1385,#1386,#1387,
#1388,#1389,#1390,#1391),(#1392,#1393,#1394,#1395,#1396,#1397,#1398,#1399,
#1400,#1401,#1402,#1403,#1404,#1405,#1406,#1407,#1408,#1409,#1410),(#1411,
#1412,#1413,#1414,#1415,#1416,#1417,#1418,#1419,#1420,#1421,#1422,#1423,
#1424,#1425,#1426,#1427,#1428,#1429),(#1430,#1431,#1432,#1433,#1434,#1435,
#1436,#1437,#1438,#1439,#1440,#1441,#1442,#1443,#1444,#1445,#1446,#1447,
#1448),(#1449,#1450,#1451,#1452,#1453,#1454,#1455,#1456,#1457,#1458,#1459,
#1460,#1461,#1462,#1463,#1464,#1465,#1466,#1467),(#1468,#1469,#1470,#1471,
#1472,#1473,#1474,#1475,#1476,#1477,#1478,#1479,#1480,#1481,#1482,#1483,
#1484,#1485,#1486),(#1487,#1488,#1489,#1490,#1491,#1492,#1493,#1494,#1495,
#1496,#1497,#1498,#1499,#1500,#1501,#1502,#1503,#1504,#1505),(#1506,#1507,
#1508,#1509,#1510,#1511,#1512,#1513,#1514,#1515,#1516,#1517,#1518,#1519,
#1520,#1521,#1522,#1523,#1524),(#1525,#1526,#1527,#1528,#1529,#1530,#1531,
#1532,#1533,#1534,#1535,#1536,#1537,#1538,#1539,#1540,#1541,#1542,#1543),
(#1544,#1545,#1546,#1547,#1548,#1549,#1550,#1551,#1552,#1553,#1554,#1555,
#1556,#1557,#1558,#1559,#1560,#1561,#1562),(#1563,#1564,#1565,#1566,#1567,
#1568,#1569,#1570,#1571,#1572,#1573,#1574,#1575,#1576,#1577,#1578,#1579,
#1580,#1581),(#1582,#1583,#1584,#1585,#1586,#1587,#1588,#1589,#1590,#1591,
#1592,#1593,#1594,#1595,#1596,#1597,#1598,#1599,#1600),(#1601,#1602,#1603,
#1604,#1605,#1606,#1607,#1608,#1609,#1610,#1611,#1612,#1613,#1614,#1615,
#1616,#1617,#1618,#1619),(#1620,#1621,#1622,#1623,#1624,#1625,#1626,#1627,
#1628,#1629,#1630,#1631,#1632,#1633,#1634,#1635,#1636,#1637,#1638),(#1639,
#1640,#1641,#1642,#1643,#1644,#1645,#1646,#1647,#1648,#1649,#1650,#1651,
#1652,#1653,#1654,#1655,#1656,#1657),(#1658,#1659,#1660,#1661,#1662,#1663,
#1664,#1665,#1666,#1667,#1668,#1669,#1670,#1671,#1672,#1673,#1674,#1675,
#1676),(#1677,#1678,#1679,#1680,#1681,#1682,#1683,#1684,#1685,#1686,#1687,
#1688,#1689,#1690,#1691,#1692,#1693,#1694,#1695),(#1696,#1697,#1698,#1699,
#1700,#1701,#1702,#1703,#1704,#1705,#1706,#1707,#1708,#1709,#1710,#1711,
#1712,#1713,#1714)),.UNSPECIFIED.,.F.,.T.,.F.,(4,1,1,1,1,1,1,1,1,1,1,1,
1,1,1,1,1,4),(1,1,1,1,1,1,1,1,1,1,1,1,1,1,1,1,1,1,1,1,1,1,1),(3.25251845482936E-16,
0.072916666666667,0.125,0.1875,0.25,0.3125,0.375,0.4375,0.5,0.5625,0.625,
0.6875,0.75,0.8125,0.864583333333333,0.90625,0.9375,1.),(-1.17809724509617,
-0.785398163397448,-0.392699081698725,0.,0.392699081698724,0.785398163397448,
1.17809724509617,1.5707963267949,1.96349540849362,2.35619449019234,2.74889357189107,
3.14159265358979,3.53429173528852,3.92699081698724,4.31968989868597,4.71238898038469,
5.10508806208341,5.49778714378214,5.89048622548086,6.28318530717959,6.67588438887831,
7.06858347057703,7.46128255227576),.UNSPECIFIED.);
#338=B_SPLINE_SURFACE_WITH_KNOTS('',3,3,((#1717,#1718,#1719,#1720,#1721,
#1722,#1723,#1724,#1725,#1726,#1727,#1728,#1729,#1730,#1731,#1732,#1733,
#1734,#1735),(#1736,#1737,#1738,#1739,#1740,#1741,#1742,#1743,#1744,#1745,
#1746,#1747,#1748,#1749,#1750,#1751,#1752,#1753,#1754),(#1755,#1756,#1757,
#1758,#1759,#1760,#1761,#1762,#1763,#1764,#1765,#1766,#1767,#1768,#1769,
#1770,#1771,#1772,#1773),(#1774,#1775,#1776,#1777,#1778,#1779,#1780,#1781,
#1782,#1783,#1784,#1785,#1786,#1787,#1788,#1789,#1790,#1791,#1792)),
 .UNSPECIFIED.,.F.,.T.,.F.,(4,4),(1,1,1,1,1,1,1,1,1,1,1,1,1,1,1,1,1,1,1,
1,1,1,1),(0.,0.590236392082107),(-1.17809724509617,-0.785398163397448,-0.392699081698725,
0.,0.392699081698724,0.785398163397448,1.17809724509617,1.5707963267949,
1.96349540849362,2.35619449019234,2.74889357189107,3.14159265358979,3.53429173528852,
3.92699081698724,4.31968989868597,4.71238898038469,5.10508806208341,5.49778714378214,
5.89048622548086,6.28318530717959,6.67588438887831,7.06858347057703,7.46128255227576),
 .UNSPECIFIED.);
#339=B_SPLINE_SURFACE_WITH_KNOTS('',3,3,((#1795,#1796,#1797,#1798,#1799,
#1800,#1801,#1802,#1803,#1804,#1805,#1806,#1807,#1808,#1809,#1810,#1811,
#1812,#1813),(#1814,#1815,#1816,#1817,#1818,#1819,#1820,#1821,#1822,#1823,
#1824,#1825,#1826,#1827,#1828,#1829,#1830,#1831,#1832),(#1833,#1834,#1835,
#1836,#1837,#1838,#1839,#1840,#1841,#1842,#1843,#1844,#1845,#1846,#1847,
#1848,#1849,#1850,#1851),(#1852,#1853,#1854,#1855,#1856,#1857,#1858,#1859,
#1860,#1861,#1862,#1863,#1864,#1865,#1866,#1867,#1868,#1869,#1870)),
 .UNSPECIFIED.,.F.,.T.,.F.,(4,4),(1,1,1,1,1,1,1,1,1,1,1,1,1,1,1,1,1,1,1,
1,1,1,1),(2.4810307037719E-14,0.999999999999998),(-1.17809724509617,-0.785398163397448,
-0.392699081698725,0.,0.392699081698724,0.785398163397448,1.17809724509617,
1.5707963267949,1.96349540849362,2.35619449019234,2.74889357189107,3.14159265358979,
3.53429173528852,3.92699081698724,4.31968989868597,4.71238898038469,5.10508806208341,
5.49778714378214,5.89048622548086,6.28318530717959,6.67588438887831,7.06858347057703,
7.46128255227576),.UNSPECIFIED.);
#340=B_SPLINE_SURFACE_WITH_KNOTS('',3,3,((#1888,#1889,#1890,#1891,#1892,
#1893,#1894,#1895,#1896,#1897,#1898,#1899,#1900,#1901,#1902,#1903,#1904,
#1905,#1906),(#1907,#1908,#1909,#1910,#1911,#1912,#1913,#1914,#1915,#1916,
#1917,#1918,#1919,#1920,#1921,#1922,#1923,#1924,#1925),(#1926,#1927,#1928,
#1929,#1930,#1931,#1932,#1933,#1934,#1935,#1936,#1937,#1938,#1939,#1940,
#1941,#1942,#1943,#1944),(#1945,#1946,#1947,#1948,#1949,#1950,#1951,#1952,
#1953,#1954,#1955,#1956,#1957,#1958,#1959,#1960,#1961,#1962,#1963)),
 .UNSPECIFIED.,.F.,.T.,.F.,(4,4),(1,1,1,1,1,1,1,1,1,1,1,1,1,1,1,1,1,1,1,
1,1,1,1),(0.,0.842447077459081),(-1.17809724509617,-0.785398163397448,-0.392699081698725,
0.,0.392699081698724,0.785398163397448,1.17809724509617,1.5707963267949,
1.96349540849362,2.35619449019234,2.74889357189107,3.14159265358979,3.53429173528852,
3.92699081698724,4.31968989868597,4.71238898038469,5.10508806208341,5.49778714378214,
5.89048622548086,6.28318530717959,6.67588438887831,7.06858347057703,7.46128255227576),
 .UNSPECIFIED.);
#341=B_SPLINE_SURFACE_WITH_KNOTS('',3,3,((#1966,#1967,#1968,#1969,#1970,
#1971,#1972,#1973,#1974,#1975,#1976,#1977,#1978,#1979,#1980,#1981,#1982,
#1983,#1984),(#1985,#1986,#1987,#1988,#1989,#1990,#1991,#1992,#1993,#1994,
#1995,#1996,#1997,#1998,#1999,#2000,#2001,#2002,#2003),(#2004,#2005,#2006,
#2007,#2008,#2009,#2010,#2011,#2012,#2013,#2014,#2015,#2016,#2017,#2018,
#2019,#2020,#2021,#2022),(#2023,#2024,#2025,#2026,#2027,#2028,#2029,#2030,
#2031,#2032,#2033,#2034,#2035,#2036,#2037,#2038,#2039,#2040,#2041)),
 .UNSPECIFIED.,.F.,.T.,.F.,(4,4),(1,1,1,1,1,1,1,1,1,1,1,1,1,1,1,1,1,1,1,
1,1,1,1),(1.17915656137475E-15,0.690045871755145),(-1.17809724509617,-0.785398163397448,
-0.392699081698725,0.,0.392699081698724,0.785398163397448,1.17809724509617,
1.5707963267949,1.96349540849362,2.35619449019234,2.74889357189107,3.14159265358979,
3.53429173528852,3.92699081698724,4.31968989868597,4.71238898038469,5.10508806208341,
5.49778714378214,5.89048622548086,6.28318530717959,6.67588438887831,7.06858347057703,
7.46128255227576),.UNSPECIFIED.);
#342=B_SPLINE_SURFACE_WITH_KNOTS('',3,3,((#2053,#2054,#2055,#2056,#2057,
#2058,#2059,#2060,#2061,#2062,#2063,#2064,#2065,#2066,#2067,#2068,#2069,
#2070,#2071),(#2072,#2073,#2074,#2075,#2076,#2077,#2078,#2079,#2080,#2081,
#2082,#2083,#2084,#2085,#2086,#2087,#2088,#2089,#2090),(#2091,#2092,#2093,
#2094,#2095,#2096,#2097,#2098,#2099,#2100,#2101,#2102,#2103,#2104,#2105,
#2106,#2107,#2108,#2109),(#2110,#2111,#2112,#2113,#2114,#2115,#2116,#2117,
#2118,#2119,#2120,#2121,#2122,#2123,#2124,#2125,#2126,#2127,#2128)),
 .UNSPECIFIED.,.F.,.T.,.F.,(4,4),(1,1,1,1,1,1,1,1,1,1,1,1,1,1,1,1,1,1,1,
1,1,1,1),(0.,0.63370063586168),(-1.17809724509617,-0.785398163397448,-0.392699081698725,
0.,0.392699081698724,0.785398163397448,1.17809724509617,1.5707963267949,
1.96349540849362,2.35619449019234,2.74889357189107,3.14159265358979,3.53429173528852,
3.92699081698724,4.31968989868597,4.71238898038469,5.10508806208341,5.49778714378214,
5.89048622548086,6.28318530717959,6.67588438887831,7.06858347057703,7.46128255227576),
 .UNSPECIFIED.);
#343=B_SPLINE_SURFACE_WITH_KNOTS('',3,3,((#2140,#2141,#2142,#2143,#2144,
#2145,#2146,#2147,#2148,#2149,#2150,#2151,#2152,#2153,#2154,#2155,#2156,
#2157,#2158),(#2159,#2160,#2161,#2162,#2163,#2164,#2165,#2166,#2167,#2168,
#2169,#2170,#2171,#2172,#2173,#2174,#2175,#2176,#2177),(#2178,#2179,#2180,
#2181,#2182,#2183,#2184,#2185,#2186,#2187,#2188,#2189,#2190,#2191,#2192,
#2193,#2194,#2195,#2196),(#2197,#2198,#2199,#2200,#2201,#2202,#2203,#2204,
#2205,#2206,#2207,#2208,#2209,#2210,#2211,#2212,#2213,#2214,#2215)),
 .UNSPECIFIED.,.F.,.T.,.F.,(4,4),(1,1,1,1,1,1,1,1,1,1,1,1,1,1,1,1,1,1,1,
1,1,1,1),(0.,0.587073314496267),(-1.17809724509617,-0.785398163397448,-0.392699081698725,
0.,0.392699081698724,0.785398163397448,1.17809724509617,1.5707963267949,
1.96349540849362,2.35619449019234,2.74889357189107,3.14159265358979,3.53429173528852,
3.92699081698724,4.31968989868597,4.71238898038469,5.10508806208341,5.49778714378214,
5.89048622548086,6.28318530717959,6.67588438887831,7.06858347057703,7.46128255227576),
 .UNSPECIFIED.);
#344=B_SPLINE_SURFACE_WITH_KNOTS('',3,1,((#2217,#2218),(#2219,#2220),(#2221,
#2222),(#2223,#2224),(#2225,#2226),(#2227,#2228),(#2229,#2230),(#2231,#2232),
(#2233,#2234),(#2235,#2236),(#2237,#2238),(#2239,#2240),(#2241,#2242),(#2243,
#2244),(#2245,#2246),(#2247,#2248),(#2249,#2250)),
 .SURF_OF_LINEAR_EXTRUSION.,.F.,.F.,.F.,(4,1,1,1,1,1,1,1,1,1,1,1,1,1,4),
(2,2),(0.0764936991216848,0.186822311555867,0.241986617772959,0.29715092399005,
0.352315230207142,0.407479536424233,0.462643842641324,0.517808148858416,
0.572972455075507,0.628136761292598,0.68330106750969,0.738465373726781,
0.793629679943872,0.848793986160964,0.959122598595147),(0.,1.),
 .UNSPECIFIED.);
#345=ADVANCED_FACE('',(#270,#271),#331,.F.);
#346=ADVANCED_FACE('',(#272,#273),#332,.F.);
#347=ADVANCED_FACE('',(#274,#275),#333,.F.);
#348=ADVANCED_FACE('',(#276,#277),#334,.F.);
#349=ADVANCED_FACE('',(#278,#279),#24,.T.);
#350=ADVANCED_FACE('',(#280,#281),#15,.T.);
#351=ADVANCED_FACE('',(#282,#283),#335,.F.);
#352=ADVANCED_FACE('',(#284,#285),#336,.F.);
#353=ADVANCED_FACE('',(#286,#287),#16,.T.);
#354=ADVANCED_FACE('',(#288,#289),#25,.T.);
#355=ADVANCED_FACE('',(#290,#291),#17,.T.);
#356=ADVANCED_FACE('',(#292,#293),#337,.F.);
#357=ADVANCED_FACE('',(#294,#295),#338,.F.);
#358=ADVANCED_FACE('',(#296,#297),#339,.F.);
#359=ADVANCED_FACE('',(#298,#299),#18,.T.);
#360=ADVANCED_FACE('',(#300,#301),#26,.T.);
#361=ADVANCED_FACE('',(#302,#303),#19,.T.);
#362=ADVANCED_FACE('',(#304,#305),#27,.T.);
#363=ADVANCED_FACE('',(#306,#307),#20,.T.);
#364=ADVANCED_FACE('',(#308,#309),#340,.F.);
#365=ADVANCED_FACE('',(#310,#311),#341,.F.);
#366=ADVANCED_FACE('',(#312,#313),#28,.T.);
#367=ADVANCED_FACE('',(#314,#315),#29,.T.);
#368=ADVANCED_FACE('',(#316,#317),#21,.T.);
#369=ADVANCED_FACE('',(#318,#319),#342,.F.);
#370=ADVANCED_FACE('',(#320,#321),#22,.T.);
#371=ADVANCED_FACE('',(#322,#323),#14,.T.);
#372=ADVANCED_FACE('',(#324,#325),#23,.T.);
#373=ADVANCED_FACE('',(#326,#327),#343,.F.);
#374=ADVANCED_FACE('',(#328),#344,.F.);
#375=ADVANCED_FACE('',(#329),#12,.T.);
#376=ADVANCED_FACE('',(#330),#13,.T.);
#377=CLOSED_SHELL('',(#345,#346,#347,#348,#349,#350,#351,#352,#353,#354,
#355,#356,#357,#358,#359,#360,#361,#362,#363,#364,#365,#366,#367,#368,#369,
#370,#371,#372,#373,#374,#375,#376));
#378=STYLED_ITEM('',(#379),#386);
#379=PRESENTATION_STYLE_ASSIGNMENT((#380));
#380=SURFACE_STYLE_USAGE(.BOTH.,#381);
#381=SURFACE_SIDE_STYLE('',(#382));
#382=SURFACE_STYLE_FILL_AREA(#383);
#383=FILL_AREA_STYLE('',(#384));
#384=FILL_AREA_STYLE_COLOUR('',#385);
#385=COLOUR_RGB('',0.615686274509804,0.811764705882353,0.929411764705882);
#386=MANIFOLD_SOLID_BREP('Bishop Piece',#377);
#387=SHAPE_DEFINITION_REPRESENTATION(#2491,#388);
#388=SHAPE_REPRESENTATION('Bishop Piece',(#389),#2486);
#389=AXIS2_PLACEMENT_3D('',#524,#434,#435);
#390=AXIS2_PLACEMENT_3D('',#696,#436,#437);
#391=AXIS2_PLACEMENT_3D('',#698,#438,#439);
#392=AXIS2_PLACEMENT_3D('',#779,#440,#441);
#393=AXIS2_PLACEMENT_3D('',#1162,#442,#443);
#394=AXIS2_PLACEMENT_3D('',#1164,#444,#445);
#395=AXIS2_PLACEMENT_3D('',#1165,#446,#447);
#396=AXIS2_PLACEMENT_3D('',#1167,#448,#449);
#397=AXIS2_PLACEMENT_3D('',#1168,#450,#451);
#398=AXIS2_PLACEMENT_3D('',#1246,#452,#453);
#399=AXIS2_PLACEMENT_3D('',#1324,#454,#455);
#400=AXIS2_PLACEMENT_3D('',#1326,#456,#457);
#401=AXIS2_PLACEMENT_3D('',#1327,#458,#459);
#402=AXIS2_PLACEMENT_3D('',#1329,#460,#461);
#403=AXIS2_PLACEMENT_3D('',#1330,#462,#463);
#404=AXIS2_PLACEMENT_3D('',#1332,#464,#465);
#405=AXIS2_PLACEMENT_3D('',#1333,#466,#467);
#406=AXIS2_PLACEMENT_3D('',#1715,#468,#469);
#407=AXIS2_PLACEMENT_3D('',#1793,#470,#471);
#408=AXIS2_PLACEMENT_3D('',#1871,#472,#473);
#409=AXIS2_PLACEMENT_3D('',#1873,#474,#475);
#410=AXIS2_PLACEMENT_3D('',#1874,#476,#477);
#411=AXIS2_PLACEMENT_3D('',#1876,#478,#479);
#412=AXIS2_PLACEMENT_3D('',#1877,#480,#481);
#413=AXIS2_PLACEMENT_3D('',#1879,#482,#483);
#414=AXIS2_PLACEMENT_3D('',#1880,#484,#485);
#415=AXIS2_PLACEMENT_3D('',#1882,#486,#487);
#416=AXIS2_PLACEMENT_3D('',#1883,#488,#489);
#417=AXIS2_PLACEMENT_3D('',#1885,#490,#491);
#418=AXIS2_PLACEMENT_3D('',#1886,#492,#493);
#419=AXIS2_PLACEMENT_3D('',#1964,#494,#495);
#420=AXIS2_PLACEMENT_3D('',#2042,#496,#497);
#421=AXIS2_PLACEMENT_3D('',#2044,#498,#499);
#422=AXIS2_PLACEMENT_3D('',#2045,#500,#501);
#423=AXIS2_PLACEMENT_3D('',#2047,#502,#503);
#424=AXIS2_PLACEMENT_3D('',#2048,#504,#505);
#425=AXIS2_PLACEMENT_3D('',#2050,#506,#507);
#426=AXIS2_PLACEMENT_3D('',#2051,#508,#509);
#427=AXIS2_PLACEMENT_3D('',#2129,#510,#511);
#428=AXIS2_PLACEMENT_3D('',#2131,#512,#513);
#429=AXIS2_PLACEMENT_3D('',#2132,#514,#515);
#430=AXIS2_PLACEMENT_3D('',#2134,#516,#517);
#431=AXIS2_PLACEMENT_3D('',#2135,#518,#519);
#432=AXIS2_PLACEMENT_3D('',#2137,#520,#521);
#433=AXIS2_PLACEMENT_3D('',#2138,#522,#523);
#434=DIRECTION('',(0.,0.,1.));
#435=DIRECTION('',(1.,0.,0.));
#436=DIRECTION('',(0.,0.,1.));
#437=DIRECTION('',(1.,0.,0.));
#438=DIRECTION('',(0.,0.,1.));
#439=DIRECTION('',(1.,0.,0.));
#440=DIRECTION('',(0.,0.,1.));
#441=DIRECTION('',(1.,0.,0.));
#442=DIRECTION('',(0.,0.,1.));
#443=DIRECTION('',(1.,0.,0.));
#444=DIRECTION('',(0.,0.,1.));
#445=DIRECTION('',(1.,0.,0.));
#446=DIRECTION('',(0.,0.,1.));
#447=DIRECTION('',(1.,0.,0.));
#448=DIRECTION('',(0.,0.,1.));
#449=DIRECTION('',(1.,0.,0.));
#450=DIRECTION('',(0.,0.,1.));
#451=DIRECTION('',(1.,0.,0.));
#452=DIRECTION('',(0.,0.,1.));
#453=DIRECTION('',(1.,0.,0.));
#454=DIRECTION('',(0.,0.,1.));
#455=DIRECTION('',(1.,0.,0.));
#456=DIRECTION('',(0.,0.,1.));
#457=DIRECTION('',(1.,0.,0.));
#458=DIRECTION('',(0.,0.,1.));
#459=DIRECTION('',(1.,0.,0.));
#460=DIRECTION('',(0.,0.,-1.));
#461=DIRECTION('',(-1.,0.,0.));
#462=DIRECTION('',(0.,0.,1.));
#463=DIRECTION('',(1.,0.,0.));
#464=DIRECTION('',(0.,0.,1.));
#465=DIRECTION('',(1.,0.,0.));
#466=DIRECTION('',(0.,0.,1.));
#467=DIRECTION('',(1.,0.,0.));
#468=DIRECTION('',(0.,0.,1.));
#469=DIRECTION('',(1.,0.,0.));
#470=DIRECTION('',(0.,0.,1.));
#471=DIRECTION('',(1.,0.,0.));
#472=DIRECTION('',(0.,0.,1.));
#473=DIRECTION('',(1.,0.,0.));
#474=DIRECTION('',(0.,0.,1.));
#475=DIRECTION('',(1.,0.,0.));
#476=DIRECTION('',(0.,0.,1.));
#477=DIRECTION('',(1.,0.,0.));
#478=DIRECTION('',(0.,0.,-1.));
#479=DIRECTION('',(-1.,0.,0.));
#480=DIRECTION('',(0.,0.,1.));
#481=DIRECTION('',(1.,0.,0.));
#482=DIRECTION('',(0.,0.,1.));
#483=DIRECTION('',(1.,0.,0.));
#484=DIRECTION('',(0.,0.,1.));
#485=DIRECTION('',(1.,0.,0.));
#486=DIRECTION('',(0.,0.,1.));
#487=DIRECTION('',(1.,0.,0.));
#488=DIRECTION('',(0.,0.,1.));
#489=DIRECTION('',(1.,0.,0.));
#490=DIRECTION('',(0.,0.,1.));
#491=DIRECTION('',(1.,0.,0.));
#492=DIRECTION('',(0.,0.,1.));
#493=DIRECTION('',(1.,0.,0.));
#494=DIRECTION('',(0.,0.,1.));
#495=DIRECTION('',(1.,0.,0.));
#496=DIRECTION('',(0.,0.,1.));
#497=DIRECTION('',(1.,0.,0.));
#498=DIRECTION('',(0.,0.,-1.));
#499=DIRECTION('',(-1.,0.,0.));
#500=DIRECTION('',(0.,0.,1.));
#501=DIRECTION('',(1.,0.,0.));
#502=DIRECTION('',(0.,0.,-1.));
#503=DIRECTION('',(-1.,0.,0.));
#504=DIRECTION('',(0.,0.,1.));
#505=DIRECTION('',(1.,0.,0.));
#506=DIRECTION('',(0.,0.,1.));
#507=DIRECTION('',(1.,0.,0.));
#508=DIRECTION('',(0.,0.,1.));
#509=DIRECTION('',(1.,0.,0.));
#510=DIRECTION('',(0.,0.,1.));
#511=DIRECTION('',(1.,0.,0.));
#512=DIRECTION('',(0.,0.,1.));
#513=DIRECTION('',(1.,0.,0.));
#514=DIRECTION('',(0.,0.,1.));
#515=DIRECTION('',(1.,0.,0.));
#516=DIRECTION('',(0.,0.,1.));
#517=DIRECTION('',(-1.,0.,0.));
#518=DIRECTION('',(0.,0.,1.));
#519=DIRECTION('',(1.,0.,0.));
#520=DIRECTION('',(0.,0.,1.));
#521=DIRECTION('',(1.,0.,0.));
#522=DIRECTION('',(0.,0.,1.));
#523=DIRECTION('',(1.,0.,0.));
#524=CARTESIAN_POINT('',(0.,0.,0.));
#525=CARTESIAN_POINT('',(0.0252233272706484,0.00192968034091409,0.0511095151305199));
#526=CARTESIAN_POINT('',(0.0248394899857511,3.74049749507499E-18,0.0511095151305199));
#527=CARTESIAN_POINT('',(0.0252233272706484,-0.0019296803409141,0.0511095151305199));
#528=CARTESIAN_POINT('',(0.026316403378208,-0.00356558434251987,0.0511095151305199));
#529=CARTESIAN_POINT('',(0.0279523073798138,-0.00465866045007955,0.0511095151305199));
#530=CARTESIAN_POINT('',(0.0298819877207279,-0.00504249773497676,0.0511095151305199));
#531=CARTESIAN_POINT('',(0.031811668061642,-0.00465866045007955,0.0511095151305199));
#532=CARTESIAN_POINT('',(0.0334475720632478,-0.00356558434251987,0.0511095151305199));
#533=CARTESIAN_POINT('',(0.0345406481708075,-0.0019296803409141,0.0511095151305199));
#534=CARTESIAN_POINT('',(0.0349244854557047,-6.73768387426493E-19,0.0511095151305199));
#535=CARTESIAN_POINT('',(0.0345406481708075,0.0019296803409141,0.0511095151305199));
#536=CARTESIAN_POINT('',(0.0334475720632478,0.00356558434251987,0.0511095151305199));
#537=CARTESIAN_POINT('',(0.031811668061642,0.00465866045007955,0.0511095151305199));
#538=CARTESIAN_POINT('',(0.0298819877207279,0.00504249773497676,0.0511095151305199));
#539=CARTESIAN_POINT('',(0.0279523073798138,0.00465866045007955,0.0511095151305199));
#540=CARTESIAN_POINT('',(0.026316403378208,0.00356558434251987,0.0511095151305199));
#541=CARTESIAN_POINT('',(0.0252233272706484,0.00192968034091409,0.0511095151305199));
#542=CARTESIAN_POINT('',(0.0248394899857511,3.74049749507499E-18,0.0511095151305199));
#543=CARTESIAN_POINT('',(0.0252233272706484,-0.0019296803409141,0.0511095151305199));
#544=CARTESIAN_POINT('',(0.0253300447291487,0.00188547652226127,0.0513058963647586));
#545=CARTESIAN_POINT('',(0.0249550001304669,3.52365706057789E-18,0.0513058963647586));
#546=CARTESIAN_POINT('',(0.0253300447291487,-0.00188547652226128,0.0513058963647586));
#547=CARTESIAN_POINT('',(0.0263980813848324,-0.00348390633589552,0.0513058963647586));
#548=CARTESIAN_POINT('',(0.0279965111984666,-0.00455194299157925,0.0513058963647586));
#549=CARTESIAN_POINT('',(0.0298819877207279,-0.004926987590261,0.0513058963647586));
#550=CARTESIAN_POINT('',(0.0317674642429892,-0.00455194299157925,0.0513058963647586));
#551=CARTESIAN_POINT('',(0.0333658940566234,-0.00348390633589552,0.0513058963647586));
#552=CARTESIAN_POINT('',(0.0344339307123072,-0.00188547652226128,0.0513058963647586));
#553=CARTESIAN_POINT('',(0.0348089753109889,-5.37329908469546E-19,0.0513058963647586));
#554=CARTESIAN_POINT('',(0.0344339307123072,0.00188547652226128,0.0513058963647586));
#555=CARTESIAN_POINT('',(0.0333658940566234,0.00348390633589552,0.0513058963647586));
#556=CARTESIAN_POINT('',(0.0317674642429892,0.00455194299157925,0.0513058963647586));
#557=CARTESIAN_POINT('',(0.0298819877207279,0.00492698759026101,0.0513058963647586));
#558=CARTESIAN_POINT('',(0.0279965111984666,0.00455194299157925,0.0513058963647586));
#559=CARTESIAN_POINT('',(0.0263980813848324,0.00348390633589552,0.0513058963647586));
#560=CARTESIAN_POINT('',(0.0253300447291487,0.00188547652226127,0.0513058963647586));
#561=CARTESIAN_POINT('',(0.0249550001304669,3.52365706057789E-18,0.0513058963647586));
#562=CARTESIAN_POINT('',(0.0253300447291487,-0.00188547652226128,0.0513058963647586));
#563=CARTESIAN_POINT('',(0.0254866044649526,0.00182062735636974,0.0515969049254115));
#564=CARTESIAN_POINT('',(0.0251244591673809,3.84891771232354E-18,0.0515969049254115));
#565=CARTESIAN_POINT('',(0.0254866044649526,-0.00182062735636975,0.0515969049254114));
#566=CARTESIAN_POINT('',(0.0265179070189676,-0.00336408070176029,0.0515969049254115));
#567=CARTESIAN_POINT('',(0.0280613603643582,-0.00439538325577533,0.0515969049254115));
#568=CARTESIAN_POINT('',(0.0298819877207279,-0.004757528553347,0.0515969049254114));
#569=CARTESIAN_POINT('',(0.0317026150770977,-0.00439538325577533,0.0515969049254115));
#570=CARTESIAN_POINT('',(0.0332460684224882,-0.00336408070176029,0.0515969049254115));
#571=CARTESIAN_POINT('',(0.0342773709765032,-0.00182062735636975,0.0515969049254115));
#572=CARTESIAN_POINT('',(0.0346395162740749,-9.8398096946858E-19,0.0515969049254114));
#573=CARTESIAN_POINT('',(0.0342773709765032,0.00182062735636975,0.0515969049254115));
#574=CARTESIAN_POINT('',(0.0332460684224882,0.00336408070176029,0.0515969049254115));
#575=CARTESIAN_POINT('',(0.0317026150770976,0.00439538325577533,0.0515969049254115));
#576=CARTESIAN_POINT('',(0.0298819877207279,0.004757528553347,0.0515969049254115));
#577=CARTESIAN_POINT('',(0.0280613603643582,0.00439538325577533,0.0515969049254115));
#578=CARTESIAN_POINT('',(0.0265179070189676,0.00336408070176029,0.0515969049254115));
#579=CARTESIAN_POINT('',(0.0254866044649526,0.00182062735636974,0.0515969049254115));
#580=CARTESIAN_POINT('',(0.0251244591673809,3.84891771232354E-18,0.0515969049254115));
#581=CARTESIAN_POINT('',(0.0254866044649526,-0.00182062735636975,0.0515969049254114));
#582=CARTESIAN_POINT('',(0.0259434149938979,0.00163141023984576,0.0521913485435471));
#583=CARTESIAN_POINT('',(0.0256189073209228,3.19839640883224E-18,0.052191348543547));
#584=CARTESIAN_POINT('',(0.0259434149938979,-0.00163141023984577,0.052191348543547));
#585=CARTESIAN_POINT('',(0.0268675346612822,-0.00301445305944567,0.052191348543547));
#586=CARTESIAN_POINT('',(0.0282505774808821,-0.00393857272683,0.052191348543547));
#587=CARTESIAN_POINT('',(0.0298819877207279,-0.00426308039980513,0.052191348543547));
#588=CARTESIAN_POINT('',(0.0315133979605737,-0.00393857272683,0.052191348543547));
#589=CARTESIAN_POINT('',(0.0328964407801736,-0.00301445305944567,0.052191348543547));
#590=CARTESIAN_POINT('',(0.0338205604475579,-0.00163141023984577,0.052191348543547));
#591=CARTESIAN_POINT('',(0.0341450681205331,-8.2503325168284E-19,0.052191348543547));
#592=CARTESIAN_POINT('',(0.0338205604475579,0.00163141023984577,0.052191348543547));
#593=CARTESIAN_POINT('',(0.0328964407801736,0.00301445305944567,0.052191348543547));
#594=CARTESIAN_POINT('',(0.0315133979605737,0.00393857272683,0.052191348543547));
#595=CARTESIAN_POINT('',(0.0298819877207279,0.00426308039980514,0.052191348543547));
#596=CARTESIAN_POINT('',(0.0282505774808821,0.00393857272683,0.0521913485435471));
#597=CARTESIAN_POINT('',(0.0268675346612822,0.00301445305944567,0.052191348543547));
#598=CARTESIAN_POINT('',(0.0259434149938979,0.00163141023984576,0.0521913485435471));
#599=CARTESIAN_POINT('',(0.0256189073209228,3.19839640883224E-18,0.052191348543547));
#600=CARTESIAN_POINT('',(0.0259434149938979,-0.00163141023984577,0.052191348543547));
#601=CARTESIAN_POINT('',(0.026376480128421,0.00145202878773537,0.0526954218227951));
#602=CARTESIAN_POINT('',(0.0260876536447491,2.57498015965307E-18,0.0526954218227951));
#603=CARTESIAN_POINT('',(0.026376480128421,-0.00145202878773537,0.0526954218227951));
#604=CARTESIAN_POINT('',(0.0271989883655161,-0.00268299935521178,0.0526954218227951));
#605=CARTESIAN_POINT('',(0.0284299589329925,-0.0035055075923069,0.0526954218227951));
#606=CARTESIAN_POINT('',(0.0298819877207279,-0.00379433407597876,0.0526954218227951));
#607=CARTESIAN_POINT('',(0.0313340165084633,-0.0035055075923069,0.0526954218227951));
#608=CARTESIAN_POINT('',(0.0325649870759397,-0.00268299935521178,0.0526954218227951));
#609=CARTESIAN_POINT('',(0.0333874953130348,-0.00145202878773537,0.0526954218227951));
#610=CARTESIAN_POINT('',(0.0336763217967067,-2.99391405268668E-19,0.0526954218227951));
#611=CARTESIAN_POINT('',(0.0333874953130348,0.00145202878773537,0.0526954218227951));
#612=CARTESIAN_POINT('',(0.0325649870759397,0.00268299935521178,0.0526954218227951));
#613=CARTESIAN_POINT('',(0.0313340165084633,0.0035055075923069,0.0526954218227951));
#614=CARTESIAN_POINT('',(0.0298819877207279,0.00379433407597876,0.0526954218227951));
#615=CARTESIAN_POINT('',(0.0284299589329925,0.0035055075923069,0.0526954218227951));
#616=CARTESIAN_POINT('',(0.0271989883655161,0.00268299935521177,0.0526954218227951));
#617=CARTESIAN_POINT('',(0.026376480128421,0.00145202878773537,0.0526954218227951));
#618=CARTESIAN_POINT('',(0.0260876536447491,2.57498015965307E-18,0.0526954218227951));
#619=CARTESIAN_POINT('',(0.026376480128421,-0.00145202878773537,0.0526954218227951));
#620=CARTESIAN_POINT('',(0.0268306995840907,0.00126388492890327,0.053177739845147));
#621=CARTESIAN_POINT('',(0.026579297240787,2.57498015965307E-18,0.0531777398451469));
#622=CARTESIAN_POINT('',(0.0268306995840907,-0.00126388492890328,0.0531777398451469));
#623=CARTESIAN_POINT('',(0.0275466328862015,-0.00233535483452644,0.0531777398451469));
#624=CARTESIAN_POINT('',(0.0286181027918246,-0.00305128813663724,0.0531777398451469));
#625=CARTESIAN_POINT('',(0.0298819877207279,-0.00330269047994086,0.0531777398451469));
#626=CARTESIAN_POINT('',(0.0311458726496312,-0.00305128813663724,0.0531777398451469));
#627=CARTESIAN_POINT('',(0.0322173425552543,-0.00233535483452644,0.0531777398451469));
#628=CARTESIAN_POINT('',(0.0329332758573651,-0.00126388492890328,0.0531777398451469));
#629=CARTESIAN_POINT('',(0.0331846782006688,-4.86600575862894E-19,0.0531777398451469));
#630=CARTESIAN_POINT('',(0.0329332758573651,0.00126388492890327,0.0531777398451469));
#631=CARTESIAN_POINT('',(0.0322173425552543,0.00233535483452644,0.0531777398451469));
#632=CARTESIAN_POINT('',(0.0311458726496312,0.00305128813663724,0.0531777398451469));
#633=CARTESIAN_POINT('',(0.0298819877207279,0.00330269047994086,0.0531777398451469));
#634=CARTESIAN_POINT('',(0.0286181027918246,0.00305128813663724,0.0531777398451469));
#635=CARTESIAN_POINT('',(0.0275466328862015,0.00233535483452644,0.0531777398451469));
#636=CARTESIAN_POINT('',(0.0268306995840907,0.00126388492890327,0.053177739845147));
#637=CARTESIAN_POINT('',(0.026579297240787,2.57498015965307E-18,0.0531777398451469));
#638=CARTESIAN_POINT('',(0.0268306995840907,-0.00126388492890328,0.0531777398451469));
#639=CARTESIAN_POINT('',(0.0273730374836694,0.00103924121550883,0.0536809070393411));
#640=CARTESIAN_POINT('',(0.027166319553214,1.92445885616177E-18,0.0536809070393411));
#641=CARTESIAN_POINT('',(0.0273730374836694,-0.00103924121550883,0.0536809070393411));
#642=CARTESIAN_POINT('',(0.0279617203440264,-0.00192026737670152,0.0536809070393411));
#643=CARTESIAN_POINT('',(0.0288427465052191,-0.00250895023705852,0.0536809070393411));
#644=CARTESIAN_POINT('',(0.0298819877207279,-0.0027156681675139,0.0536809070393411));
#645=CARTESIAN_POINT('',(0.0309212289362367,-0.00250895023705852,0.0536809070393411));
#646=CARTESIAN_POINT('',(0.0318022550974294,-0.00192026737670152,0.0536809070393411));
#647=CARTESIAN_POINT('',(0.0323909379577864,-0.00103924121550883,0.0536809070393411));
#648=CARTESIAN_POINT('',(0.0325976558882418,-4.61876147353684E-19,0.0536809070393411));
#649=CARTESIAN_POINT('',(0.0323909379577864,0.00103924121550883,0.0536809070393411));
#650=CARTESIAN_POINT('',(0.0318022550974294,0.00192026737670152,0.0536809070393411));
#651=CARTESIAN_POINT('',(0.0309212289362367,0.00250895023705852,0.0536809070393411));
#652=CARTESIAN_POINT('',(0.0298819877207279,0.0027156681675139,0.0536809070393411));
#653=CARTESIAN_POINT('',(0.0288427465052191,0.00250895023705852,0.0536809070393411));
#654=CARTESIAN_POINT('',(0.0279617203440264,0.00192026737670152,0.0536809070393411));
#655=CARTESIAN_POINT('',(0.0273730374836694,0.00103924121550883,0.0536809070393411));
#656=CARTESIAN_POINT('',(0.027166319553214,1.92445885616177E-18,0.0536809070393411));
#657=CARTESIAN_POINT('',(0.0273730374836694,-0.00103924121550883,0.0536809070393411));
#658=CARTESIAN_POINT('',(0.0276564136790191,0.000921862952141306,0.0538481588984153));
#659=CARTESIAN_POINT('',(0.027473043736809,1.80248611175715E-18,0.0538481588984153));
#660=CARTESIAN_POINT('',(0.0276564136790191,-0.000921862952141311,0.0538481588984153));
#661=CARTESIAN_POINT('',(0.0281786070942003,-0.00170338062652758,0.0538481588984153));
#662=CARTESIAN_POINT('',(0.0289601247685866,-0.00222557404170885,0.0538481588984153));
#663=CARTESIAN_POINT('',(0.0298819877207279,-0.00240894398391888,0.0538481588984153));
#664=CARTESIAN_POINT('',(0.0308038506728692,-0.00222557404170885,0.0538481588984153));
#665=CARTESIAN_POINT('',(0.0315853683472555,-0.00170338062652758,0.0538481588984153));
#666=CARTESIAN_POINT('',(0.0321075617624368,-0.00092186295214131,0.0538481588984153));
#667=CARTESIAN_POINT('',(0.0322909317046468,-2.8241765909908E-19,0.0538481588984153));
#668=CARTESIAN_POINT('',(0.0321075617624367,0.00092186295214131,0.0538481588984153));
#669=CARTESIAN_POINT('',(0.0315853683472555,0.00170338062652758,0.0538481588984153));
#670=CARTESIAN_POINT('',(0.0308038506728692,0.00222557404170885,0.0538481588984153));
#671=CARTESIAN_POINT('',(0.0298819877207279,0.00240894398391888,0.0538481588984153));
#672=CARTESIAN_POINT('',(0.0289601247685866,0.00222557404170885,0.0538481588984153));
#673=CARTESIAN_POINT('',(0.0281786070942003,0.00170338062652758,0.0538481588984153));
#674=CARTESIAN_POINT('',(0.0276564136790191,0.000921862952141306,0.0538481588984153));
#675=CARTESIAN_POINT('',(0.027473043736809,1.80248611175715E-18,0.0538481588984153));
#676=CARTESIAN_POINT('',(0.0276564136790191,-0.000921862952141311,0.0538481588984153));
#677=CARTESIAN_POINT('',(0.0278474062993839,0.000842751218473007,0.0539625287055969));
#678=CARTESIAN_POINT('',(0.0276797726594053,1.51788304147971E-18,0.0539625287055969));
#679=CARTESIAN_POINT('',(0.0278474062993839,-0.000842751218473011,0.0539625287055969));
#680=CARTESIAN_POINT('',(0.0283247865172356,-0.00155720120349233,0.0539625287055969));
#681=CARTESIAN_POINT('',(0.0290392365022549,-0.00203458142134399,0.0539625287055969));
#682=CARTESIAN_POINT('',(0.0298819877207279,-0.00220221506132255,0.0539625287055969));
#683=CARTESIAN_POINT('',(0.0307247389392009,-0.00203458142134399,0.0539625287055969));
#684=CARTESIAN_POINT('',(0.0314391889242202,-0.00155720120349233,0.0539625287055969));
#685=CARTESIAN_POINT('',(0.0319165691420719,-0.000842751218473011,0.0539625287055969));
#686=CARTESIAN_POINT('',(0.0320842027820505,-3.42327042143845E-19,0.0539625287055969));
#687=CARTESIAN_POINT('',(0.0319165691420719,0.000842751218473011,0.0539625287055969));
#688=CARTESIAN_POINT('',(0.0314391889242202,0.00155720120349233,0.0539625287055969));
#689=CARTESIAN_POINT('',(0.0307247389392009,0.00203458142134399,0.0539625287055969));
#690=CARTESIAN_POINT('',(0.0298819877207279,0.00220221506132255,0.0539625287055969));
#691=CARTESIAN_POINT('',(0.0290392365022549,0.002034581421344,0.0539625287055969));
#692=CARTESIAN_POINT('',(0.0283247865172356,0.00155720120349232,0.0539625287055969));
#693=CARTESIAN_POINT('',(0.0278474062993839,0.000842751218473007,0.0539625287055969));
#694=CARTESIAN_POINT('',(0.0276797726594053,1.51788304147971E-18,0.0539625287055969));
#695=CARTESIAN_POINT('',(0.0278474062993839,-0.000842751218473011,0.0539625287055969));
#696=CARTESIAN_POINT('',(0.0298819877207279,0.,0.0539625287055969));
#697=CARTESIAN_POINT('',(0.0320283249020576,0.,0.0539625287055969));
#698=CARTESIAN_POINT('',(0.0298819877207279,0.,0.0511095151305199));
#699=CARTESIAN_POINT('',(0.0288037157851397,-0.00479480455614469,0.0511095151305199));
#700=CARTESIAN_POINT('',(0.0288037157851397,0.00479480455614469,0.0511095151305199));
#701=CARTESIAN_POINT('',(0.0288037157851397,0.00479480455614469,0.0511095151305199));
#702=CARTESIAN_POINT('',(0.0285404344079684,0.00454065683706241,0.0514420633712964));
#703=CARTESIAN_POINT('',(0.0281122637261259,0.0039259446151065,0.0520872755062069));
#704=CARTESIAN_POINT('',(0.0275169582685725,0.00278438729112196,0.0528105440491847));
#705=CARTESIAN_POINT('',(0.0270925096708884,0.0014683288572043,0.0533335881106411));
#706=CARTESIAN_POINT('',(0.0269466785461944,-2.92879532481612E-6,0.0535313217705603));
#707=CARTESIAN_POINT('',(0.0270933852065244,-0.00147247431536689,0.053332449662489));
#708=CARTESIAN_POINT('',(0.0275194737797372,-0.00279110599985273,0.0528075607806156));
#709=CARTESIAN_POINT('',(0.0281173690075249,-0.00393364725845565,0.0520804518145148));
#710=CARTESIAN_POINT('',(0.0285404344076864,-0.00454065683710898,0.0514420633711088));
#711=CARTESIAN_POINT('',(0.0288037157851397,-0.00479480455614469,0.0511095151305199));
#712=CARTESIAN_POINT('',(0.0286614315280578,0.00122055619267008,0.0561563707888126));
#713=CARTESIAN_POINT('',(0.0281558605994154,3.25260651745651E-19,0.0561563707888126));
#714=CARTESIAN_POINT('',(0.0286614315280578,-0.00122055619267009,0.0561563707888126));
#715=CARTESIAN_POINT('',(0.0298819877207279,-0.0017261271213125,0.0561563707888126));
#716=CARTESIAN_POINT('',(0.031102543913398,-0.00122055619267009,0.0561563707888126));
#717=CARTESIAN_POINT('',(0.0316081148420404,-1.8422966602781E-19,0.0561563707888126));
#718=CARTESIAN_POINT('',(0.031102543913398,0.00122055619267009,0.0561563707888126));
#719=CARTESIAN_POINT('',(0.0298819877207279,0.00172612712131251,0.0561563707888126));
#720=CARTESIAN_POINT('',(0.0286614315280578,0.00122055619267008,0.0561563707888126));
#721=CARTESIAN_POINT('',(0.0281558605994154,3.25260651745651E-19,0.0561563707888126));
#722=CARTESIAN_POINT('',(0.0286614315280578,-0.00122055619267009,0.0561563707888126));
#723=CARTESIAN_POINT('',(0.0288508029839197,0.00103118473680825,0.0562101349894608));
#724=CARTESIAN_POINT('',(0.0284236722806215,2.71050543121376E-19,0.0562101349894608));
#725=CARTESIAN_POINT('',(0.0288508029839197,-0.00103118473680825,0.0562101349894608));
#726=CARTESIAN_POINT('',(0.0298819877207279,-0.00145831544010635,0.0562101349894608));
#727=CARTESIAN_POINT('',(0.0309131724575361,-0.00103118473680825,0.0562101349894608));
#728=CARTESIAN_POINT('',(0.0313403031608343,-1.27901975035399E-19,0.0562101349894608));
#729=CARTESIAN_POINT('',(0.0309131724575361,0.00103118473680825,0.0562101349894608));
#730=CARTESIAN_POINT('',(0.0298819877207279,0.00145831544010636,0.0562101349894608));
#731=CARTESIAN_POINT('',(0.0288508029839197,0.00103118473680825,0.0562101349894608));
#732=CARTESIAN_POINT('',(0.0284236722806215,2.71050543121376E-19,0.0562101349894608));
#733=CARTESIAN_POINT('',(0.0288508029839197,-0.00103118473680825,0.0562101349894608));
#734=CARTESIAN_POINT('',(0.0291500204028803,0.000731967317847562,0.0562684026020018));
#735=CARTESIAN_POINT('',(0.028846829612614,2.03287907341032E-19,0.0562684026020018));
#736=CARTESIAN_POINT('',(0.0291500204028803,-0.000731967317847563,0.0562684026020018));
#737=CARTESIAN_POINT('',(0.0298819877207279,-0.00103515810811388,0.0562684026020018));
#738=CARTESIAN_POINT('',(0.0306139550385755,-0.000731967317847563,0.0562684026020018));
#739=CARTESIAN_POINT('',(0.0309171458288418,-2.08793621498185E-19,0.0562684026020018));
#740=CARTESIAN_POINT('',(0.0306139550385755,0.000731967317847563,0.0562684026020018));
#741=CARTESIAN_POINT('',(0.0298819877207279,0.00103515810811388,0.0562684026020018));
#742=CARTESIAN_POINT('',(0.0291500204028803,0.000731967317847562,0.0562684026020018));
#743=CARTESIAN_POINT('',(0.028846829612614,2.03287907341032E-19,0.0562684026020018));
#744=CARTESIAN_POINT('',(0.0291500204028803,-0.000731967317847563,0.0562684026020018));
#745=CARTESIAN_POINT('',(0.0297050369293233,0.000176950791404649,0.0560826571642372));
#746=CARTESIAN_POINT('',(0.0296317415116508,1.35525271560688E-20,0.0560826571642372));
#747=CARTESIAN_POINT('',(0.0297050369293233,-0.000176950791404649,0.0560826571642372));
#748=CARTESIAN_POINT('',(0.0298819877207279,-0.000250246209077107,0.0560826571642372));
#749=CARTESIAN_POINT('',(0.0300589385121325,-0.000176950791404649,0.0560826571642372));
#750=CARTESIAN_POINT('',(0.030132233929805,-7.51741740688192E-21,0.0560826571642372));
#751=CARTESIAN_POINT('',(0.0300589385121326,0.000176950791404649,0.0560826571642372));
#752=CARTESIAN_POINT('',(0.0298819877207279,0.000250246209077107,0.0560826571642372));
#753=CARTESIAN_POINT('',(0.0297050369293233,0.000176950791404649,0.0560826571642372));
#754=CARTESIAN_POINT('',(0.0296317415116508,1.35525271560688E-20,0.0560826571642372));
#755=CARTESIAN_POINT('',(0.0297050369293233,-0.000176950791404649,0.0560826571642372));
#756=CARTESIAN_POINT('',(0.0298309093788299,5.10783418979772E-5,0.0559030024893645));
#757=CARTESIAN_POINT('',(0.0298097520368723,2.11758236813575E-20,0.0559030024893645));
#758=CARTESIAN_POINT('',(0.0298309093788299,-5.10783418979773E-5,0.0559030024893645));
#759=CARTESIAN_POINT('',(0.0298819877207279,-7.22356838556493E-5,0.0559030024893645));
#760=CARTESIAN_POINT('',(0.0299330660626259,-5.10783418979772E-5,0.0559030024893645));
#761=CARTESIAN_POINT('',(0.0299542234045836,-1.70068333940902E-20,0.0559030024893645));
#762=CARTESIAN_POINT('',(0.0299330660626259,5.10783418979773E-5,0.0559030024893645));
#763=CARTESIAN_POINT('',(0.0298819877207279,7.22356838556493E-5,0.0559030024893645));
#764=CARTESIAN_POINT('',(0.0298309093788299,5.10783418979772E-5,0.0559030024893645));
#765=CARTESIAN_POINT('',(0.0298097520368723,2.11758236813575E-20,0.0559030024893645));
#766=CARTESIAN_POINT('',(0.0298309093788299,-5.10783418979773E-5,0.0559030024893645));
#767=CARTESIAN_POINT('',(0.0298819877207279,0.,0.0557934604585171));
#768=CARTESIAN_POINT('',(0.0298819877207279,0.,0.0557934604585171));
#769=CARTESIAN_POINT('',(0.0298819877207279,0.,0.0557934604585171));
#770=CARTESIAN_POINT('',(0.0298819877207279,0.,0.0557934604585171));
#771=CARTESIAN_POINT('',(0.0298819877207279,0.,0.0557934604585171));
#772=CARTESIAN_POINT('',(0.0298819877207279,0.,0.0557934604585171));
#773=CARTESIAN_POINT('',(0.0298819877207279,0.,0.0557934604585171));
#774=CARTESIAN_POINT('',(0.0298819877207279,0.,0.0557934604585171));
#775=CARTESIAN_POINT('',(0.0298819877207279,0.,0.0557934604585171));
#776=CARTESIAN_POINT('',(0.0298819877207279,0.,0.0557934604585171));
#777=CARTESIAN_POINT('',(0.0298819877207279,0.,0.0557934604585171));
#778=CARTESIAN_POINT('',(0.0298819877207279,0.,0.0557934604585171));
#779=CARTESIAN_POINT('',(0.0298819877207279,0.,0.0561563707888126));
#780=CARTESIAN_POINT('',(0.0314395911991596,0.,0.0561563707888126));
#781=CARTESIAN_POINT('',(0.0282000929545017,0.00168189476622622,0.0539625287055969));
#782=CARTESIAN_POINT('',(0.0275034293318465,-1.73472347597681E-19,0.0539625287055969));
#783=CARTESIAN_POINT('',(0.0282000929545017,-0.00168189476622622,0.0539625287055969));
#784=CARTESIAN_POINT('',(0.0298819877207279,-0.00237855838888144,0.0539625287055969));
#785=CARTESIAN_POINT('',(0.0315638824869541,-0.00168189476622622,0.0539625287055969));
#786=CARTESIAN_POINT('',(0.0322605461096093,-3.64273633345125E-20,0.0539625287055969));
#787=CARTESIAN_POINT('',(0.0315638824869541,0.00168189476622622,0.0539625287055969));
#788=CARTESIAN_POINT('',(0.0298819877207279,0.00237855838888144,0.0539625287055969));
#789=CARTESIAN_POINT('',(0.0282000929545017,0.00168189476622622,0.0539625287055969));
#790=CARTESIAN_POINT('',(0.0275034293318465,-1.73472347597681E-19,0.0539625287055969));
#791=CARTESIAN_POINT('',(0.0282000929545017,-0.00168189476622622,0.0539625287055969));
#792=CARTESIAN_POINT('',(0.0282236254742625,0.00165836224646544,0.0540356456052721));
#793=CARTESIAN_POINT('',(0.027536709340449,-3.7541927562171E-19,0.0540356456052721));
#794=CARTESIAN_POINT('',(0.0282236254742625,-0.00165836224646544,0.0540356456052721));
#795=CARTESIAN_POINT('',(0.0298819877207279,-0.00234527838027894,0.0540356456052721));
#796=CARTESIAN_POINT('',(0.0315403499671933,-0.00165836224646544,0.0540356456052721));
#797=CARTESIAN_POINT('',(0.0322272661010069,-3.57687097249749E-20,0.0540356456052721));
#798=CARTESIAN_POINT('',(0.0315403499671933,0.00165836224646544,0.0540356456052721));
#799=CARTESIAN_POINT('',(0.0298819877207279,0.00234527838027894,0.0540356456052721));
#800=CARTESIAN_POINT('',(0.0282236254742625,0.00165836224646544,0.0540356456052721));
#801=CARTESIAN_POINT('',(0.027536709340449,-3.7541927562171E-19,0.0540356456052721));
#802=CARTESIAN_POINT('',(0.0282236254742625,-0.00165836224646544,0.0540356456052721));
#803=CARTESIAN_POINT('',(0.0282641974508352,0.00161779026989273,0.0541478436178832));
#804=CARTESIAN_POINT('',(0.0275940867799704,-3.98415751591215E-19,0.0541478436178832));
#805=CARTESIAN_POINT('',(0.0282641974508352,-0.00161779026989273,0.0541478436178832));
#806=CARTESIAN_POINT('',(0.0298819877207279,-0.00228790094075753,0.0541478436178832));
#807=CARTESIAN_POINT('',(0.0314997779906206,-0.00161779026989273,0.0541478436178832));
#808=CARTESIAN_POINT('',(0.0321698886614854,-4.50531381236732E-19,0.0541478436178833));
#809=CARTESIAN_POINT('',(0.0314997779906206,0.00161779026989273,0.0541478436178832));
#810=CARTESIAN_POINT('',(0.0298819877207279,0.00228790094075753,0.0541478436178832));
#811=CARTESIAN_POINT('',(0.0282641974508352,0.00161779026989273,0.0541478436178832));
#812=CARTESIAN_POINT('',(0.0275940867799704,-3.98415751591215E-19,0.0541478436178832));
#813=CARTESIAN_POINT('',(0.0282641974508352,-0.00161779026989273,0.0541478436178832));
#814=CARTESIAN_POINT('',(0.0283745454531753,0.00150744226755264,0.0543670479275861));
#815=CARTESIAN_POINT('',(0.0277501424214605,-1.21563813695228E-19,0.0543670479275861));
#816=CARTESIAN_POINT('',(0.0283745454531753,-0.00150744226755264,0.0543670479275861));
#817=CARTESIAN_POINT('',(0.0298819877207279,-0.00213184529926739,0.0543670479275861));
#818=CARTESIAN_POINT('',(0.0313894299882805,-0.00150744226755264,0.0543670479275861));
#819=CARTESIAN_POINT('',(0.0320138330199953,-1.29832084383338E-19,0.054367047927586));
#820=CARTESIAN_POINT('',(0.0313894299882805,0.00150744226755264,0.0543670479275861));
#821=CARTESIAN_POINT('',(0.0298819877207279,0.00213184529926739,0.054367047927586));
#822=CARTESIAN_POINT('',(0.0283745454531753,0.00150744226755264,0.0543670479275861));
#823=CARTESIAN_POINT('',(0.0277501424214605,-1.21563813695228E-19,0.0543670479275861));
#824=CARTESIAN_POINT('',(0.0283745454531753,-0.00150744226755264,0.0543670479275861));
#825=CARTESIAN_POINT('',(0.028406976317507,0.00147501140322088,0.0545352817374349));
#826=CARTESIAN_POINT('',(0.027796006589638,-2.25376063687953E-19,0.0545352817374349));
#827=CARTESIAN_POINT('',(0.028406976317507,-0.00147501140322088,0.0545352817374349));
#828=CARTESIAN_POINT('',(0.0298819877207279,-0.00208598113108994,0.0545352817374349));
#829=CARTESIAN_POINT('',(0.0313569991239488,-0.00147501140322088,0.0545352817374349));
#830=CARTESIAN_POINT('',(0.0319679688518178,-2.02625341506661E-19,0.0545352817374349));
#831=CARTESIAN_POINT('',(0.0313569991239488,0.00147501140322088,0.0545352817374349));
#832=CARTESIAN_POINT('',(0.0298819877207279,0.00208598113108994,0.0545352817374349));
#833=CARTESIAN_POINT('',(0.028406976317507,0.00147501140322088,0.0545352817374349));
#834=CARTESIAN_POINT('',(0.027796006589638,-2.25376063687953E-19,0.0545352817374349));
#835=CARTESIAN_POINT('',(0.028406976317507,-0.00147501140322088,0.0545352817374349));
#836=CARTESIAN_POINT('',(0.0282972560039863,0.00158473171674161,0.0546738116187148));
#837=CARTESIAN_POINT('',(0.0276408386341891,-2.77974538535565E-19,0.0546738116187148));
#838=CARTESIAN_POINT('',(0.0282972560039863,-0.00158473171674161,0.0546738116187148));
#839=CARTESIAN_POINT('',(0.0298819877207279,-0.00224114908653879,0.0546738116187148));
#840=CARTESIAN_POINT('',(0.0314667194374695,-0.00158473171674161,0.0546738116187148));
#841=CARTESIAN_POINT('',(0.0321231368072667,-3.83818228931948E-19,0.0546738116187148));
#842=CARTESIAN_POINT('',(0.0314667194374695,0.00158473171674161,0.0546738116187148));
#843=CARTESIAN_POINT('',(0.0298819877207279,0.00224114908653879,0.0546738116187147));
#844=CARTESIAN_POINT('',(0.0282972560039863,0.00158473171674161,0.0546738116187148));
#845=CARTESIAN_POINT('',(0.0276408386341891,-2.77974538535565E-19,0.0546738116187148));
#846=CARTESIAN_POINT('',(0.0282972560039863,-0.00158473171674161,0.0546738116187148));
#847=CARTESIAN_POINT('',(0.0280979373946974,0.00178405032603055,0.0547913447740193));
#848=CARTESIAN_POINT('',(0.0273589595536994,-9.38726498506541E-20,0.0547913447740194));
#849=CARTESIAN_POINT('',(0.0280979373946974,-0.00178405032603055,0.0547913447740193));
#850=CARTESIAN_POINT('',(0.0298819877207279,-0.00252302816702854,0.0547913447740193));
#851=CARTESIAN_POINT('',(0.0316660380467585,-0.00178405032603055,0.0547913447740194));
#852=CARTESIAN_POINT('',(0.0324050158877565,-2.87395055634845E-19,0.0547913447740193));
#853=CARTESIAN_POINT('',(0.0316660380467585,0.00178405032603055,0.0547913447740193));
#854=CARTESIAN_POINT('',(0.0298819877207279,0.00252302816702854,0.0547913447740193));
#855=CARTESIAN_POINT('',(0.0280979373946974,0.00178405032603055,0.0547913447740193));
#856=CARTESIAN_POINT('',(0.0273589595536994,-9.38726498506541E-20,0.0547913447740194));
#857=CARTESIAN_POINT('',(0.0280979373946974,-0.00178405032603055,0.0547913447740193));
#858=CARTESIAN_POINT('',(0.0278987940064809,0.00198319371424704,0.0549081171713523));
#859=CARTESIAN_POINT('',(0.0270773282732267,-3.87368947647903E-19,0.0549081171713523));
#860=CARTESIAN_POINT('',(0.0278987940064809,-0.00198319371424704,0.0549081171713523));
#861=CARTESIAN_POINT('',(0.0298819877207279,-0.00280465944750124,0.0549081171713523));
#862=CARTESIAN_POINT('',(0.0318651814349749,-0.00198319371424704,0.0549081171713524));
#863=CARTESIAN_POINT('',(0.0326866471682291,-1.76304526714857E-19,0.0549081171713523));
#864=CARTESIAN_POINT('',(0.0318651814349749,0.00198319371424704,0.0549081171713524));
#865=CARTESIAN_POINT('',(0.0298819877207279,0.00280465944750124,0.0549081171713523));
#866=CARTESIAN_POINT('',(0.0278987940064809,0.00198319371424704,0.0549081171713523));
#867=CARTESIAN_POINT('',(0.0270773282732267,-3.87368947647903E-19,0.0549081171713523));
#868=CARTESIAN_POINT('',(0.0278987940064809,-0.00198319371424704,0.0549081171713523));
#869=CARTESIAN_POINT('',(0.0277944616125548,0.00208752610817315,0.0550442184149036));
#870=CARTESIAN_POINT('',(0.0269297799867415,-3.08215470031641E-19,0.0550442184149036));
#871=CARTESIAN_POINT('',(0.0277944616125548,-0.00208752610817315,0.0550442184149036));
#872=CARTESIAN_POINT('',(0.0298819877207279,-0.00295220773398639,0.0550442184149036));
#873=CARTESIAN_POINT('',(0.031969513828901,-0.00208752610817315,0.0550442184149036));
#874=CARTESIAN_POINT('',(0.0328341954547143,-5.41421409331085E-19,0.0550442184149036));
#875=CARTESIAN_POINT('',(0.0319695138289011,0.00208752610817315,0.0550442184149036));
#876=CARTESIAN_POINT('',(0.0298819877207279,0.00295220773398639,0.0550442184149036));
#877=CARTESIAN_POINT('',(0.0277944616125548,0.00208752610817315,0.0550442184149036));
#878=CARTESIAN_POINT('',(0.0269297799867415,-3.08215470031641E-19,0.0550442184149036));
#879=CARTESIAN_POINT('',(0.0277944616125548,-0.00208752610817315,0.0550442184149036));
#880=CARTESIAN_POINT('',(0.0278171090098918,0.00206487871083611,0.0552256588097629));
#881=CARTESIAN_POINT('',(0.026961808243208,-1.89341416664463E-19,0.0552256588097629));
#882=CARTESIAN_POINT('',(0.0278171090098918,-0.00206487871083611,0.0552256588097629));
#883=CARTESIAN_POINT('',(0.0298819877207279,-0.00292017947751989,0.0552256588097629));
#884=CARTESIAN_POINT('',(0.031946866431564,-0.00206487871083611,0.0552256588097629));
#885=CARTESIAN_POINT('',(0.0328021671982478,-3.05321178230283E-20,0.0552256588097629));
#886=CARTESIAN_POINT('',(0.031946866431564,0.0020648787108361,0.0552256588097629));
#887=CARTESIAN_POINT('',(0.0298819877207279,0.00292017947751989,0.0552256588097629));
#888=CARTESIAN_POINT('',(0.0278171090098918,0.00206487871083611,0.0552256588097629));
#889=CARTESIAN_POINT('',(0.026961808243208,-1.89341416664463E-19,0.0552256588097629));
#890=CARTESIAN_POINT('',(0.0278171090098918,-0.00206487871083611,0.0552256588097629));
#891=CARTESIAN_POINT('',(0.027923030811237,0.00195895690949089,0.055469756785122));
#892=CARTESIAN_POINT('',(0.0271116042912214,-3.94785341449733E-19,0.0554697567851219));
#893=CARTESIAN_POINT('',(0.027923030811237,-0.00195895690949088,0.0554697567851219));
#894=CARTESIAN_POINT('',(0.0298819877207279,-0.00277038342950649,0.055469756785122));
#895=CARTESIAN_POINT('',(0.0318409446302188,-0.00195895690949088,0.055469756785122));
#896=CARTESIAN_POINT('',(0.0326523711502344,-7.21020594039904E-19,0.055469756785122));
#897=CARTESIAN_POINT('',(0.0318409446302188,0.00195895690949089,0.055469756785122));
#898=CARTESIAN_POINT('',(0.0298819877207279,0.00277038342950649,0.0554697567851219));
#899=CARTESIAN_POINT('',(0.027923030811237,0.00195895690949089,0.055469756785122));
#900=CARTESIAN_POINT('',(0.0271116042912214,-3.94785341449733E-19,0.0554697567851219));
#901=CARTESIAN_POINT('',(0.027923030811237,-0.00195895690949088,0.0554697567851219));
#902=CARTESIAN_POINT('',(0.0280485751405071,0.00183341258022079,0.0557665601511017));
#903=CARTESIAN_POINT('',(0.0272891507843542,-5.95654978507708E-19,0.0557665601511018));
#904=CARTESIAN_POINT('',(0.0280485751405071,-0.00183341258022079,0.0557665601511017));
#905=CARTESIAN_POINT('',(0.0298819877207279,-0.00259283693637369,0.0557665601511017));
#906=CARTESIAN_POINT('',(0.0317154003009487,-0.00183341258022079,0.0557665601511017));
#907=CARTESIAN_POINT('',(0.0324748246571016,-1.77959799598872E-19,0.0557665601511017));
#908=CARTESIAN_POINT('',(0.0317154003009487,0.00183341258022079,0.0557665601511017));
#909=CARTESIAN_POINT('',(0.0298819877207279,0.00259283693637369,0.0557665601511017));
#910=CARTESIAN_POINT('',(0.0280485751405071,0.00183341258022079,0.0557665601511017));
#911=CARTESIAN_POINT('',(0.0272891507843542,-5.95654978507708E-19,0.0557665601511018));
#912=CARTESIAN_POINT('',(0.0280485751405071,-0.00183341258022079,0.0557665601511017));
#913=CARTESIAN_POINT('',(0.0282898317956241,0.00159215592510382,0.0560228314934999));
#914=CARTESIAN_POINT('',(0.0276303392180334,-1.80498650903204E-19,0.0560228314934999));
#915=CARTESIAN_POINT('',(0.0282898317956241,-0.00159215592510381,0.0560228314934999));
#916=CARTESIAN_POINT('',(0.0298819877207279,-0.0022516485026945,0.0560228314934999));
#917=CARTESIAN_POINT('',(0.0314741436458317,-0.00159215592510381,0.0560228314934999));
#918=CARTESIAN_POINT('',(0.0321336362234224,-2.02080382806019E-19,0.0560228314934999));
#919=CARTESIAN_POINT('',(0.0314741436458317,0.00159215592510381,0.0560228314934999));
#920=CARTESIAN_POINT('',(0.0298819877207279,0.0022516485026945,0.0560228314934998));
#921=CARTESIAN_POINT('',(0.0282898317956241,0.00159215592510382,0.0560228314934999));
#922=CARTESIAN_POINT('',(0.0276303392180334,-1.80498650903204E-19,0.0560228314934999));
#923=CARTESIAN_POINT('',(0.0282898317956241,-0.00159215592510381,0.0560228314934999));
#924=CARTESIAN_POINT('',(0.0285251831484238,0.00135680457230413,0.0561055854098267));
#925=CARTESIAN_POINT('',(0.0279631762930856,-8.94164099845345E-20,0.0561055854098266));
#926=CARTESIAN_POINT('',(0.0285251831484238,-0.00135680457230413,0.0561055854098267));
#927=CARTESIAN_POINT('',(0.0298819877207279,-0.00191881142764232,0.0561055854098267));
#928=CARTESIAN_POINT('',(0.031238792293032,-0.00135680457230413,0.0561055854098267));
#929=CARTESIAN_POINT('',(0.0318007991483702,-7.97254667589229E-20,0.0561055854098266));
#930=CARTESIAN_POINT('',(0.0312387922930321,0.00135680457230413,0.0561055854098266));
#931=CARTESIAN_POINT('',(0.0298819877207279,0.00191881142764232,0.0561055854098267));
#932=CARTESIAN_POINT('',(0.0285251831484238,0.00135680457230413,0.0561055854098267));
#933=CARTESIAN_POINT('',(0.0279631762930856,-8.94164099845345E-20,0.0561055854098266));
#934=CARTESIAN_POINT('',(0.0285251831484238,-0.00135680457230413,0.0561055854098267));
#935=CARTESIAN_POINT('',(0.0286614315280578,0.00122055619267009,0.0561563707888126));
#936=CARTESIAN_POINT('',(0.0281558605994154,-2.60208521396521E-19,0.0561563707888126));
#937=CARTESIAN_POINT('',(0.0286614315280578,-0.00122055619267009,0.0561563707888126));
#938=CARTESIAN_POINT('',(0.0298819877207279,-0.0017261271213125,0.0561563707888126));
#939=CARTESIAN_POINT('',(0.031102543913398,-0.00122055619267009,0.0561563707888126));
#940=CARTESIAN_POINT('',(0.0316081148420404,-1.95158747958031E-19,0.0561563707888126));
#941=CARTESIAN_POINT('',(0.031102543913398,0.00122055619267009,0.0561563707888126));
#942=CARTESIAN_POINT('',(0.0298819877207279,0.0017261271213125,0.0561563707888126));
#943=CARTESIAN_POINT('',(0.0286614315280578,0.00122055619267009,0.0561563707888126));
#944=CARTESIAN_POINT('',(0.0281558605994154,-2.60208521396521E-19,0.0561563707888126));
#945=CARTESIAN_POINT('',(0.0286614315280578,-0.00122055619267009,0.0561563707888126));
#946=CARTESIAN_POINT('',(0.0252233272706484,0.00192968034091409,0.0466171279549597));
#947=CARTESIAN_POINT('',(0.0248394899857511,3.74049749507499E-18,0.0466171279549597));
#948=CARTESIAN_POINT('',(0.0252233272706484,-0.0019296803409141,0.0466171279549597));
#949=CARTESIAN_POINT('',(0.026316403378208,-0.00356558434251987,0.0466171279549597));
#950=CARTESIAN_POINT('',(0.0279523073798138,-0.00465866045007955,0.0466171279549597));
#951=CARTESIAN_POINT('',(0.0298819877207279,-0.00504249773497676,0.0466171279549597));
#952=CARTESIAN_POINT('',(0.031811668061642,-0.00465866045007955,0.0466171279549597));
#953=CARTESIAN_POINT('',(0.0334475720632478,-0.00356558434251987,0.0466171279549597));
#954=CARTESIAN_POINT('',(0.0345406481708075,-0.0019296803409141,0.0466171279549597));
#955=CARTESIAN_POINT('',(0.0349244854557047,-6.73768387426493E-19,0.0466171279549597));
#956=CARTESIAN_POINT('',(0.0345406481708075,0.0019296803409141,0.0466171279549597));
#957=CARTESIAN_POINT('',(0.0334475720632478,0.00356558434251987,0.0466171279549597));
#958=CARTESIAN_POINT('',(0.031811668061642,0.00465866045007955,0.0466171279549597));
#959=CARTESIAN_POINT('',(0.0298819877207279,0.00504249773497676,0.0466171279549597));
#960=CARTESIAN_POINT('',(0.0279523073798138,0.00465866045007955,0.0466171279549597));
#961=CARTESIAN_POINT('',(0.026316403378208,0.00356558434251987,0.0466171279549597));
#962=CARTESIAN_POINT('',(0.0252233272706484,0.00192968034091409,0.0466171279549597));
#963=CARTESIAN_POINT('',(0.0248394899857511,3.74049749507499E-18,0.0466171279549597));
#964=CARTESIAN_POINT('',(0.0252233272706484,-0.0019296803409141,0.0466171279549597));
#965=CARTESIAN_POINT('',(0.0251037046929665,0.00197922963495594,0.0468491279077728));
#966=CARTESIAN_POINT('',(0.0247100114406894,4.17417836406919E-18,0.0468491279077728));
#967=CARTESIAN_POINT('',(0.0251037046929665,-0.00197922963495595,0.0468491279077728));
#968=CARTESIAN_POINT('',(0.0262248482209767,-0.00365713949975117,0.0468491279077728));
#969=CARTESIAN_POINT('',(0.0279027580857719,-0.0047782830277614,0.0468491279077728));
#970=CARTESIAN_POINT('',(0.0298819877207279,-0.00517197628003846,0.0468491279077728));
#971=CARTESIAN_POINT('',(0.0318612173556838,-0.0047782830277614,0.0468491279077728));
#972=CARTESIAN_POINT('',(0.0335391272204791,-0.00365713949975117,0.0468491279077728));
#973=CARTESIAN_POINT('',(0.0346602707484893,-0.00197922963495595,0.0468491279077728));
#974=CARTESIAN_POINT('',(0.0350539640007664,-7.43539417734116E-19,0.0468491279077728));
#975=CARTESIAN_POINT('',(0.0346602707484893,0.00197922963495595,0.0468491279077728));
#976=CARTESIAN_POINT('',(0.033539127220479,0.00365713949975117,0.0468491279077728));
#977=CARTESIAN_POINT('',(0.0318612173556838,0.0047782830277614,0.0468491279077728));
#978=CARTESIAN_POINT('',(0.0298819877207279,0.00517197628003846,0.0468491279077728));
#979=CARTESIAN_POINT('',(0.027902758085772,0.0047782830277614,0.0468491279077728));
#980=CARTESIAN_POINT('',(0.0262248482209767,0.00365713949975117,0.0468491279077728));
#981=CARTESIAN_POINT('',(0.0251037046929665,0.00197922963495594,0.0468491279077728));
#982=CARTESIAN_POINT('',(0.0247100114406894,4.17417836406919E-18,0.0468491279077728));
#983=CARTESIAN_POINT('',(0.0251037046929665,-0.00197922963495595,0.0468491279077728));
#984=CARTESIAN_POINT('',(0.0249242120591281,0.00205357791823787,0.0472333421973602));
#985=CARTESIAN_POINT('',(0.0245157300138128,3.74049749507499E-18,0.0472333421973602));
#986=CARTESIAN_POINT('',(0.0249242120591281,-0.00205357791823788,0.0472333421973602));
#987=CARTESIAN_POINT('',(0.0260874705065737,-0.00379451721415422,0.0472333421973602));
#988=CARTESIAN_POINT('',(0.02782840980249,-0.00495777566159978,0.0472333421973602));
#989=CARTESIAN_POINT('',(0.0298819877207279,-0.00536625770691507,0.0472333421973602));
#990=CARTESIAN_POINT('',(0.0319355656389658,-0.00495777566159978,0.0472333421973602));
#991=CARTESIAN_POINT('',(0.0336765049348821,-0.00379451721415422,0.0472333421973602));
#992=CARTESIAN_POINT('',(0.0348397633823277,-0.00205357791823788,0.0472333421973602));
#993=CARTESIAN_POINT('',(0.035248245427643,-1.13992767599198E-18,0.0472333421973602));
#994=CARTESIAN_POINT('',(0.0348397633823277,0.00205357791823788,0.0472333421973602));
#995=CARTESIAN_POINT('',(0.0336765049348821,0.00379451721415422,0.0472333421973602));
#996=CARTESIAN_POINT('',(0.0319355656389658,0.00495777566159979,0.0472333421973602));
#997=CARTESIAN_POINT('',(0.0298819877207279,0.00536625770691507,0.0472333421973602));
#998=CARTESIAN_POINT('',(0.02782840980249,0.00495777566159979,0.0472333421973602));
#999=CARTESIAN_POINT('',(0.0260874705065737,0.00379451721415422,0.0472333421973602));
#1000=CARTESIAN_POINT('',(0.0249242120591281,0.00205357791823787,0.0472333421973602));
#1001=CARTESIAN_POINT('',(0.0245157300138128,3.74049749507499E-18,0.0472333421973602));
#1002=CARTESIAN_POINT('',(0.0249242120591281,-0.00205357791823788,0.0472333421973602));
#1003=CARTESIAN_POINT('',(0.0247713557470033,0.00211689307581429,0.0481935575922619));
#1004=CARTESIAN_POINT('',(0.0243502795338035,4.17417836406919E-18,0.0481935575922619));
#1005=CARTESIAN_POINT('',(0.0247713557470033,-0.00211689307581431,0.0481935575922619));
#1006=CARTESIAN_POINT('',(0.0259704793502085,-0.0039115083705194,0.0481935575922619));
#1007=CARTESIAN_POINT('',(0.0277650946449136,-0.0051106319737246,0.0481935575922619));
#1008=CARTESIAN_POINT('',(0.0298819877207279,-0.00553170818692442,0.0481935575922619));
#1009=CARTESIAN_POINT('',(0.0319988807965422,-0.00511063197372459,0.0481935575922619));
#1010=CARTESIAN_POINT('',(0.0337934960912473,-0.0039115083705194,0.0481935575922619));
#1011=CARTESIAN_POINT('',(0.0349926196944525,-0.00211689307581431,0.0481935575922619));
#1012=CARTESIAN_POINT('',(0.0354136959076523,-5.87907039843489E-19,0.0481935575922619));
#1013=CARTESIAN_POINT('',(0.0349926196944525,0.00211689307581431,0.0481935575922619));
#1014=CARTESIAN_POINT('',(0.0337934960912473,0.0039115083705194,0.0481935575922619));
#1015=CARTESIAN_POINT('',(0.0319988807965422,0.00511063197372459,0.0481935575922619));
#1016=CARTESIAN_POINT('',(0.0298819877207279,0.00553170818692442,0.0481935575922619));
#1017=CARTESIAN_POINT('',(0.0277650946449136,0.0051106319737246,0.0481935575922619));
#1018=CARTESIAN_POINT('',(0.0259704793502085,0.0039115083705194,0.0481935575922619));
#1019=CARTESIAN_POINT('',(0.0247713557470033,0.00211689307581429,0.0481935575922619));
#1020=CARTESIAN_POINT('',(0.0243502795338035,4.17417836406919E-18,0.0481935575922619));
#1021=CARTESIAN_POINT('',(0.0247713557470033,-0.00211689307581431,0.0481935575922619));
#1022=CARTESIAN_POINT('',(0.0247213713964556,0.00213759727171757,0.0489423206160434));
#1023=CARTESIAN_POINT('',(0.0242961768626339,4.17417836406919E-18,0.0489423206160434));
#1024=CARTESIAN_POINT('',(0.0247213713964556,-0.00213759727171759,0.0489423206160434));
#1025=CARTESIAN_POINT('',(0.0259322229845442,-0.00394976473618369,0.0489423206160434));
#1026=CARTESIAN_POINT('',(0.0277443904490103,-0.00516061632427232,0.0489423206160434));
#1027=CARTESIAN_POINT('',(0.0298819877207279,-0.00558581085809397,0.0489423206160434));
#1028=CARTESIAN_POINT('',(0.0320195849924455,-0.00516061632427232,0.0489423206160434));
#1029=CARTESIAN_POINT('',(0.0338317524569116,-0.00394976473618369,0.0489423206160434));
#1030=CARTESIAN_POINT('',(0.0350426040450002,-0.00213759727171759,0.0489423206160434));
#1031=CARTESIAN_POINT('',(0.0354677985788219,-1.19452821386538E-18,0.0489423206160434));
#1032=CARTESIAN_POINT('',(0.0350426040450002,0.00213759727171759,0.0489423206160434));
#1033=CARTESIAN_POINT('',(0.0338317524569116,0.00394976473618369,0.0489423206160434));
#1034=CARTESIAN_POINT('',(0.0320195849924455,0.00516061632427232,0.0489423206160434));
#1035=CARTESIAN_POINT('',(0.0298819877207279,0.00558581085809397,0.0489423206160434));
#1036=CARTESIAN_POINT('',(0.0277443904490103,0.00516061632427232,0.0489423206160434));
#1037=CARTESIAN_POINT('',(0.0259322229845442,0.00394976473618369,0.0489423206160434));
#1038=CARTESIAN_POINT('',(0.0247213713964556,0.00213759727171757,0.0489423206160434));
#1039=CARTESIAN_POINT('',(0.0242961768626339,4.17417836406919E-18,0.0489423206160434));
#1040=CARTESIAN_POINT('',(0.0247213713964556,-0.00213759727171759,0.0489423206160434));
#1041=CARTESIAN_POINT('',(0.0247593482488477,0.0021218667444005,0.0496108561204139));
#1042=CARTESIAN_POINT('',(0.0243372827114549,3.90312782094782E-18,0.0496108561204139));
#1043=CARTESIAN_POINT('',(0.0247593482488477,-0.00212186674440051,0.0496108561204139));
#1044=CARTESIAN_POINT('',(0.0259612892089919,-0.00392069851173599,0.0496108561204139));
#1045=CARTESIAN_POINT('',(0.0277601209763274,-0.00512263947188017,0.0496108561204139));
#1046=CARTESIAN_POINT('',(0.0298819877207279,-0.00554470500927304,0.0496108561204139));
#1047=CARTESIAN_POINT('',(0.0320038544651284,-0.00512263947188017,0.0496108561204139));
#1048=CARTESIAN_POINT('',(0.0338026862324639,-0.00392069851173599,0.0496108561204139));
#1049=CARTESIAN_POINT('',(0.0350046271926081,-0.00212186674440052,0.0496108561204139));
#1050=CARTESIAN_POINT('',(0.0354266927300009,-4.81630874742676E-19,0.0496108561204139));
#1051=CARTESIAN_POINT('',(0.0350046271926081,0.00212186674440051,0.0496108561204139));
#1052=CARTESIAN_POINT('',(0.0338026862324639,0.00392069851173599,0.0496108561204139));
#1053=CARTESIAN_POINT('',(0.0320038544651284,0.00512263947188017,0.0496108561204139));
#1054=CARTESIAN_POINT('',(0.0298819877207279,0.00554470500927304,0.0496108561204139));
#1055=CARTESIAN_POINT('',(0.0277601209763274,0.00512263947188017,0.0496108561204139));
#1056=CARTESIAN_POINT('',(0.0259612892089919,0.00392069851173599,0.0496108561204139));
#1057=CARTESIAN_POINT('',(0.0247593482488477,0.0021218667444005,0.0496108561204139));
#1058=CARTESIAN_POINT('',(0.0243372827114549,3.90312782094782E-18,0.0496108561204139));
#1059=CARTESIAN_POINT('',(0.0247593482488477,-0.00212186674440051,0.0496108561204139));
#1060=CARTESIAN_POINT('',(0.024904734394853,0.00206164583094399,0.0503838061632427));
#1061=CARTESIAN_POINT('',(0.0244946475419215,4.01154803819637E-18,0.0503838061632426));
#1062=CARTESIAN_POINT('',(0.024904734394853,-0.002061645830944,0.0503838061632426));
#1063=CARTESIAN_POINT('',(0.0260725629477351,-0.00380942477299277,0.0503838061632426));
#1064=CARTESIAN_POINT('',(0.0278203418897839,-0.00497725332587495,0.0503838061632426));
#1065=CARTESIAN_POINT('',(0.0298819877207279,-0.00538734017880642,0.0503838061632426));
#1066=CARTESIAN_POINT('',(0.0319436335516719,-0.00497725332587495,0.0503838061632426));
#1067=CARTESIAN_POINT('',(0.0336914124937207,-0.00380942477299277,0.0503838061632426));
#1068=CARTESIAN_POINT('',(0.0348592410466028,-0.002061645830944,0.0503838061632426));
#1069=CARTESIAN_POINT('',(0.0352693278995343,-8.47774101083148E-19,0.0503838061632426));
#1070=CARTESIAN_POINT('',(0.0348592410466029,0.002061645830944,0.0503838061632426));
#1071=CARTESIAN_POINT('',(0.0336914124937207,0.00380942477299277,0.0503838061632426));
#1072=CARTESIAN_POINT('',(0.0319436335516719,0.00497725332587495,0.0503838061632426));
#1073=CARTESIAN_POINT('',(0.0298819877207279,0.00538734017880642,0.0503838061632426));
#1074=CARTESIAN_POINT('',(0.0278203418897839,0.00497725332587495,0.0503838061632427));
#1075=CARTESIAN_POINT('',(0.0260725629477351,0.00380942477299277,0.0503838061632426));
#1076=CARTESIAN_POINT('',(0.024904734394853,0.00206164583094399,0.0503838061632427));
#1077=CARTESIAN_POINT('',(0.0244946475419215,4.01154803819637E-18,0.0503838061632426));
#1078=CARTESIAN_POINT('',(0.024904734394853,-0.002061645830944,0.0503838061632426));
#1079=CARTESIAN_POINT('',(0.0250956083260594,0.00198258325993481,0.0508206969927799));
#1080=CARTESIAN_POINT('',(0.0247012479962985,4.06575814682064E-18,0.0508206969927798));
#1081=CARTESIAN_POINT('',(0.0250956083260594,-0.00198258325993482,0.0508206969927799));
#1082=CARTESIAN_POINT('',(0.0262186515300213,-0.00366333619070657,0.0508206969927798));
#1083=CARTESIAN_POINT('',(0.0278994044607931,-0.0047863793946685,0.0508206969927798));
#1084=CARTESIAN_POINT('',(0.0298819877207279,-0.00518073972442942,0.0508206969927798));
#1085=CARTESIAN_POINT('',(0.0318645709806627,-0.0047863793946685,0.0508206969927798));
#1086=CARTESIAN_POINT('',(0.0335453239114345,-0.00366333619070657,0.0508206969927798));
#1087=CARTESIAN_POINT('',(0.0346683671153964,-0.00198258325993482,0.0508206969927798));
#1088=CARTESIAN_POINT('',(0.0350627274451573,-1.05407294585387E-18,0.0508206969927799));
#1089=CARTESIAN_POINT('',(0.0346683671153964,0.00198258325993482,0.0508206969927798));
#1090=CARTESIAN_POINT('',(0.0335453239114345,0.00366333619070657,0.0508206969927798));
#1091=CARTESIAN_POINT('',(0.0318645709806627,0.00478637939466851,0.0508206969927798));
#1092=CARTESIAN_POINT('',(0.0298819877207279,0.00518073972442942,0.0508206969927798));
#1093=CARTESIAN_POINT('',(0.0278994044607931,0.00478637939466851,0.0508206969927799));
#1094=CARTESIAN_POINT('',(0.0262186515300213,0.00366333619070657,0.0508206969927798));
#1095=CARTESIAN_POINT('',(0.0250956083260594,0.00198258325993481,0.0508206969927799));
#1096=CARTESIAN_POINT('',(0.0247012479962985,4.06575814682064E-18,0.0508206969927798));
#1097=CARTESIAN_POINT('',(0.0250956083260594,-0.00198258325993482,0.0508206969927799));
#1098=CARTESIAN_POINT('',(0.0252233272706484,0.00192968034091409,0.0511095151305199));
#1099=CARTESIAN_POINT('',(0.0248394899857511,3.74049749507499E-18,0.0511095151305199));
#1100=CARTESIAN_POINT('',(0.0252233272706484,-0.0019296803409141,0.0511095151305199));
#1101=CARTESIAN_POINT('',(0.026316403378208,-0.00356558434251987,0.0511095151305199));
#1102=CARTESIAN_POINT('',(0.0279523073798138,-0.00465866045007955,0.0511095151305199));
#1103=CARTESIAN_POINT('',(0.0298819877207279,-0.00504249773497676,0.0511095151305199));
#1104=CARTESIAN_POINT('',(0.031811668061642,-0.00465866045007955,0.0511095151305199));
#1105=CARTESIAN_POINT('',(0.0334475720632478,-0.00356558434251987,0.0511095151305199));
#1106=CARTESIAN_POINT('',(0.0345406481708075,-0.0019296803409141,0.0511095151305199));
#1107=CARTESIAN_POINT('',(0.0349244854557047,-6.73768387426493E-19,0.0511095151305199));
#1108=CARTESIAN_POINT('',(0.0345406481708075,0.0019296803409141,0.0511095151305199));
#1109=CARTESIAN_POINT('',(0.0334475720632478,0.00356558434251987,0.0511095151305199));
#1110=CARTESIAN_POINT('',(0.031811668061642,0.00465866045007955,0.0511095151305199));
#1111=CARTESIAN_POINT('',(0.0298819877207279,0.00504249773497676,0.0511095151305199));
#1112=CARTESIAN_POINT('',(0.0279523073798138,0.00465866045007955,0.0511095151305199));
#1113=CARTESIAN_POINT('',(0.026316403378208,0.00356558434251987,0.0511095151305199));
#1114=CARTESIAN_POINT('',(0.0252233272706484,0.00192968034091409,0.0511095151305199));
#1115=CARTESIAN_POINT('',(0.0248394899857511,3.74049749507499E-18,0.0511095151305199));
#1116=CARTESIAN_POINT('',(0.0252233272706484,-0.0019296803409141,0.0511095151305199));
#1117=CARTESIAN_POINT('',(0.0287776887739228,-0.00479213594115023,0.0511026884332083));
#1118=CARTESIAN_POINT('',(0.0289314832436445,-0.00492026331242483,0.0509085114277969));
#1119=CARTESIAN_POINT('',(0.0292255210611305,-0.00516043293601934,0.0505043423475268));
#1120=CARTESIAN_POINT('',(0.0296538366343654,-0.00537796328054997,0.0498295554035232));
#1121=CARTESIAN_POINT('',(0.03005799594536,-0.00544789304105587,0.0490770714035677));
#1122=CARTESIAN_POINT('',(0.0301089415523172,-0.00539264151020375,0.0482112041000927));
#1123=CARTESIAN_POINT('',(0.0296153839339199,-0.00527689708744811,0.0474896153412666));
#1124=CARTESIAN_POINT('',(0.028904950084984,-0.00505599309878541,0.0470569309665951));
#1125=CARTESIAN_POINT('',(0.0280602651697116,-0.00482929665148571,0.0470850482520787));
#1126=CARTESIAN_POINT('',(0.0273359315706115,-0.00463370340784827,0.0475140359431671));
#1127=CARTESIAN_POINT('',(0.026940015063612,-0.00453783571071359,0.0482872284146881));
#1128=CARTESIAN_POINT('',(0.0264157977358653,-0.00420568442685441,0.0488828273938738));
#1129=CARTESIAN_POINT('',(0.0259588131634945,-0.00375704980358499,0.0494389088976791));
#1130=CARTESIAN_POINT('',(0.0255608968358857,-0.00317437227934492,0.0499287454695916));
#1131=CARTESIAN_POINT('',(0.0252533211654119,-0.00249446299781612,0.0503318629902597));
#1132=CARTESIAN_POINT('',(0.024944458562961,-0.00146188817696741,0.0507113744926418));
#1133=CARTESIAN_POINT('',(0.0247617608705993,-4.66134837450224E-5,0.050869430987207));
#1134=CARTESIAN_POINT('',(0.0249258880003947,0.00136746152211586,0.0507300895737115));
#1135=CARTESIAN_POINT('',(0.0252234978341488,0.00241102033402645,0.0503705854695759));
#1136=CARTESIAN_POINT('',(0.0255207545492855,0.00310011862150623,0.0499809804353746));
#1137=CARTESIAN_POINT('',(0.025908263140636,0.00369518746137272,0.0494983020697292));
#1138=CARTESIAN_POINT('',(0.0263602787613696,0.00416060281876518,0.0489544980341905));
#1139=CARTESIAN_POINT('',(0.0267872632547112,0.00444539567229204,0.0484513121649777));
#1140=CARTESIAN_POINT('',(0.0270970263727216,0.00457742100415145,0.047999330770475));
#1141=CARTESIAN_POINT('',(0.0273127897478373,0.00462987330978313,0.0476351929103918));
#1142=CARTESIAN_POINT('',(0.0276174744733393,0.00470874785927431,0.0473390858017518));
#1143=CARTESIAN_POINT('',(0.0281195593029428,0.00484557371575519,0.0471008968142737));
#1144=CARTESIAN_POINT('',(0.0288237289021053,0.00503256186476713,0.0470385537398592));
#1145=CARTESIAN_POINT('',(0.0295670922379818,0.0052630994868594,0.0474393493103133));
#1146=CARTESIAN_POINT('',(0.030087142830227,0.00538633792069626,0.048146311945268));
#1147=CARTESIAN_POINT('',(0.0300782363686917,0.00544783966826977,0.0490330196746394));
#1148=CARTESIAN_POINT('',(0.0296745668170066,0.00538549077062682,0.0497947046410896));
#1149=CARTESIAN_POINT('',(0.0292366569351109,0.00516940941265644,0.0504887460685979));
#1150=CARTESIAN_POINT('',(0.0289344025544401,0.00492269541299936,0.0509048255798651));
#1151=CARTESIAN_POINT('',(0.0287776887739226,0.00479213594115008,0.0511026884332085));
#1152=CARTESIAN_POINT('',(0.0287776887739228,-0.00479213594115023,0.0511026884332083));
#1153=CARTESIAN_POINT('',(0.0287776887739226,0.00479213594115007,0.0511026884332085));
#1154=CARTESIAN_POINT('',(0.0287776887739226,0.00479213594115007,0.0511026884332085));
#1155=CARTESIAN_POINT('',(0.0287854235623406,0.00479148746288104,0.0511077810706723));
#1156=CARTESIAN_POINT('',(0.0287947168400202,0.00479278084279857,0.0511095151305199));
#1157=CARTESIAN_POINT('',(0.0288037157851398,0.0047948045561447,0.0511095151305199));
#1158=CARTESIAN_POINT('',(0.0288037157851397,-0.00479480455614469,0.0511095151305199));
#1159=CARTESIAN_POINT('',(0.0287947118868083,-0.00479277972890346,0.0511095151305199));
#1160=CARTESIAN_POINT('',(0.02878542668322,-0.0047914872012293,0.0511077831254803));
#1161=CARTESIAN_POINT('',(0.0287776887739228,-0.00479213594115025,0.0511026884332083));
#1162=CARTESIAN_POINT('',(0.0298819877207279,0.,0.0466171279549597));
#1163=CARTESIAN_POINT('',(0.0347965396940723,0.,0.0466171279549597));
#1164=CARTESIAN_POINT('',(0.0298819877207279,0.,0.0450578218398172));
#1165=CARTESIAN_POINT('',(0.0298819877207279,0.,0.0450578218398172));
#1166=CARTESIAN_POINT('',(0.0338781832803056,0.,0.0450578218398172));
#1167=CARTESIAN_POINT('',(0.0298819877207279,0.,0.028575));
#1168=CARTESIAN_POINT('',(0.0298819877207279,0.,0.0449052833931732));
#1169=CARTESIAN_POINT('',(0.0338781832803056,0.,0.0449052833931732));
#1170=CARTESIAN_POINT('',(0.0257475207615077,0.00171255228769243,0.0446648837208499));
#1171=CARTESIAN_POINT('',(0.0254068729317014,3.1712913545201E-18,0.0446648837208499));
#1172=CARTESIAN_POINT('',(0.0257475207615077,-0.00171255228769244,0.0446648837208499));
#1173=CARTESIAN_POINT('',(0.026717603706819,-0.00316438401390886,0.0446648837208499));
#1174=CARTESIAN_POINT('',(0.0281694354330355,-0.00413446695922017,0.0446648837208499));
#1175=CARTESIAN_POINT('',(0.0298819877207279,-0.00447511478902652,0.0446648837208499));
#1176=CARTESIAN_POINT('',(0.0315945400084204,-0.00413446695922016,0.0446648837208499));
#1177=CARTESIAN_POINT('',(0.0330463717346368,-0.00316438401390886,0.0446648837208499));
#1178=CARTESIAN_POINT('',(0.0340164546799481,-0.00171255228769244,0.0446648837208499));
#1179=CARTESIAN_POINT('',(0.0343571025097544,-7.33732364391687E-19,0.0446648837208499));
#1180=CARTESIAN_POINT('',(0.0340164546799481,0.00171255228769244,0.0446648837208499));
#1181=CARTESIAN_POINT('',(0.0330463717346368,0.00316438401390886,0.0446648837208499));
#1182=CARTESIAN_POINT('',(0.0315945400084204,0.00413446695922016,0.0446648837208499));
#1183=CARTESIAN_POINT('',(0.0298819877207279,0.00447511478902652,0.0446648837208499));
#1184=CARTESIAN_POINT('',(0.0281694354330355,0.00413446695922017,0.0446648837208499));
#1185=CARTESIAN_POINT('',(0.026717603706819,0.00316438401390886,0.0446648837208499));
#1186=CARTESIAN_POINT('',(0.0257475207615077,0.00171255228769243,0.0446648837208499));
#1187=CARTESIAN_POINT('',(0.0254068729317014,3.1712913545201E-18,0.0446648837208499));
#1188=CARTESIAN_POINT('',(0.0257475207615077,-0.00171255228769244,0.0446648837208499));
#1189=CARTESIAN_POINT('',(0.0258445072014163,0.001672379188916,0.0448115397639879));
#1190=CARTESIAN_POINT('',(0.0255118502977926,2.84603070277445E-18,0.0448115397639879));
#1191=CARTESIAN_POINT('',(0.0258445072014163,-0.00167237918891601,0.0448115397639879));
#1192=CARTESIAN_POINT('',(0.0267918339142532,-0.00309015380647466,0.0448115397639879));
#1193=CARTESIAN_POINT('',(0.0282096085318119,-0.00403748051931155,0.0448115397639879));
#1194=CARTESIAN_POINT('',(0.0298819877207279,-0.00437013742293531,0.0448115397639879));
#1195=CARTESIAN_POINT('',(0.0315543669096439,-0.00403748051931155,0.0448115397639879));
#1196=CARTESIAN_POINT('',(0.0329721415272025,-0.00309015380647466,0.0448115397639879));
#1197=CARTESIAN_POINT('',(0.0339194682400394,-0.00167237918891601,0.0448115397639879));
#1198=CARTESIAN_POINT('',(0.0342521251436632,-2.33635509654378E-19,0.0448115397639879));
#1199=CARTESIAN_POINT('',(0.0339194682400394,0.00167237918891601,0.0448115397639879));
#1200=CARTESIAN_POINT('',(0.0329721415272025,0.00309015380647466,0.0448115397639879));
#1201=CARTESIAN_POINT('',(0.0315543669096439,0.00403748051931155,0.0448115397639879));
#1202=CARTESIAN_POINT('',(0.0298819877207279,0.00437013742293531,0.0448115397639879));
#1203=CARTESIAN_POINT('',(0.0282096085318119,0.00403748051931155,0.0448115397639879));
#1204=CARTESIAN_POINT('',(0.0267918339142532,0.00309015380647466,0.0448115397639879));
#1205=CARTESIAN_POINT('',(0.0258445072014163,0.001672379188916,0.0448115397639879));
#1206=CARTESIAN_POINT('',(0.0255118502977926,2.84603070277445E-18,0.0448115397639879));
#1207=CARTESIAN_POINT('',(0.0258445072014163,-0.00167237918891601,0.0448115397639879));
#1208=CARTESIAN_POINT('',(0.0259599558091565,0.00162455880983295,0.0448916729880956));
#1209=CARTESIAN_POINT('',(0.0256368109703451,3.25260651745651E-18,0.0448916729880956));
#1210=CARTESIAN_POINT('',(0.0259599558091565,-0.00162455880983296,0.0448916729880956));
#1211=CARTESIAN_POINT('',(0.0268801944531967,-0.00300179326753113,0.0448916729880956));
#1212=CARTESIAN_POINT('',(0.0282574289108949,-0.00392203191157143,0.0448916729880956));
#1213=CARTESIAN_POINT('',(0.0298819877207279,-0.00424517675038278,0.0448916729880956));
#1214=CARTESIAN_POINT('',(0.0315065465305608,-0.00392203191157143,0.0448916729880956));
#1215=CARTESIAN_POINT('',(0.0328837809882591,-0.00300179326753114,0.0448916729880956));
#1216=CARTESIAN_POINT('',(0.0338040196322993,-0.00162455880983296,0.0448916729880956));
#1217=CARTESIAN_POINT('',(0.0341271644711107,-8.95135154235484E-19,0.0448916729880956));
#1218=CARTESIAN_POINT('',(0.0338040196322993,0.00162455880983296,0.0448916729880956));
#1219=CARTESIAN_POINT('',(0.0328837809882591,0.00300179326753114,0.0448916729880956));
#1220=CARTESIAN_POINT('',(0.0315065465305608,0.00392203191157143,0.0448916729880956));
#1221=CARTESIAN_POINT('',(0.0298819877207279,0.00424517675038278,0.0448916729880956));
#1222=CARTESIAN_POINT('',(0.0282574289108949,0.00392203191157143,0.0448916729880956));
#1223=CARTESIAN_POINT('',(0.0268801944531968,0.00300179326753114,0.0448916729880956));
#1224=CARTESIAN_POINT('',(0.0259599558091565,0.00162455880983295,0.0448916729880956));
#1225=CARTESIAN_POINT('',(0.0256368109703451,3.25260651745651E-18,0.0448916729880956));
#1226=CARTESIAN_POINT('',(0.0259599558091565,-0.00162455880983296,0.0448916729880956));
#1227=CARTESIAN_POINT('',(0.0260938665847282,0.00156909115044326,0.0449052833931731));
#1228=CARTESIAN_POINT('',(0.025781754949359,2.954450920023E-18,0.044905283393173));
#1229=CARTESIAN_POINT('',(0.0260938665847282,-0.00156909115044326,0.044905283393173));
#1230=CARTESIAN_POINT('',(0.0269826853236497,-0.00289930239707824,0.044905283393173));
#1231=CARTESIAN_POINT('',(0.0283128965702847,-0.00378812113599973,0.044905283393173));
#1232=CARTESIAN_POINT('',(0.0298819877207279,-0.00410023277136887,0.044905283393173));
#1233=CARTESIAN_POINT('',(0.0314510788711712,-0.00378812113599973,0.044905283393173));
#1234=CARTESIAN_POINT('',(0.0327812901178062,-0.00289930239707824,0.044905283393173));
#1235=CARTESIAN_POINT('',(0.0336701088567276,-0.00156909115044326,0.044905283393173));
#1236=CARTESIAN_POINT('',(0.0339822204920968,-5.39189410486566E-19,0.044905283393173));
#1237=CARTESIAN_POINT('',(0.0336701088567277,0.00156909115044326,0.044905283393173));
#1238=CARTESIAN_POINT('',(0.0327812901178062,0.00289930239707824,0.044905283393173));
#1239=CARTESIAN_POINT('',(0.0314510788711712,0.00378812113599973,0.044905283393173));
#1240=CARTESIAN_POINT('',(0.0298819877207279,0.00410023277136887,0.044905283393173));
#1241=CARTESIAN_POINT('',(0.0283128965702847,0.00378812113599973,0.044905283393173));
#1242=CARTESIAN_POINT('',(0.0269826853236497,0.00289930239707824,0.044905283393173));
#1243=CARTESIAN_POINT('',(0.0260938665847282,0.00156909115044326,0.0449052833931731));
#1244=CARTESIAN_POINT('',(0.025781754949359,2.954450920023E-18,0.044905283393173));
#1245=CARTESIAN_POINT('',(0.0260938665847282,-0.00156909115044326,0.044905283393173));
#1246=CARTESIAN_POINT('',(0.0298819877207279,0.,0.0446648837208499));
#1247=CARTESIAN_POINT('',(0.0342435532331523,0.,0.0446648837208499));
#1248=CARTESIAN_POINT('',(0.0259992433349997,0.00160828538379663,0.0439800918102265));
#1249=CARTESIAN_POINT('',(0.0256793354818865,3.1712913545201E-18,0.0439800918102264));
#1250=CARTESIAN_POINT('',(0.0259992433349996,-0.00160828538379664,0.0439800918102265));
#1251=CARTESIAN_POINT('',(0.0269102638236743,-0.00297172389705354,0.0439800918102265));
#1252=CARTESIAN_POINT('',(0.0282737023369313,-0.00388274438572826,0.0439800918102265));
#1253=CARTESIAN_POINT('',(0.0298819877207279,-0.00420265223884135,0.0439800918102265));
#1254=CARTESIAN_POINT('',(0.0314902731045245,-0.00388274438572826,0.0439800918102265));
#1255=CARTESIAN_POINT('',(0.0328537116177814,-0.00297172389705354,0.0439800918102265));
#1256=CARTESIAN_POINT('',(0.0337647321064562,-0.00160828538379664,0.0439800918102265));
#1257=CARTESIAN_POINT('',(0.0340846399595693,-5.02952282211843E-19,0.0439800918102265));
#1258=CARTESIAN_POINT('',(0.0337647321064562,0.00160828538379663,0.0439800918102265));
#1259=CARTESIAN_POINT('',(0.0328537116177814,0.00297172389705354,0.0439800918102265));
#1260=CARTESIAN_POINT('',(0.0314902731045245,0.00388274438572825,0.0439800918102265));
#1261=CARTESIAN_POINT('',(0.0298819877207279,0.00420265223884135,0.0439800918102265));
#1262=CARTESIAN_POINT('',(0.0282737023369313,0.00388274438572826,0.0439800918102265));
#1263=CARTESIAN_POINT('',(0.0269102638236744,0.00297172389705354,0.0439800918102264));
#1264=CARTESIAN_POINT('',(0.0259992433349997,0.00160828538379663,0.0439800918102265));
#1265=CARTESIAN_POINT('',(0.0256793354818865,3.1712913545201E-18,0.0439800918102264));
#1266=CARTESIAN_POINT('',(0.0259992433349996,-0.00160828538379664,0.0439800918102265));
#1267=CARTESIAN_POINT('',(0.0257670409232349,0.00170446677196533,0.0441186759452025));
#1268=CARTESIAN_POINT('',(0.0254280014025033,3.03576608295941E-18,0.0441186759452025));
#1269=CARTESIAN_POINT('',(0.0257670409232349,-0.00170446677196534,0.0441186759452025));
#1270=CARTESIAN_POINT('',(0.0267325437917992,-0.00314944392892873,0.0441186759452025));
#1271=CARTESIAN_POINT('',(0.0281775209487626,-0.00411494679749302,0.0441186759452025));
#1272=CARTESIAN_POINT('',(0.0298819877207279,-0.00445398631822461,0.0441186759452025));
#1273=CARTESIAN_POINT('',(0.0315864544926932,-0.00411494679749302,0.0441186759452025));
#1274=CARTESIAN_POINT('',(0.0330314316496566,-0.00314944392892873,0.0441186759452025));
#1275=CARTESIAN_POINT('',(0.0339969345182209,-0.00170446677196534,0.0441186759452025));
#1276=CARTESIAN_POINT('',(0.0343359740389525,-4.99004976328739E-19,0.0441186759452025));
#1277=CARTESIAN_POINT('',(0.033996934518221,0.00170446677196534,0.0441186759452025));
#1278=CARTESIAN_POINT('',(0.0330314316496566,0.00314944392892873,0.0441186759452025));
#1279=CARTESIAN_POINT('',(0.0315864544926932,0.00411494679749302,0.0441186759452025));
#1280=CARTESIAN_POINT('',(0.0298819877207279,0.00445398631822461,0.0441186759452025));
#1281=CARTESIAN_POINT('',(0.0281775209487626,0.00411494679749302,0.0441186759452025));
#1282=CARTESIAN_POINT('',(0.0267325437917992,0.00314944392892872,0.0441186759452025));
#1283=CARTESIAN_POINT('',(0.0257670409232349,0.00170446677196533,0.0441186759452025));
#1284=CARTESIAN_POINT('',(0.0254280014025033,3.03576608295941E-18,0.0441186759452025));
#1285=CARTESIAN_POINT('',(0.0257670409232349,-0.00170446677196534,0.0441186759452025));
#1286=CARTESIAN_POINT('',(0.0256831333987375,0.00173922240659729,0.0443469399154101));
#1287=CARTESIAN_POINT('',(0.0253371805524415,3.68628738645072E-18,0.0443469399154101));
#1288=CARTESIAN_POINT('',(0.0256831333987375,-0.0017392224065973,0.0443469399154101));
#1289=CARTESIAN_POINT('',(0.0266683237528473,-0.00321366396788054,0.0443469399154101));
#1290=CARTESIAN_POINT('',(0.0281427653141306,-0.00419885432199038,0.0443469399154101));
#1291=CARTESIAN_POINT('',(0.0298819877207279,-0.00454480716828639,0.0443469399154101));
#1292=CARTESIAN_POINT('',(0.0316212101273252,-0.00419885432199038,0.0443469399154101));
#1293=CARTESIAN_POINT('',(0.0330956516886084,-0.00321366396788054,0.0443469399154101));
#1294=CARTESIAN_POINT('',(0.0340808420427183,-0.0017392224065973,0.0443469399154101));
#1295=CARTESIAN_POINT('',(0.0344267948890143,-4.30865146189071E-19,0.0443469399154101));
#1296=CARTESIAN_POINT('',(0.0340808420427182,0.0017392224065973,0.0443469399154101));
#1297=CARTESIAN_POINT('',(0.0330956516886085,0.00321366396788054,0.0443469399154101));
#1298=CARTESIAN_POINT('',(0.0316212101273252,0.00419885432199038,0.0443469399154101));
#1299=CARTESIAN_POINT('',(0.0298819877207279,0.00454480716828639,0.0443469399154101));
#1300=CARTESIAN_POINT('',(0.0281427653141306,0.00419885432199038,0.0443469399154101));
#1301=CARTESIAN_POINT('',(0.0266683237528473,0.00321366396788054,0.0443469399154101));
#1302=CARTESIAN_POINT('',(0.0256831333987375,0.00173922240659729,0.0443469399154101));
#1303=CARTESIAN_POINT('',(0.0253371805524415,3.68628738645072E-18,0.0443469399154101));
#1304=CARTESIAN_POINT('',(0.0256831333987375,-0.0017392224065973,0.0443469399154101));
#1305=CARTESIAN_POINT('',(0.0257475207615076,0.00171255228769249,0.0446648837208493));
#1306=CARTESIAN_POINT('',(0.0254068729317012,3.11708124589583E-18,0.0446648837208493));
#1307=CARTESIAN_POINT('',(0.0257475207615076,-0.0017125522876925,0.0446648837208493));
#1308=CARTESIAN_POINT('',(0.0267176037068189,-0.00316438401390897,0.0446648837208493));
#1309=CARTESIAN_POINT('',(0.0281694354330354,-0.00413446695922031,0.0446648837208493));
#1310=CARTESIAN_POINT('',(0.0298819877207279,-0.00447511478902667,0.0446648837208493));
#1311=CARTESIAN_POINT('',(0.0315945400084204,-0.00413446695922031,0.0446648837208493));
#1312=CARTESIAN_POINT('',(0.0330463717346369,-0.00316438401390897,0.0446648837208493));
#1313=CARTESIAN_POINT('',(0.0340164546799482,-0.0017125522876925,0.0446648837208493));
#1314=CARTESIAN_POINT('',(0.0343571025097546,-6.47149715314537E-19,0.0446648837208493));
#1315=CARTESIAN_POINT('',(0.0340164546799482,0.0017125522876925,0.0446648837208493));
#1316=CARTESIAN_POINT('',(0.0330463717346369,0.00316438401390897,0.0446648837208493));
#1317=CARTESIAN_POINT('',(0.0315945400084204,0.00413446695922031,0.0446648837208493));
#1318=CARTESIAN_POINT('',(0.0298819877207279,0.00447511478902667,0.0446648837208493));
#1319=CARTESIAN_POINT('',(0.0281694354330354,0.00413446695922031,0.0446648837208493));
#1320=CARTESIAN_POINT('',(0.0267176037068189,0.00316438401390896,0.0446648837208493));
#1321=CARTESIAN_POINT('',(0.0257475207615076,0.00171255228769249,0.0446648837208493));
#1322=CARTESIAN_POINT('',(0.0254068729317012,3.11708124589583E-18,0.0446648837208493));
#1323=CARTESIAN_POINT('',(0.0257475207615076,-0.0017125522876925,0.0446648837208493));
#1324=CARTESIAN_POINT('',(0.0298819877207279,0.,0.0439800918102265));
#1325=CARTESIAN_POINT('',(0.0339780040085315,0.,0.0439800918102265));
#1326=CARTESIAN_POINT('',(0.0298819877207279,0.,0.028575));
#1327=CARTESIAN_POINT('',(0.0298819877207279,0.,0.0437123216688633));
#1328=CARTESIAN_POINT('',(0.0339780040085315,0.,0.0437123216688633));
#1329=CARTESIAN_POINT('',(0.0298819877207279,0.,0.0434947535395624));
#1330=CARTESIAN_POINT('',(0.0298819877207279,0.,0.0434947535395624));
#1331=CARTESIAN_POINT('',(0.0342792477458717,0.,0.0434947535395624));
#1332=CARTESIAN_POINT('',(0.0298819877207279,0.,0.028575));
#1333=CARTESIAN_POINT('',(0.0298819877207279,0.,0.0430763587355614));
#1334=CARTESIAN_POINT('',(0.0342792477458715,0.,0.0430763587355614));
#1335=CARTESIAN_POINT('',(0.0248835957263978,0.00207040175410863,0.0324474328522901));
#1336=CARTESIAN_POINT('',(0.0244717672120611,-5.20417042793043E-19,0.0324474328522901));
#1337=CARTESIAN_POINT('',(0.0248835957263978,-0.00207040175410862,0.0324474328522901));
#1338=CARTESIAN_POINT('',(0.026056384111335,-0.00382560360939285,0.03244743285229));
#1339=CARTESIAN_POINT('',(0.0278115859666193,-0.00499839199433009,0.0324474328522901));
#1340=CARTESIAN_POINT('',(0.0298819877207279,-0.00541022050866683,0.03244743285229));
#1341=CARTESIAN_POINT('',(0.0319523894748365,-0.00499839199433009,0.03244743285229));
#1342=CARTESIAN_POINT('',(0.0337075913301207,-0.00382560360939285,0.03244743285229));
#1343=CARTESIAN_POINT('',(0.034880379715058,-0.00207040175410862,0.03244743285229));
#1344=CARTESIAN_POINT('',(0.0352922082293947,-6.97330360349084E-19,0.0324474328522901));
#1345=CARTESIAN_POINT('',(0.034880379715058,0.00207040175410862,0.03244743285229));
#1346=CARTESIAN_POINT('',(0.0337075913301207,0.00382560360939285,0.03244743285229));
#1347=CARTESIAN_POINT('',(0.0319523894748365,0.00499839199433008,0.03244743285229));
#1348=CARTESIAN_POINT('',(0.0298819877207279,0.00541022050866683,0.0324474328522901));
#1349=CARTESIAN_POINT('',(0.0278115859666193,0.00499839199433009,0.0324474328522901));
#1350=CARTESIAN_POINT('',(0.0260563841113351,0.00382560360939285,0.03244743285229));
#1351=CARTESIAN_POINT('',(0.0248835957263978,0.00207040175410863,0.0324474328522901));
#1352=CARTESIAN_POINT('',(0.0244717672120611,-5.20417042793043E-19,0.0324474328522901));
#1353=CARTESIAN_POINT('',(0.0248835957263978,-0.00207040175410862,0.0324474328522901));
#1354=CARTESIAN_POINT('',(0.0248320153572664,0.00209176704255506,0.0326087137341352));
#1355=CARTESIAN_POINT('',(0.024415937022825,-5.91398154588635E-19,0.0326087137341352));
#1356=CARTESIAN_POINT('',(0.0248320153572664,-0.00209176704255506,0.0326087137341352));
#1357=CARTESIAN_POINT('',(0.0260169062059313,-0.00386508151479656,0.0326087137341352));
#1358=CARTESIAN_POINT('',(0.0277902206781729,-0.00504997236346148,0.0326087137341352));
#1359=CARTESIAN_POINT('',(0.0298819877207279,-0.00546605069790285,0.0326087137341352));
#1360=CARTESIAN_POINT('',(0.031973754763283,-0.00504997236346148,0.0326087137341352));
#1361=CARTESIAN_POINT('',(0.0337470692355244,-0.00386508151479656,0.0326087137341352));
#1362=CARTESIAN_POINT('',(0.0349319600841894,-0.00209176704255506,0.0326087137341352));
#1363=CARTESIAN_POINT('',(0.0353480384186307,-6.60649505355571E-19,0.0326087137341352));
#1364=CARTESIAN_POINT('',(0.0349319600841894,0.00209176704255506,0.0326087137341352));
#1365=CARTESIAN_POINT('',(0.0337470692355244,0.00386508151479656,0.0326087137341352));
#1366=CARTESIAN_POINT('',(0.031973754763283,0.00504997236346148,0.0326087137341352));
#1367=CARTESIAN_POINT('',(0.0298819877207279,0.00546605069790285,0.0326087137341352));
#1368=CARTESIAN_POINT('',(0.0277902206781728,0.00504997236346148,0.0326087137341352));
#1369=CARTESIAN_POINT('',(0.0260169062059313,0.00386508151479657,0.0326087137341352));
#1370=CARTESIAN_POINT('',(0.0248320153572664,0.00209176704255506,0.0326087137341352));
#1371=CARTESIAN_POINT('',(0.024415937022825,-5.91398154588635E-19,0.0326087137341352));
#1372=CARTESIAN_POINT('',(0.0248320153572664,-0.00209176704255506,0.0326087137341352));
#1373=CARTESIAN_POINT('',(0.0247588326246084,0.00212208032295354,0.0328562096199039));
#1374=CARTESIAN_POINT('',(0.0243367246037999,-3.20924124005487E-19,0.0328562096199038));
#1375=CARTESIAN_POINT('',(0.0247588326246084,-0.00212208032295355,0.0328562096199039));
#1376=CARTESIAN_POINT('',(0.0259608945672845,-0.00392109315344344,0.0328562096199038));
#1377=CARTESIAN_POINT('',(0.0277599073977744,-0.00512315509611952,0.0328562096199039));
#1378=CARTESIAN_POINT('',(0.0298819877207279,-0.005545263116928,0.0328562096199039));
#1379=CARTESIAN_POINT('',(0.0320040680436814,-0.00512315509611952,0.0328562096199038));
#1380=CARTESIAN_POINT('',(0.0338030808741714,-0.00392109315344344,0.0328562096199039));
#1381=CARTESIAN_POINT('',(0.0350051428168474,-0.00212208032295354,0.0328562096199038));
#1382=CARTESIAN_POINT('',(0.0354272508376559,-8.45041596730959E-19,0.0328562096199039));
#1383=CARTESIAN_POINT('',(0.0350051428168474,0.00212208032295354,0.0328562096199039));
#1384=CARTESIAN_POINT('',(0.0338030808741714,0.00392109315344344,0.0328562096199038));
#1385=CARTESIAN_POINT('',(0.0320040680436815,0.00512315509611952,0.0328562096199038));
#1386=CARTESIAN_POINT('',(0.0298819877207279,0.005545263116928,0.0328562096199039));
#1387=CARTESIAN_POINT('',(0.0277599073977744,0.00512315509611953,0.0328562096199039));
#1388=CARTESIAN_POINT('',(0.0259608945672845,0.00392109315344344,0.0328562096199038));
#1389=CARTESIAN_POINT('',(0.0247588326246084,0.00212208032295354,0.0328562096199039));
#1390=CARTESIAN_POINT('',(0.0243367246037999,-3.20924124005487E-19,0.0328562096199038));
#1391=CARTESIAN_POINT('',(0.0247588326246084,-0.00212208032295355,0.0328562096199039));
#1392=CARTESIAN_POINT('',(0.0248577715147721,0.00208109849280158,0.0334234671042789));
#1393=CARTESIAN_POINT('',(0.0244438152868187,-8.54978906561334E-19,0.0334234671042789));
#1394=CARTESIAN_POINT('',(0.0248577715147721,-0.00208109849280157,0.0334234671042788));
#1395=CARTESIAN_POINT('',(0.026036619115449,-0.00384536860527892,0.0334234671042789));
#1396=CARTESIAN_POINT('',(0.0278008892279263,-0.00502421620595577,0.0334234671042789));
#1397=CARTESIAN_POINT('',(0.0298819877207279,-0.00543817243390917,0.0334234671042788));
#1398=CARTESIAN_POINT('',(0.0319630862135295,-0.00502421620595577,0.0334234671042788));
#1399=CARTESIAN_POINT('',(0.0337273563260068,-0.00384536860527892,0.0334234671042788));
#1400=CARTESIAN_POINT('',(0.0349062039266837,-0.00208109849280158,0.0334234671042789));
#1401=CARTESIAN_POINT('',(0.0353201601546371,-5.9987239084689E-19,0.0334234671042788));
#1402=CARTESIAN_POINT('',(0.0349062039266837,0.00208109849280157,0.0334234671042789));
#1403=CARTESIAN_POINT('',(0.0337273563260068,0.00384536860527892,0.0334234671042788));
#1404=CARTESIAN_POINT('',(0.0319630862135295,0.00502421620595577,0.0334234671042788));
#1405=CARTESIAN_POINT('',(0.0298819877207279,0.00543817243390917,0.0334234671042788));
#1406=CARTESIAN_POINT('',(0.0278008892279263,0.00502421620595577,0.0334234671042789));
#1407=CARTESIAN_POINT('',(0.026036619115449,0.00384536860527892,0.0334234671042789));
#1408=CARTESIAN_POINT('',(0.0248577715147721,0.00208109849280158,0.0334234671042789));
#1409=CARTESIAN_POINT('',(0.0244438152868187,-8.54978906561334E-19,0.0334234671042789));
#1410=CARTESIAN_POINT('',(0.0248577715147721,-0.00208109849280157,0.0334234671042788));
#1411=CARTESIAN_POINT('',(0.0251270511162787,0.00196955922978711,0.0344840384992316));
#1412=CARTESIAN_POINT('',(0.0247352814271873,-3.76343829881117E-19,0.0344840384992316));
#1413=CARTESIAN_POINT('',(0.0251270511162787,-0.00196955922978711,0.0344840384992316));
#1414=CARTESIAN_POINT('',(0.0262427167997899,-0.00363927092093802,0.0344840384992316));
#1415=CARTESIAN_POINT('',(0.0279124284909408,-0.00475493660444916,0.0344840384992316));
#1416=CARTESIAN_POINT('',(0.0298819877207279,-0.00514670629354057,0.0344840384992316));
#1417=CARTESIAN_POINT('',(0.031851546950515,-0.00475493660444916,0.0344840384992316));
#1418=CARTESIAN_POINT('',(0.0335212586416659,-0.00363927092093802,0.0344840384992316));
#1419=CARTESIAN_POINT('',(0.034636924325177,-0.00196955922978712,0.0344840384992316));
#1420=CARTESIAN_POINT('',(0.0350286940142685,-5.65156993624403E-19,0.0344840384992316));
#1421=CARTESIAN_POINT('',(0.0346369243251771,0.00196955922978711,0.0344840384992316));
#1422=CARTESIAN_POINT('',(0.0335212586416659,0.00363927092093801,0.0344840384992316));
#1423=CARTESIAN_POINT('',(0.031851546950515,0.00475493660444916,0.0344840384992316));
#1424=CARTESIAN_POINT('',(0.0298819877207279,0.00514670629354057,0.0344840384992316));
#1425=CARTESIAN_POINT('',(0.0279124284909408,0.00475493660444916,0.0344840384992316));
#1426=CARTESIAN_POINT('',(0.0262427167997899,0.00363927092093802,0.0344840384992316));
#1427=CARTESIAN_POINT('',(0.0251270511162787,0.00196955922978711,0.0344840384992316));
#1428=CARTESIAN_POINT('',(0.0247352814271873,-3.76343829881117E-19,0.0344840384992316));
#1429=CARTESIAN_POINT('',(0.0251270511162787,-0.00196955922978711,0.0344840384992316));
#1430=CARTESIAN_POINT('',(0.0254969230940516,0.00181635324025185,0.0359222730236997));
#1431=CARTESIAN_POINT('',(0.0251356279710354,-7.33993026161852E-19,0.0359222730236997));
#1432=CARTESIAN_POINT('',(0.0254969230940516,-0.00181635324025185,0.0359222730236997));
#1433=CARTESIAN_POINT('',(0.0265258045557694,-0.00335618316495847,0.0359222730236997));
#1434=CARTESIAN_POINT('',(0.0280656344804761,-0.00438506462667632,0.0359222730236997));
#1435=CARTESIAN_POINT('',(0.0298819877207279,-0.00474635974969253,0.0359222730236997));
#1436=CARTESIAN_POINT('',(0.0316983409609798,-0.00438506462667632,0.0359222730236997));
#1437=CARTESIAN_POINT('',(0.0332381708856864,-0.00335618316495847,0.0359222730236997));
#1438=CARTESIAN_POINT('',(0.0342670523474042,-0.00181635324025185,0.0359222730236997));
#1439=CARTESIAN_POINT('',(0.0346283474704204,-4.44262523423532E-19,0.0359222730236997));
#1440=CARTESIAN_POINT('',(0.0342670523474043,0.00181635324025185,0.0359222730236997));
#1441=CARTESIAN_POINT('',(0.0332381708856864,0.00335618316495847,0.0359222730236997));
#1442=CARTESIAN_POINT('',(0.0316983409609798,0.00438506462667632,0.0359222730236997));
#1443=CARTESIAN_POINT('',(0.0298819877207279,0.00474635974969253,0.0359222730236997));
#1444=CARTESIAN_POINT('',(0.0280656344804761,0.00438506462667632,0.0359222730236997));
#1445=CARTESIAN_POINT('',(0.0265258045557694,0.00335618316495847,0.0359222730236997));
#1446=CARTESIAN_POINT('',(0.0254969230940516,0.00181635324025185,0.0359222730236997));
#1447=CARTESIAN_POINT('',(0.0251356279710354,-7.33993026161852E-19,0.0359222730236997));
#1448=CARTESIAN_POINT('',(0.0254969230940516,-0.00181635324025185,0.0359222730236997));
#1449=CARTESIAN_POINT('',(0.0258295614361998,0.00167856992756876,0.0374237840550092));
#1450=CARTESIAN_POINT('',(0.0254956731180948,-5.90811886419294E-19,0.0374237840550092));
#1451=CARTESIAN_POINT('',(0.0258295614361998,-0.00167856992756876,0.0374237840550092));
#1452=CARTESIAN_POINT('',(0.0267803949207884,-0.00310159279993946,0.0374237840550092));
#1453=CARTESIAN_POINT('',(0.0282034177931591,-0.00405242628452813,0.0374237840550092));
#1454=CARTESIAN_POINT('',(0.0298819877207279,-0.00438631460263313,0.0374237840550092));
#1455=CARTESIAN_POINT('',(0.0315605576482967,-0.00405242628452813,0.0374237840550092));
#1456=CARTESIAN_POINT('',(0.0329835805206673,-0.00310159279993946,0.0374237840550092));
#1457=CARTESIAN_POINT('',(0.033934414005256,-0.00167856992756876,0.0374237840550092));
#1458=CARTESIAN_POINT('',(0.034268302323361,-9.41725720173763E-19,0.0374237840550092));
#1459=CARTESIAN_POINT('',(0.033934414005256,0.00167856992756876,0.0374237840550092));
#1460=CARTESIAN_POINT('',(0.0329835805206673,0.00310159279993946,0.0374237840550092));
#1461=CARTESIAN_POINT('',(0.0315605576482966,0.00405242628452813,0.0374237840550092));
#1462=CARTESIAN_POINT('',(0.0298819877207279,0.00438631460263313,0.0374237840550092));
#1463=CARTESIAN_POINT('',(0.0282034177931591,0.00405242628452813,0.0374237840550092));
#1464=CARTESIAN_POINT('',(0.0267803949207884,0.00310159279993946,0.0374237840550092));
#1465=CARTESIAN_POINT('',(0.0258295614361998,0.00167856992756876,0.0374237840550092));
#1466=CARTESIAN_POINT('',(0.0254956731180948,-5.90811886419294E-19,0.0374237840550092));
#1467=CARTESIAN_POINT('',(0.0258295614361998,-0.00167856992756876,0.0374237840550092));
#1468=CARTESIAN_POINT('',(0.0260131481774634,0.00160252580946549,0.0387770298650984));
#1469=CARTESIAN_POINT('',(0.0256943859749156,-5.45678727712271E-19,0.0387770298650983));
#1470=CARTESIAN_POINT('',(0.0260131481774634,-0.00160252580946548,0.0387770298650983));
#1471=CARTESIAN_POINT('',(0.0269209061293554,-0.00296108159137248,0.0387770298650983));
#1472=CARTESIAN_POINT('',(0.0282794619112624,-0.00386883954326449,0.0387770298650984));
#1473=CARTESIAN_POINT('',(0.0298819877207279,-0.00418760174581228,0.0387770298650983));
#1474=CARTESIAN_POINT('',(0.0314845135301934,-0.00386883954326449,0.0387770298650983));
#1475=CARTESIAN_POINT('',(0.0328430693121004,-0.00296108159137248,0.0387770298650983));
#1476=CARTESIAN_POINT('',(0.0337508272639924,-0.00160252580946548,0.0387770298650983));
#1477=CARTESIAN_POINT('',(0.0340695894665402,-5.09193527048277E-19,0.0387770298650983));
#1478=CARTESIAN_POINT('',(0.0337508272639924,0.00160252580946548,0.0387770298650983));
#1479=CARTESIAN_POINT('',(0.0328430693121004,0.00296108159137249,0.0387770298650983));
#1480=CARTESIAN_POINT('',(0.0314845135301934,0.00386883954326449,0.0387770298650983));
#1481=CARTESIAN_POINT('',(0.0298819877207279,0.00418760174581228,0.0387770298650984));
#1482=CARTESIAN_POINT('',(0.0282794619112624,0.00386883954326449,0.0387770298650984));
#1483=CARTESIAN_POINT('',(0.0269209061293554,0.00296108159137249,0.0387770298650983));
#1484=CARTESIAN_POINT('',(0.0260131481774634,0.00160252580946549,0.0387770298650984));
#1485=CARTESIAN_POINT('',(0.0256943859749156,-5.45678727712271E-19,0.0387770298650983));
#1486=CARTESIAN_POINT('',(0.0260131481774634,-0.00160252580946548,0.0387770298650983));
#1487=CARTESIAN_POINT('',(0.0259381527387161,0.00163358993731072,0.039817492941143));
#1488=CARTESIAN_POINT('',(0.0256132114969581,-3.48975459489879E-19,0.039817492941143));
#1489=CARTESIAN_POINT('',(0.0259381527387161,-0.00163358993731072,0.039817492941143));
#1490=CARTESIAN_POINT('',(0.0268635071055323,-0.00301848061519554,0.039817492941143));
#1491=CARTESIAN_POINT('',(0.0282483977834172,-0.00394383498201175,0.039817492941143));
#1492=CARTESIAN_POINT('',(0.0298819877207279,-0.00426877622376981,0.039817492941143));
#1493=CARTESIAN_POINT('',(0.0315155776580386,-0.00394383498201175,0.039817492941143));
#1494=CARTESIAN_POINT('',(0.0329004683359234,-0.00301848061519554,0.039817492941143));
#1495=CARTESIAN_POINT('',(0.0338258227027396,-0.00163358993731072,0.039817492941143));
#1496=CARTESIAN_POINT('',(0.0341507639444977,-5.38243915636396E-19,0.039817492941143));
#1497=CARTESIAN_POINT('',(0.0338258227027396,0.00163358993731072,0.039817492941143));
#1498=CARTESIAN_POINT('',(0.0329004683359234,0.00301848061519554,0.039817492941143));
#1499=CARTESIAN_POINT('',(0.0315155776580386,0.00394383498201175,0.039817492941143));
#1500=CARTESIAN_POINT('',(0.0298819877207279,0.00426877622376981,0.039817492941143));
#1501=CARTESIAN_POINT('',(0.0282483977834172,0.00394383498201175,0.039817492941143));
#1502=CARTESIAN_POINT('',(0.0268635071055324,0.00301848061519554,0.039817492941143));
#1503=CARTESIAN_POINT('',(0.0259381527387161,0.00163358993731072,0.039817492941143));
#1504=CARTESIAN_POINT('',(0.0256132114969581,-3.48975459489879E-19,0.039817492941143));
#1505=CARTESIAN_POINT('',(0.0259381527387161,-0.00163358993731072,0.039817492941143));
#1506=CARTESIAN_POINT('',(0.0255147596837183,0.00180896508290543,0.0403975811368994));
#1507=CARTESIAN_POINT('',(0.0251549341565704,-4.00296126896905E-19,0.0403975811368994));
#1508=CARTESIAN_POINT('',(0.0255147596837183,-0.00180896508290542,0.0403975811368994));
#1509=CARTESIAN_POINT('',(0.0265394560904801,-0.00334253163024781,0.0403975811368994));
#1510=CARTESIAN_POINT('',(0.0280730226378225,-0.00436722803700965,0.0403975811368994));
#1511=CARTESIAN_POINT('',(0.0298819877207279,-0.0047270535641575,0.0403975811368994));
#1512=CARTESIAN_POINT('',(0.0316909528036333,-0.00436722803700965,0.0403975811368994));
#1513=CARTESIAN_POINT('',(0.0332245193509757,-0.00334253163024781,0.0403975811368994));
#1514=CARTESIAN_POINT('',(0.0342492157577376,-0.00180896508290543,0.0403975811368994));
#1515=CARTESIAN_POINT('',(0.0346090412848854,-5.93142494455204E-19,0.0403975811368994));
#1516=CARTESIAN_POINT('',(0.0342492157577376,0.00180896508290542,0.0403975811368994));
#1517=CARTESIAN_POINT('',(0.0332245193509757,0.00334253163024781,0.0403975811368994));
#1518=CARTESIAN_POINT('',(0.0316909528036333,0.00436722803700964,0.0403975811368994));
#1519=CARTESIAN_POINT('',(0.0298819877207279,0.0047270535641575,0.0403975811368994));
#1520=CARTESIAN_POINT('',(0.0280730226378225,0.00436722803700964,0.0403975811368994));
#1521=CARTESIAN_POINT('',(0.0265394560904801,0.00334253163024781,0.0403975811368994));
#1522=CARTESIAN_POINT('',(0.0255147596837183,0.00180896508290543,0.0403975811368994));
#1523=CARTESIAN_POINT('',(0.0251549341565704,-4.00296126896905E-19,0.0403975811368994));
#1524=CARTESIAN_POINT('',(0.0255147596837183,-0.00180896508290542,0.0403975811368994));
#1525=CARTESIAN_POINT('',(0.02486310954021,0.00207888741026894,0.0406387811149198));
#1526=CARTESIAN_POINT('',(0.0244495931239176,-6.51925246887715E-19,0.0406387811149198));
#1527=CARTESIAN_POINT('',(0.02486310954021,-0.00207888741026893,0.0406387811149198));
#1528=CARTESIAN_POINT('',(0.0260407046632422,-0.00384128305748572,0.0406387811149198));
#1529=CARTESIAN_POINT('',(0.027803100310459,-0.00501887818051794,0.0406387811149198));
#1530=CARTESIAN_POINT('',(0.0298819877207279,-0.0054323945968103,0.0406387811149198));
#1531=CARTESIAN_POINT('',(0.0319608751309968,-0.00501887818051794,0.0406387811149198));
#1532=CARTESIAN_POINT('',(0.0337232707782136,-0.00384128305748573,0.0406387811149198));
#1533=CARTESIAN_POINT('',(0.0349008659012458,-0.00207888741026893,0.0406387811149198));
#1534=CARTESIAN_POINT('',(0.0353143823175382,-6.95415743887518E-19,0.0406387811149198));
#1535=CARTESIAN_POINT('',(0.0349008659012458,0.00207888741026893,0.0406387811149198));
#1536=CARTESIAN_POINT('',(0.0337232707782136,0.00384128305748572,0.0406387811149198));
#1537=CARTESIAN_POINT('',(0.0319608751309968,0.00501887818051794,0.0406387811149198));
#1538=CARTESIAN_POINT('',(0.0298819877207279,0.0054323945968103,0.0406387811149198));
#1539=CARTESIAN_POINT('',(0.027803100310459,0.00501887818051794,0.0406387811149198));
#1540=CARTESIAN_POINT('',(0.0260407046632422,0.00384128305748572,0.0406387811149198));
#1541=CARTESIAN_POINT('',(0.02486310954021,0.00207888741026894,0.0406387811149198));
#1542=CARTESIAN_POINT('',(0.0244495931239176,-6.51925246887715E-19,0.0406387811149198));
#1543=CARTESIAN_POINT('',(0.02486310954021,-0.00207888741026893,0.0406387811149198));
#1544=CARTESIAN_POINT('',(0.02421580192156,0.00234701100494117,0.0408302370299173));
#1545=CARTESIAN_POINT('',(0.0237489524063011,-6.34922185103532E-19,0.0408302370299173));
#1546=CARTESIAN_POINT('',(0.02421580192156,-0.00234701100494117,0.0408302370299173));
#1547=CARTESIAN_POINT('',(0.0255452768606401,-0.00433671086008778,0.0408302370299173));
#1548=CARTESIAN_POINT('',(0.0275349767157867,-0.00566618579916787,0.0408302370299173));
#1549=CARTESIAN_POINT('',(0.0298819877207279,-0.00613303531442683,0.0408302370299173));
#1550=CARTESIAN_POINT('',(0.0322289987256691,-0.00566618579916787,0.0408302370299173));
#1551=CARTESIAN_POINT('',(0.0342186985808157,-0.00433671086008778,0.0408302370299173));
#1552=CARTESIAN_POINT('',(0.0355481735198958,-0.00234701100494117,0.0408302370299173));
#1553=CARTESIAN_POINT('',(0.0360150230351547,-5.67536853127757E-19,0.0408302370299173));
#1554=CARTESIAN_POINT('',(0.0355481735198958,0.00234701100494116,0.0408302370299173));
#1555=CARTESIAN_POINT('',(0.0342186985808157,0.00433671086008778,0.0408302370299173));
#1556=CARTESIAN_POINT('',(0.0322289987256691,0.00566618579916786,0.0408302370299173));
#1557=CARTESIAN_POINT('',(0.0298819877207279,0.00613303531442683,0.0408302370299173));
#1558=CARTESIAN_POINT('',(0.0275349767157867,0.00566618579916787,0.0408302370299174));
#1559=CARTESIAN_POINT('',(0.0255452768606401,0.00433671086008778,0.0408302370299173));
#1560=CARTESIAN_POINT('',(0.02421580192156,0.00234701100494117,0.0408302370299173));
#1561=CARTESIAN_POINT('',(0.0237489524063011,-6.34922185103532E-19,0.0408302370299173));
#1562=CARTESIAN_POINT('',(0.02421580192156,-0.00234701100494117,0.0408302370299173));
#1563=CARTESIAN_POINT('',(0.023813085775025,0.0025138214946226,0.0412646307532086));
#1564=CARTESIAN_POINT('',(0.0233130555903598,-9.71722355042498E-19,0.0412646307532086));
#1565=CARTESIAN_POINT('',(0.023813085775025,-0.0025138214946226,0.0412646307532086));
#1566=CARTESIAN_POINT('',(0.0252370512661904,-0.0046449364545375,0.0412646307532086));
#1567=CARTESIAN_POINT('',(0.0273681662261053,-0.00606890194570288,0.0412646307532087));
#1568=CARTESIAN_POINT('',(0.0298819877207279,-0.00656893213036813,0.0412646307532086));
#1569=CARTESIAN_POINT('',(0.0323958092153505,-0.00606890194570288,0.0412646307532087));
#1570=CARTESIAN_POINT('',(0.0345269241752654,-0.0046449364545375,0.0412646307532086));
#1571=CARTESIAN_POINT('',(0.0359508896664308,-0.0025138214946226,0.0412646307532086));
#1572=CARTESIAN_POINT('',(0.036450919851096,-1.19930102081444E-18,0.0412646307532086));
#1573=CARTESIAN_POINT('',(0.0359508896664308,0.0025138214946226,0.0412646307532087));
#1574=CARTESIAN_POINT('',(0.0345269241752654,0.0046449364545375,0.0412646307532086));
#1575=CARTESIAN_POINT('',(0.0323958092153505,0.00606890194570288,0.0412646307532086));
#1576=CARTESIAN_POINT('',(0.0298819877207279,0.00656893213036813,0.0412646307532087));
#1577=CARTESIAN_POINT('',(0.0273681662261053,0.00606890194570288,0.0412646307532086));
#1578=CARTESIAN_POINT('',(0.0252370512661904,0.0046449364545375,0.0412646307532087));
#1579=CARTESIAN_POINT('',(0.023813085775025,0.0025138214946226,0.0412646307532086));
#1580=CARTESIAN_POINT('',(0.0233130555903598,-9.71722355042498E-19,0.0412646307532086));
#1581=CARTESIAN_POINT('',(0.023813085775025,-0.0025138214946226,0.0412646307532086));
#1582=CARTESIAN_POINT('',(0.0237286751014634,0.00254878554042086,0.0419519067529564));
#1583=CARTESIAN_POINT('',(0.0232216901356753,-6.82358822656903E-19,0.0419519067529564));
#1584=CARTESIAN_POINT('',(0.0237286751014634,-0.00254878554042086,0.0419519067529563));
#1585=CARTESIAN_POINT('',(0.0251724461336168,-0.0047095415871111,0.0419519067529564));
#1586=CARTESIAN_POINT('',(0.027333202180307,-0.00615331261926448,0.0419519067529564));
#1587=CARTESIAN_POINT('',(0.0298819877207279,-0.00666029758505263,0.0419519067529564));
#1588=CARTESIAN_POINT('',(0.0324307732611487,-0.00615331261926447,0.0419519067529564));
#1589=CARTESIAN_POINT('',(0.034591529307839,-0.0047095415871111,0.0419519067529564));
#1590=CARTESIAN_POINT('',(0.0360353003399924,-0.00254878554042086,0.0419519067529564));
#1591=CARTESIAN_POINT('',(0.0365422853057805,-7.22541945121005E-19,0.0419519067529564));
#1592=CARTESIAN_POINT('',(0.0360353003399924,0.00254878554042086,0.0419519067529563));
#1593=CARTESIAN_POINT('',(0.034591529307839,0.0047095415871111,0.0419519067529564));
#1594=CARTESIAN_POINT('',(0.0324307732611488,0.00615331261926447,0.0419519067529563));
#1595=CARTESIAN_POINT('',(0.0298819877207279,0.00666029758505263,0.0419519067529564));
#1596=CARTESIAN_POINT('',(0.027333202180307,0.00615331261926448,0.0419519067529564));
#1597=CARTESIAN_POINT('',(0.0251724461336168,0.0047095415871111,0.0419519067529564));
#1598=CARTESIAN_POINT('',(0.0237286751014634,0.00254878554042086,0.0419519067529564));
#1599=CARTESIAN_POINT('',(0.0232216901356753,-6.82358822656903E-19,0.0419519067529564));
#1600=CARTESIAN_POINT('',(0.0237286751014634,-0.00254878554042086,0.0419519067529563));
#1601=CARTESIAN_POINT('',(0.0238428084281975,0.00250150996856885,0.0424961590418232));
#1602=CARTESIAN_POINT('',(0.0233452271583257,-4.74410925895492E-19,0.0424961590418232));
#1603=CARTESIAN_POINT('',(0.0238428084281975,-0.00250150996856885,0.0424961590418232));
#1604=CARTESIAN_POINT('',(0.0252598000000605,-0.00462218772066742,0.0424961590418232));
#1605=CARTESIAN_POINT('',(0.0273804777521591,-0.00603917929253041,0.0424961590418232));
#1606=CARTESIAN_POINT('',(0.0298819877207279,-0.00653676056240225,0.0424961590418232));
#1607=CARTESIAN_POINT('',(0.0323834976892968,-0.00603917929253041,0.0424961590418232));
#1608=CARTESIAN_POINT('',(0.0345041754413953,-0.00462218772066742,0.0424961590418232));
#1609=CARTESIAN_POINT('',(0.0359211670132583,-0.00250150996856885,0.0424961590418232));
#1610=CARTESIAN_POINT('',(0.0364187482831302,-6.64003921480289E-19,0.0424961590418232));
#1611=CARTESIAN_POINT('',(0.0359211670132583,0.00250150996856885,0.0424961590418232));
#1612=CARTESIAN_POINT('',(0.0345041754413953,0.00462218772066742,0.0424961590418232));
#1613=CARTESIAN_POINT('',(0.0323834976892968,0.00603917929253041,0.0424961590418232));
#1614=CARTESIAN_POINT('',(0.0298819877207279,0.00653676056240226,0.0424961590418232));
#1615=CARTESIAN_POINT('',(0.0273804777521591,0.00603917929253041,0.0424961590418232));
#1616=CARTESIAN_POINT('',(0.0252598000000605,0.00462218772066743,0.0424961590418232));
#1617=CARTESIAN_POINT('',(0.0238428084281975,0.00250150996856885,0.0424961590418232));
#1618=CARTESIAN_POINT('',(0.0233452271583257,-4.74410925895492E-19,0.0424961590418232));
#1619=CARTESIAN_POINT('',(0.0238428084281975,-0.00250150996856885,0.0424961590418232));
#1620=CARTESIAN_POINT('',(0.0241765031915725,0.00236328907188604,0.0428580870239679));
#1621=CARTESIAN_POINT('',(0.0237064157674812,-5.57853240621147E-19,0.0428580870239679));
#1622=CARTESIAN_POINT('',(0.0241765031915725,-0.00236328907188604,0.0428580870239679));
#1623=CARTESIAN_POINT('',(0.0255151989148817,-0.00436678880584621,0.0428580870239679));
#1624=CARTESIAN_POINT('',(0.0275186986488419,-0.0057054845291554,0.0428580870239679));
#1625=CARTESIAN_POINT('',(0.0298819877207279,-0.00617557195324673,0.0428580870239679));
#1626=CARTESIAN_POINT('',(0.032245276792614,-0.0057054845291554,0.0428580870239678));
#1627=CARTESIAN_POINT('',(0.0342487765265741,-0.00436678880584621,0.0428580870239679));
#1628=CARTESIAN_POINT('',(0.0355874722498833,-0.00236328907188604,0.0428580870239679));
#1629=CARTESIAN_POINT('',(0.0360575596739746,-6.52535315376892E-19,0.0428580870239679));
#1630=CARTESIAN_POINT('',(0.0355874722498833,0.00236328907188604,0.0428580870239679));
#1631=CARTESIAN_POINT('',(0.0342487765265741,0.00436678880584622,0.0428580870239679));
#1632=CARTESIAN_POINT('',(0.0322452767926139,0.0057054845291554,0.0428580870239679));
#1633=CARTESIAN_POINT('',(0.0298819877207279,0.00617557195324673,0.0428580870239679));
#1634=CARTESIAN_POINT('',(0.0275186986488419,0.00570548452915541,0.0428580870239679));
#1635=CARTESIAN_POINT('',(0.0255151989148817,0.00436678880584621,0.0428580870239679));
#1636=CARTESIAN_POINT('',(0.0241765031915725,0.00236328907188604,0.0428580870239679));
#1637=CARTESIAN_POINT('',(0.0237064157674812,-5.57853240621147E-19,0.0428580870239679));
#1638=CARTESIAN_POINT('',(0.0241765031915725,-0.00236328907188604,0.0428580870239679));
#1639=CARTESIAN_POINT('',(0.024572586419951,0.00219922602686313,0.0430393342597359));
#1640=CARTESIAN_POINT('',(0.0241351331645447,-5.86063240848545E-19,0.0430393342597359));
#1641=CARTESIAN_POINT('',(0.024572586419951,-0.00219922602686313,0.0430393342597359));
#1642=CARTESIAN_POINT('',(0.025818347893558,-0.00406363982716992,0.0430393342597358));
#1643=CARTESIAN_POINT('',(0.0276827616938648,-0.00530940130077686,0.0430393342597359));
#1644=CARTESIAN_POINT('',(0.0298819877207279,-0.00574685455618317,0.0430393342597358));
#1645=CARTESIAN_POINT('',(0.032081213747591,-0.00530940130077687,0.0430393342597359));
#1646=CARTESIAN_POINT('',(0.0339456275478978,-0.00406363982716992,0.0430393342597358));
#1647=CARTESIAN_POINT('',(0.0351913890215048,-0.00219922602686313,0.0430393342597359));
#1648=CARTESIAN_POINT('',(0.0356288422769111,-8.87952282122398E-19,0.0430393342597359));
#1649=CARTESIAN_POINT('',(0.0351913890215048,0.00219922602686313,0.0430393342597359));
#1650=CARTESIAN_POINT('',(0.0339456275478978,0.00406363982716992,0.0430393342597359));
#1651=CARTESIAN_POINT('',(0.032081213747591,0.00530940130077687,0.0430393342597359));
#1652=CARTESIAN_POINT('',(0.0298819877207279,0.00574685455618317,0.0430393342597359));
#1653=CARTESIAN_POINT('',(0.0276827616938648,0.00530940130077686,0.0430393342597359));
#1654=CARTESIAN_POINT('',(0.025818347893558,0.00406363982716993,0.0430393342597358));
#1655=CARTESIAN_POINT('',(0.024572586419951,0.00219922602686313,0.0430393342597359));
#1656=CARTESIAN_POINT('',(0.0241351331645447,-5.86063240848545E-19,0.0430393342597359));
#1657=CARTESIAN_POINT('',(0.024572586419951,-0.00219922602686313,0.0430393342597359));
#1658=CARTESIAN_POINT('',(0.0250703955344309,0.00199302674017262,0.0431125812859571));
#1659=CARTESIAN_POINT('',(0.0246739578672922,-2.29890958296444E-19,0.0431125812859571));
#1660=CARTESIAN_POINT('',(0.0250703955344309,-0.00199302674017261,0.0431125812859571));
#1661=CARTESIAN_POINT('',(0.0261993544947416,-0.00368263322598633,0.0431125812859571));
#1662=CARTESIAN_POINT('',(0.0278889609805553,-0.00481159218629696,0.0431125812859571));
#1663=CARTESIAN_POINT('',(0.0298819877207279,-0.00520802985343565,0.0431125812859571));
#1664=CARTESIAN_POINT('',(0.0318750144609005,-0.00481159218629696,0.043112581285957));
#1665=CARTESIAN_POINT('',(0.0335646209467142,-0.00368263322598633,0.0431125812859571));
#1666=CARTESIAN_POINT('',(0.0346935799070248,-0.00199302674017261,0.043112581285957));
#1667=CARTESIAN_POINT('',(0.0350900175741636,-5.22765103924304E-19,0.0431125812859571));
#1668=CARTESIAN_POINT('',(0.0346935799070248,0.00199302674017261,0.0431125812859571));
#1669=CARTESIAN_POINT('',(0.0335646209467142,0.00368263322598633,0.043112581285957));
#1670=CARTESIAN_POINT('',(0.0318750144609005,0.00481159218629696,0.043112581285957));
#1671=CARTESIAN_POINT('',(0.0298819877207279,0.00520802985343566,0.0431125812859571));
#1672=CARTESIAN_POINT('',(0.0278889609805553,0.00481159218629696,0.0431125812859571));
#1673=CARTESIAN_POINT('',(0.0261993544947416,0.00368263322598634,0.0431125812859571));
#1674=CARTESIAN_POINT('',(0.0250703955344309,0.00199302674017262,0.0431125812859571));
#1675=CARTESIAN_POINT('',(0.0246739578672922,-2.29890958296444E-19,0.0431125812859571));
#1676=CARTESIAN_POINT('',(0.0250703955344309,-0.00199302674017261,0.0431125812859571));
#1677=CARTESIAN_POINT('',(0.0254564506818934,0.0018331174622697,0.0430908932959766));
#1678=CARTESIAN_POINT('',(0.0250918209477884,-6.87364128491052E-19,0.0430908932959766));
#1679=CARTESIAN_POINT('',(0.0254564506818934,-0.0018331174622697,0.0430908932959766));
#1680=CARTESIAN_POINT('',(0.0264948283125679,-0.00338715940816002,0.0430908932959766));
#1681=CARTESIAN_POINT('',(0.0280488702584582,-0.00442553703883447,0.0430908932959766));
#1682=CARTESIAN_POINT('',(0.0298819877207279,-0.00479016677293953,0.0430908932959766));
#1683=CARTESIAN_POINT('',(0.0317151051829976,-0.00442553703883447,0.0430908932959767));
#1684=CARTESIAN_POINT('',(0.0332691471288879,-0.00338715940816002,0.0430908932959766));
#1685=CARTESIAN_POINT('',(0.0343075247595624,-0.00183311746226971,0.0430908932959767));
#1686=CARTESIAN_POINT('',(0.0346721544936674,-4.49947849138191E-19,0.0430908932959766));
#1687=CARTESIAN_POINT('',(0.0343075247595624,0.0018331174622697,0.0430908932959766));
#1688=CARTESIAN_POINT('',(0.0332691471288879,0.00338715940816002,0.0430908932959767));
#1689=CARTESIAN_POINT('',(0.0317151051829976,0.00442553703883447,0.0430908932959766));
#1690=CARTESIAN_POINT('',(0.0298819877207279,0.00479016677293953,0.0430908932959766));
#1691=CARTESIAN_POINT('',(0.0280488702584582,0.00442553703883447,0.0430908932959767));
#1692=CARTESIAN_POINT('',(0.0264948283125679,0.00338715940816002,0.0430908932959766));
#1693=CARTESIAN_POINT('',(0.0254564506818934,0.0018331174622697,0.0430908932959766));
#1694=CARTESIAN_POINT('',(0.0250918209477884,-6.87364128491052E-19,0.0430908932959766));
#1695=CARTESIAN_POINT('',(0.0254564506818934,-0.0018331174622697,0.0430908932959766));
#1696=CARTESIAN_POINT('',(0.0257136847952602,0.00172656760380818,0.0430763587355614));
#1697=CARTESIAN_POINT('',(0.0253702491457457,-5.63785129692463E-19,0.0430763587355614));
#1698=CARTESIAN_POINT('',(0.0257136847952602,-0.00172656760380817,0.0430763587355613));
#1699=CARTESIAN_POINT('',(0.026691706779417,-0.00319028094131086,0.0430763587355614));
#1700=CARTESIAN_POINT('',(0.0281554201169197,-0.00416830292546771,0.0430763587355614));
#1701=CARTESIAN_POINT('',(0.0298819877207279,-0.00451173857498222,0.0430763587355613));
#1702=CARTESIAN_POINT('',(0.0316085553245361,-0.00416830292546771,0.0430763587355614));
#1703=CARTESIAN_POINT('',(0.0330722686620388,-0.00319028094131086,0.0430763587355613));
#1704=CARTESIAN_POINT('',(0.0340502906461956,-0.00172656760380818,0.0430763587355614));
#1705=CARTESIAN_POINT('',(0.0343937262957101,-4.8790225134031E-19,0.0430763587355614));
#1706=CARTESIAN_POINT('',(0.0340502906461956,0.00172656760380817,0.0430763587355614));
#1707=CARTESIAN_POINT('',(0.0330722686620388,0.00319028094131086,0.0430763587355613));
#1708=CARTESIAN_POINT('',(0.0316085553245361,0.00416830292546771,0.0430763587355614));
#1709=CARTESIAN_POINT('',(0.0298819877207279,0.00451173857498222,0.0430763587355614));
#1710=CARTESIAN_POINT('',(0.0281554201169197,0.00416830292546771,0.0430763587355614));
#1711=CARTESIAN_POINT('',(0.026691706779417,0.00319028094131086,0.0430763587355613));
#1712=CARTESIAN_POINT('',(0.0257136847952602,0.00172656760380818,0.0430763587355614));
#1713=CARTESIAN_POINT('',(0.0253702491457457,-5.63785129692463E-19,0.0430763587355614));
#1714=CARTESIAN_POINT('',(0.0257136847952602,-0.00172656760380817,0.0430763587355613));
#1715=CARTESIAN_POINT('',(0.0298819877207279,0.,0.03244743285229));
#1716=CARTESIAN_POINT('',(0.0351549320579492,0.,0.03244743285229));
#1717=CARTESIAN_POINT('',(0.024179502210942,0.00236204683738936,0.0321842655539513));
#1718=CARTESIAN_POINT('',(0.0237096618826552,4.66206934168767E-18,0.0321842655539513));
#1719=CARTESIAN_POINT('',(0.024179502210942,-0.00236204683738937,0.0321842655539512));
#1720=CARTESIAN_POINT('',(0.0255174942649338,-0.00436449345579411,0.0321842655539513));
#1721=CARTESIAN_POINT('',(0.0275199408833385,-0.0057024855097859,0.0321842655539513));
#1722=CARTESIAN_POINT('',(0.0298819877207279,-0.00617232583807265,0.0321842655539512));
#1723=CARTESIAN_POINT('',(0.0322440345581173,-0.00570248550978589,0.0321842655539513));
#1724=CARTESIAN_POINT('',(0.034246481176522,-0.00436449345579411,0.0321842655539513));
#1725=CARTESIAN_POINT('',(0.0355844732305138,-0.00236204683738937,0.0321842655539513));
#1726=CARTESIAN_POINT('',(0.0360543135588005,-1.0224978075115E-18,0.0321842655539512));
#1727=CARTESIAN_POINT('',(0.0355844732305138,0.00236204683738937,0.0321842655539513));
#1728=CARTESIAN_POINT('',(0.034246481176522,0.00436449345579411,0.0321842655539513));
#1729=CARTESIAN_POINT('',(0.0322440345581173,0.0057024855097859,0.0321842655539513));
#1730=CARTESIAN_POINT('',(0.0298819877207279,0.00617232583807265,0.0321842655539513));
#1731=CARTESIAN_POINT('',(0.0275199408833385,0.0057024855097859,0.0321842655539513));
#1732=CARTESIAN_POINT('',(0.0255174942649338,0.00436449345579411,0.0321842655539513));
#1733=CARTESIAN_POINT('',(0.024179502210942,0.00236204683738936,0.0321842655539513));
#1734=CARTESIAN_POINT('',(0.0237096618826552,4.66206934168767E-18,0.0321842655539513));
#1735=CARTESIAN_POINT('',(0.024179502210942,-0.00236204683738937,0.0321842655539512));
#1736=CARTESIAN_POINT('',(0.0244036792572565,0.00226918966443318,0.0324223811416075));
#1737=CARTESIAN_POINT('',(0.0239523093690706,4.44522890719057E-18,0.0324223811416075));
#1738=CARTESIAN_POINT('',(0.0244036792572565,-0.00226918966443319,0.0324223811416075));
#1739=CARTESIAN_POINT('',(0.0256890719480159,-0.00419291577271195,0.0324223811416075));
#1740=CARTESIAN_POINT('',(0.0276127980562947,-0.00547830846347146,0.0324223811416075));
#1741=CARTESIAN_POINT('',(0.0298819877207279,-0.00592967835165731,0.0324223811416075));
#1742=CARTESIAN_POINT('',(0.0321511773851611,-0.00547830846347146,0.0324223811416075));
#1743=CARTESIAN_POINT('',(0.0340749034934398,-0.00419291577271196,0.0324223811416075));
#1744=CARTESIAN_POINT('',(0.0353602961841993,-0.00226918966443319,0.0324223811416075));
#1745=CARTESIAN_POINT('',(0.0358116660723852,-1.03704295140263E-18,0.0324223811416075));
#1746=CARTESIAN_POINT('',(0.0353602961841993,0.00226918966443319,0.0324223811416075));
#1747=CARTESIAN_POINT('',(0.0340749034934399,0.00419291577271195,0.0324223811416075));
#1748=CARTESIAN_POINT('',(0.0321511773851611,0.00547830846347146,0.0324223811416075));
#1749=CARTESIAN_POINT('',(0.0298819877207279,0.00592967835165732,0.0324223811416075));
#1750=CARTESIAN_POINT('',(0.0276127980562947,0.00547830846347146,0.0324223811416075));
#1751=CARTESIAN_POINT('',(0.0256890719480159,0.00419291577271195,0.0324223811416075));
#1752=CARTESIAN_POINT('',(0.0244036792572565,0.00226918966443318,0.0324223811416075));
#1753=CARTESIAN_POINT('',(0.0239523093690706,4.44522890719057E-18,0.0324223811416075));
#1754=CARTESIAN_POINT('',(0.0244036792572565,-0.00226918966443319,0.0324223811416075));
#1755=CARTESIAN_POINT('',(0.0246383770957414,0.00217197463667304,0.0325101035743872));
#1756=CARTESIAN_POINT('',(0.0242063444788722,4.77048955893622E-18,0.0325101035743872));
#1757=CARTESIAN_POINT('',(0.0246383770957414,-0.00217197463667306,0.0325101035743872));
#1758=CARTESIAN_POINT('',(0.0258687018968162,-0.00401328582391175,0.0325101035743872));
#1759=CARTESIAN_POINT('',(0.0277100130840548,-0.00524361062498647,0.0325101035743872));
#1760=CARTESIAN_POINT('',(0.0298819877207279,-0.00567564324185568,0.0325101035743872));
#1761=CARTESIAN_POINT('',(0.0320539623574009,-0.00524361062498647,0.0325101035743872));
#1762=CARTESIAN_POINT('',(0.0338952735446397,-0.00401328582391175,0.0325101035743872));
#1763=CARTESIAN_POINT('',(0.0351255983457144,-0.00217197463667306,0.0325101035743872));
#1764=CARTESIAN_POINT('',(0.0355576309625836,-1.48020992766159E-18,0.0325101035743872));
#1765=CARTESIAN_POINT('',(0.0351255983457144,0.00217197463667306,0.0325101035743872));
#1766=CARTESIAN_POINT('',(0.0338952735446397,0.00401328582391175,0.0325101035743872));
#1767=CARTESIAN_POINT('',(0.032053962357401,0.00524361062498647,0.0325101035743872));
#1768=CARTESIAN_POINT('',(0.0298819877207279,0.00567564324185568,0.0325101035743872));
#1769=CARTESIAN_POINT('',(0.0277100130840548,0.00524361062498647,0.0325101035743872));
#1770=CARTESIAN_POINT('',(0.0258687018968161,0.00401328582391175,0.0325101035743872));
#1771=CARTESIAN_POINT('',(0.0246383770957414,0.00217197463667304,0.0325101035743872));
#1772=CARTESIAN_POINT('',(0.0242063444788722,4.77048955893622E-18,0.0325101035743872));
#1773=CARTESIAN_POINT('',(0.0246383770957414,-0.00217197463667306,0.0325101035743872));
#1774=CARTESIAN_POINT('',(0.0248835957263981,0.00207040175410852,0.03244743285229));
#1775=CARTESIAN_POINT('',(0.0244717672120613,3.79470760369927E-18,0.03244743285229));
#1776=CARTESIAN_POINT('',(0.0248835957263981,-0.00207040175410853,0.03244743285229));
#1777=CARTESIAN_POINT('',(0.0260563841113352,-0.00382560360939267,0.03244743285229));
#1778=CARTESIAN_POINT('',(0.0278115859666194,-0.00499839199432985,0.03244743285229));
#1779=CARTESIAN_POINT('',(0.0298819877207279,-0.00541022050866657,0.03244743285229));
#1780=CARTESIAN_POINT('',(0.0319523894748364,-0.00499839199432985,0.03244743285229));
#1781=CARTESIAN_POINT('',(0.0337075913301206,-0.00382560360939267,0.03244743285229));
#1782=CARTESIAN_POINT('',(0.0348803797150578,-0.00207040175410853,0.03244743285229));
#1783=CARTESIAN_POINT('',(0.0352922082293945,-7.79114801518796E-19,0.03244743285229));
#1784=CARTESIAN_POINT('',(0.0348803797150578,0.00207040175410853,0.03244743285229));
#1785=CARTESIAN_POINT('',(0.0337075913301206,0.00382560360939267,0.03244743285229));
#1786=CARTESIAN_POINT('',(0.0319523894748364,0.00499839199432985,0.03244743285229));
#1787=CARTESIAN_POINT('',(0.0298819877207279,0.00541022050866658,0.03244743285229));
#1788=CARTESIAN_POINT('',(0.0278115859666194,0.00499839199432985,0.03244743285229));
#1789=CARTESIAN_POINT('',(0.0260563841113352,0.00382560360939267,0.03244743285229));
#1790=CARTESIAN_POINT('',(0.0248835957263981,0.00207040175410852,0.03244743285229));
#1791=CARTESIAN_POINT('',(0.0244717672120613,3.79470760369927E-18,0.03244743285229));
#1792=CARTESIAN_POINT('',(0.0248835957263981,-0.00207040175410853,0.03244743285229));
#1793=CARTESIAN_POINT('',(0.0298819877207279,0.,0.0321842655539513));
#1794=CARTESIAN_POINT('',(0.0358977001160383,0.,0.0321842655539513));
#1795=CARTESIAN_POINT('',(0.0246529756948708,0.00216592769892203,0.0312375463545323));
#1796=CARTESIAN_POINT('',(0.024222145888705,4.28259858131774E-18,0.0312375463545322));
#1797=CARTESIAN_POINT('',(0.0246529756948708,-0.00216592769892204,0.0312375463545323));
#1798=CARTESIAN_POINT('',(0.0258798751808612,-0.00400211253986668,0.0312375463545323));
#1799=CARTESIAN_POINT('',(0.0277160600218059,-0.00522901202585713,0.0312375463545322));
#1800=CARTESIAN_POINT('',(0.0298819877207279,-0.00565984183202289,0.0312375463545323));
#1801=CARTESIAN_POINT('',(0.0320479154196499,-0.00522901202585713,0.0312375463545323));
#1802=CARTESIAN_POINT('',(0.0338841002605946,-0.00400211253986668,0.0312375463545323));
#1803=CARTESIAN_POINT('',(0.035110999746585,-0.00216592769892204,0.0312375463545322));
#1804=CARTESIAN_POINT('',(0.0355418295527508,-7.63550571112999E-19,0.0312375463545323));
#1805=CARTESIAN_POINT('',(0.035110999746585,0.00216592769892204,0.0312375463545323));
#1806=CARTESIAN_POINT('',(0.0338841002605946,0.00400211253986668,0.0312375463545322));
#1807=CARTESIAN_POINT('',(0.0320479154196499,0.00522901202585713,0.0312375463545323));
#1808=CARTESIAN_POINT('',(0.0298819877207279,0.00565984183202289,0.0312375463545323));
#1809=CARTESIAN_POINT('',(0.0277160600218059,0.00522901202585713,0.0312375463545323));
#1810=CARTESIAN_POINT('',(0.0258798751808612,0.00400211253986667,0.0312375463545322));
#1811=CARTESIAN_POINT('',(0.0246529756948708,0.00216592769892203,0.0312375463545323));
#1812=CARTESIAN_POINT('',(0.024222145888705,4.28259858131774E-18,0.0312375463545322));
#1813=CARTESIAN_POINT('',(0.0246529756948708,-0.00216592769892204,0.0312375463545323));
#1814=CARTESIAN_POINT('',(0.0241927414590936,0.00235656296124933,0.0314268904427688));
#1815=CARTESIAN_POINT('',(0.0237239919415923,4.66206934168767E-18,0.0314268904427688));
#1816=CARTESIAN_POINT('',(0.0241927414590937,-0.00235656296124935,0.0314268904427688));
#1817=CARTESIAN_POINT('',(0.025527627146783,-0.00435436057394492,0.0314268904427688));
#1818=CARTESIAN_POINT('',(0.0275254247594786,-0.00568924626163427,0.0314268904427688));
#1819=CARTESIAN_POINT('',(0.0298819877207279,-0.0061579957791356,0.0314268904427688));
#1820=CARTESIAN_POINT('',(0.0322385506819772,-0.00568924626163427,0.0314268904427688));
#1821=CARTESIAN_POINT('',(0.0342363482946729,-0.00435436057394492,0.0314268904427688));
#1822=CARTESIAN_POINT('',(0.0355712339823622,-0.00235656296124935,0.0314268904427688));
#1823=CARTESIAN_POINT('',(0.0360399834998635,-8.27134290438725E-19,0.0314268904427688));
#1824=CARTESIAN_POINT('',(0.0355712339823622,0.00235656296124935,0.0314268904427688));
#1825=CARTESIAN_POINT('',(0.0342363482946729,0.00435436057394491,0.0314268904427688));
#1826=CARTESIAN_POINT('',(0.0322385506819772,0.00568924626163428,0.0314268904427688));
#1827=CARTESIAN_POINT('',(0.0298819877207279,0.0061579957791356,0.0314268904427688));
#1828=CARTESIAN_POINT('',(0.0275254247594786,0.00568924626163427,0.0314268904427688));
#1829=CARTESIAN_POINT('',(0.025527627146783,0.00435436057394492,0.0314268904427688));
#1830=CARTESIAN_POINT('',(0.0241927414590936,0.00235656296124933,0.0314268904427688));
#1831=CARTESIAN_POINT('',(0.0237239919415923,4.66206934168767E-18,0.0314268904427688));
#1832=CARTESIAN_POINT('',(0.0241927414590937,-0.00235656296124935,0.0314268904427688));
#1833=CARTESIAN_POINT('',(0.0240349169644507,0.0024219360074051,0.0317424635092418));
#1834=CARTESIAN_POINT('',(0.0235531639395757,3.84891771232354E-18,0.0317424635092417));
#1835=CARTESIAN_POINT('',(0.0240349169644507,-0.00242193600740511,0.0317424635092417));
#1836=CARTESIAN_POINT('',(0.0254068335081405,-0.00447515421258738,0.0317424635092417));
#1837=CARTESIAN_POINT('',(0.0274600517133228,-0.00584707075627717,0.0317424635092417));
#1838=CARTESIAN_POINT('',(0.0298819877207279,-0.00632882378115215,0.0317424635092417));
#1839=CARTESIAN_POINT('',(0.032303923728133,-0.00584707075627717,0.0317424635092417));
#1840=CARTESIAN_POINT('',(0.0343571419333152,-0.00447515421258737,0.0317424635092417));
#1841=CARTESIAN_POINT('',(0.0357290584770051,-0.00242193600740511,0.0317424635092417));
#1842=CARTESIAN_POINT('',(0.0362108115018801,-3.90462336349531E-19,0.0317424635092417));
#1843=CARTESIAN_POINT('',(0.0357290584770051,0.00242193600740511,0.0317424635092417));
#1844=CARTESIAN_POINT('',(0.0343571419333152,0.00447515421258738,0.0317424635092417));
#1845=CARTESIAN_POINT('',(0.032303923728133,0.00584707075627716,0.0317424635092417));
#1846=CARTESIAN_POINT('',(0.0298819877207279,0.00632882378115215,0.0317424635092417));
#1847=CARTESIAN_POINT('',(0.0274600517133228,0.00584707075627717,0.0317424635092418));
#1848=CARTESIAN_POINT('',(0.0254068335081405,0.00447515421258737,0.0317424635092417));
#1849=CARTESIAN_POINT('',(0.0240349169644507,0.0024219360074051,0.0317424635092418));
#1850=CARTESIAN_POINT('',(0.0235531639395757,3.84891771232354E-18,0.0317424635092417));
#1851=CARTESIAN_POINT('',(0.0240349169644507,-0.00242193600740511,0.0317424635092417));
#1852=CARTESIAN_POINT('',(0.024179502210942,0.00236204683738936,0.0321842655539513));
#1853=CARTESIAN_POINT('',(0.0237096618826552,4.66206934168767E-18,0.0321842655539513));
#1854=CARTESIAN_POINT('',(0.024179502210942,-0.00236204683738937,0.0321842655539512));
#1855=CARTESIAN_POINT('',(0.0255174942649338,-0.00436449345579411,0.0321842655539513));
#1856=CARTESIAN_POINT('',(0.0275199408833385,-0.0057024855097859,0.0321842655539513));
#1857=CARTESIAN_POINT('',(0.0298819877207279,-0.00617232583807265,0.0321842655539512));
#1858=CARTESIAN_POINT('',(0.0322440345581173,-0.00570248550978589,0.0321842655539513));
#1859=CARTESIAN_POINT('',(0.034246481176522,-0.00436449345579411,0.0321842655539513));
#1860=CARTESIAN_POINT('',(0.0355844732305138,-0.00236204683738937,0.0321842655539513));
#1861=CARTESIAN_POINT('',(0.0360543135588005,-1.0224978075115E-18,0.0321842655539512));
#1862=CARTESIAN_POINT('',(0.0355844732305138,0.00236204683738937,0.0321842655539513));
#1863=CARTESIAN_POINT('',(0.034246481176522,0.00436449345579411,0.0321842655539513));
#1864=CARTESIAN_POINT('',(0.0322440345581173,0.0057024855097859,0.0321842655539513));
#1865=CARTESIAN_POINT('',(0.0298819877207279,0.00617232583807265,0.0321842655539513));
#1866=CARTESIAN_POINT('',(0.0275199408833385,0.0057024855097859,0.0321842655539513));
#1867=CARTESIAN_POINT('',(0.0255174942649338,0.00436449345579411,0.0321842655539513));
#1868=CARTESIAN_POINT('',(0.024179502210942,0.00236204683738936,0.0321842655539513));
#1869=CARTESIAN_POINT('',(0.0237096618826552,4.66206934168767E-18,0.0321842655539513));
#1870=CARTESIAN_POINT('',(0.024179502210942,-0.00236204683738937,0.0321842655539512));
#1871=CARTESIAN_POINT('',(0.0298819877207279,0.,0.0312375463545322));
#1872=CARTESIAN_POINT('',(0.0353982196173622,0.,0.0312375463545322));
#1873=CARTESIAN_POINT('',(0.0298819877207279,0.,0.028575));
#1874=CARTESIAN_POINT('',(0.0298819877207279,0.,0.0306774042546749));
#1875=CARTESIAN_POINT('',(0.0353982196173622,0.,0.0306774042546749));
#1876=CARTESIAN_POINT('',(0.0298819877207279,0.,0.0299752540886402));
#1877=CARTESIAN_POINT('',(0.0298819877207279,0.,0.0299752540886402));
#1878=CARTESIAN_POINT('',(0.0359354428946972,0.,0.0299752540886402));
#1879=CARTESIAN_POINT('',(0.0298819877207279,0.,0.028575));
#1880=CARTESIAN_POINT('',(0.0298819877207279,0.,0.0271630194038152));
#1881=CARTESIAN_POINT('',(0.0359354428946972,0.,0.0271630194038152));
#1882=CARTESIAN_POINT('',(0.0298819877207279,0.,0.0264614513547088));
#1883=CARTESIAN_POINT('',(0.0298819877207279,0.,0.0264614513547088));
#1884=CARTESIAN_POINT('',(0.0353982196173622,0.,0.0264614513547088));
#1885=CARTESIAN_POINT('',(0.0298819877207279,0.,0.028575));
#1886=CARTESIAN_POINT('',(0.0298819877207279,0.,0.0251461661353422));
#1887=CARTESIAN_POINT('',(0.0353982196173622,0.,0.0251461661353422));
#1888=CARTESIAN_POINT('',(0.0227565626082264,0.00295144771927193,0.0236375025610711));
#1889=CARTESIAN_POINT('',(0.0221694831551887,5.58364118830035E-18,0.0236375025610711));
#1890=CARTESIAN_POINT('',(0.0227565626082264,-0.00295144771927195,0.0236375025610711));
#1891=CARTESIAN_POINT('',(0.0244284234425029,-0.00545356427822494,0.0236375025610711));
#1892=CARTESIAN_POINT('',(0.026930540001456,-0.00712542511250148,0.0236375025610711));
#1893=CARTESIAN_POINT('',(0.0298819877207279,-0.00771250456553916,0.0236375025610711));
#1894=CARTESIAN_POINT('',(0.0328334354399999,-0.00712542511250148,0.0236375025610711));
#1895=CARTESIAN_POINT('',(0.0353355519989529,-0.00545356427822495,0.0236375025610711));
#1896=CARTESIAN_POINT('',(0.0370074128332294,-0.00295144771927195,0.0236375025610711));
#1897=CARTESIAN_POINT('',(0.0375944922862671,-1.21617718485711E-18,0.0236375025610711));
#1898=CARTESIAN_POINT('',(0.0370074128332294,0.00295144771927195,0.0236375025610711));
#1899=CARTESIAN_POINT('',(0.0353355519989528,0.00545356427822494,0.0236375025610711));
#1900=CARTESIAN_POINT('',(0.0328334354399999,0.00712542511250148,0.0236375025610711));
#1901=CARTESIAN_POINT('',(0.0298819877207279,0.00771250456553916,0.0236375025610711));
#1902=CARTESIAN_POINT('',(0.026930540001456,0.00712542511250148,0.0236375025610711));
#1903=CARTESIAN_POINT('',(0.0244284234425029,0.00545356427822494,0.0236375025610711));
#1904=CARTESIAN_POINT('',(0.0227565626082264,0.00295144771927193,0.0236375025610711));
#1905=CARTESIAN_POINT('',(0.0221694831551887,5.58364118830035E-18,0.0236375025610711));
#1906=CARTESIAN_POINT('',(0.0227565626082264,-0.00295144771927195,0.0236375025610711));
#1907=CARTESIAN_POINT('',(0.0229011446505928,0.00289155987644821,0.0246547207963303));
#1908=CARTESIAN_POINT('',(0.0223259776301484,6.3425827090402E-18,0.0246547207963302));
#1909=CARTESIAN_POINT('',(0.0229011446505927,-0.00289155987644823,0.0246547207963303));
#1910=CARTESIAN_POINT('',(0.0245390817469652,-0.00534290597376275,0.0246547207963303));
#1911=CARTESIAN_POINT('',(0.0269904278442797,-0.00698084307013517,0.0246547207963303));
#1912=CARTESIAN_POINT('',(0.0298819877207279,-0.00755601009057952,0.0246547207963303));
#1913=CARTESIAN_POINT('',(0.0327735475971762,-0.00698084307013517,0.0246547207963303));
#1914=CARTESIAN_POINT('',(0.0352248936944907,-0.00534290597376276,0.0246547207963303));
#1915=CARTESIAN_POINT('',(0.0368628307908631,-0.00289155987644822,0.0246547207963303));
#1916=CARTESIAN_POINT('',(0.0374379978113074,-7.16715604830246E-19,0.0246547207963303));
#1917=CARTESIAN_POINT('',(0.0368628307908631,0.00289155987644822,0.0246547207963303));
#1918=CARTESIAN_POINT('',(0.0352248936944907,0.00534290597376276,0.0246547207963303));
#1919=CARTESIAN_POINT('',(0.0327735475971761,0.00698084307013517,0.0246547207963303));
#1920=CARTESIAN_POINT('',(0.0298819877207279,0.00755601009057952,0.0246547207963303));
#1921=CARTESIAN_POINT('',(0.0269904278442797,0.00698084307013517,0.0246547207963303));
#1922=CARTESIAN_POINT('',(0.0245390817469652,0.00534290597376275,0.0246547207963303));
#1923=CARTESIAN_POINT('',(0.0229011446505928,0.00289155987644821,0.0246547207963303));
#1924=CARTESIAN_POINT('',(0.0223259776301484,6.3425827090402E-18,0.0246547207963302));
#1925=CARTESIAN_POINT('',(0.0229011446505927,-0.00289155987644823,0.0246547207963303));
#1926=CARTESIAN_POINT('',(0.0235332823461181,0.00262971986967432,0.0251576086544208));
#1927=CARTESIAN_POINT('',(0.0230101985412959,4.71627945031194E-18,0.0251576086544208));
#1928=CARTESIAN_POINT('',(0.0235332823461181,-0.00262971986967433,0.0251576086544208));
#1929=CARTESIAN_POINT('',(0.0250228989930672,-0.00485908872766073,0.0251576086544208));
#1930=CARTESIAN_POINT('',(0.0272522678510536,-0.00634870537460978,0.0251576086544208));
#1931=CARTESIAN_POINT('',(0.0298819877207279,-0.00687178917943203,0.0251576086544208));
#1932=CARTESIAN_POINT('',(0.0325117075904022,-0.00634870537460978,0.0251576086544208));
#1933=CARTESIAN_POINT('',(0.0347410764483886,-0.00485908872766073,0.0251576086544208));
#1934=CARTESIAN_POINT('',(0.0362306930953377,-0.00262971986967433,0.0251576086544208));
#1935=CARTESIAN_POINT('',(0.0367537769001599,-7.14958673209184E-19,0.0251576086544208));
#1936=CARTESIAN_POINT('',(0.0362306930953377,0.00262971986967433,0.0251576086544208));
#1937=CARTESIAN_POINT('',(0.0347410764483886,0.00485908872766073,0.0251576086544208));
#1938=CARTESIAN_POINT('',(0.0325117075904022,0.00634870537460978,0.0251576086544208));
#1939=CARTESIAN_POINT('',(0.0298819877207279,0.00687178917943203,0.0251576086544208));
#1940=CARTESIAN_POINT('',(0.0272522678510536,0.00634870537460978,0.0251576086544208));
#1941=CARTESIAN_POINT('',(0.0250228989930672,0.00485908872766072,0.0251576086544208));
#1942=CARTESIAN_POINT('',(0.0235332823461181,0.00262971986967432,0.0251576086544208));
#1943=CARTESIAN_POINT('',(0.0230101985412959,4.71627945031194E-18,0.0251576086544208));
#1944=CARTESIAN_POINT('',(0.0235332823461181,-0.00262971986967433,0.0251576086544208));
#1945=CARTESIAN_POINT('',(0.0246529756948902,0.00216592769891398,0.025146166135342));
#1946=CARTESIAN_POINT('',(0.024222145888726,4.33680868994202E-18,0.025146166135342));
#1947=CARTESIAN_POINT('',(0.0246529756948902,-0.00216592769891399,0.025146166135342));
#1948=CARTESIAN_POINT('',(0.0258798751808761,-0.0040021125398518,0.025146166135342));
#1949=CARTESIAN_POINT('',(0.0277160600218139,-0.0052290120258377,0.025146166135342));
#1950=CARTESIAN_POINT('',(0.0298819877207279,-0.00565984183200185,0.025146166135342));
#1951=CARTESIAN_POINT('',(0.0320479154196419,-0.0052290120258377,0.025146166135342));
#1952=CARTESIAN_POINT('',(0.0338841002605797,-0.0040021125398518,0.025146166135342));
#1953=CARTESIAN_POINT('',(0.0351109997465656,-0.00216592769891399,0.025146166135342));
#1954=CARTESIAN_POINT('',(0.0355418295527298,-5.11459007631338E-19,0.025146166135342));
#1955=CARTESIAN_POINT('',(0.0351109997465656,0.00216592769891399,0.025146166135342));
#1956=CARTESIAN_POINT('',(0.0338841002605797,0.0040021125398518,0.025146166135342));
#1957=CARTESIAN_POINT('',(0.0320479154196419,0.00522901202583769,0.025146166135342));
#1958=CARTESIAN_POINT('',(0.0298819877207279,0.00565984183200185,0.025146166135342));
#1959=CARTESIAN_POINT('',(0.0277160600218139,0.0052290120258377,0.025146166135342));
#1960=CARTESIAN_POINT('',(0.0258798751808761,0.0040021125398518,0.025146166135342));
#1961=CARTESIAN_POINT('',(0.0246529756948902,0.00216592769891398,0.025146166135342));
#1962=CARTESIAN_POINT('',(0.024222145888726,4.33680868994202E-18,0.025146166135342));
#1963=CARTESIAN_POINT('',(0.0246529756948902,-0.00216592769891399,0.025146166135342));
#1964=CARTESIAN_POINT('',(0.0298819877207279,0.,0.0236375025610711));
#1965=CARTESIAN_POINT('',(0.0373987991352545,0.,0.0236375025610711));
#1966=CARTESIAN_POINT('',(0.0250137256886674,0.00201650015886546,0.0219701323658228));
#1967=CARTESIAN_POINT('',(0.024612618868246,4.11996825544492E-18,0.0219701323658228));
#1968=CARTESIAN_POINT('',(0.0250137256886674,-0.00201650015886547,0.0219701323658228));
#1969=CARTESIAN_POINT('',(0.0261559812725648,-0.00372600644816312,0.0219701323658228));
#1970=CARTESIAN_POINT('',(0.0278654875618624,-0.00486826203206051,0.0219701323658228));
#1971=CARTESIAN_POINT('',(0.0298819877207279,-0.00526936885248189,0.0219701323658228));
#1972=CARTESIAN_POINT('',(0.0318984878795934,-0.00486826203206051,0.0219701323658228));
#1973=CARTESIAN_POINT('',(0.033607994168891,-0.00372600644816312,0.0219701323658228));
#1974=CARTESIAN_POINT('',(0.0347502497527884,-0.00201650015886547,0.0219701323658228));
#1975=CARTESIAN_POINT('',(0.0351513565732098,-8.06461392569799E-19,0.0219701323658228));
#1976=CARTESIAN_POINT('',(0.0347502497527884,0.00201650015886547,0.0219701323658228));
#1977=CARTESIAN_POINT('',(0.033607994168891,0.00372600644816312,0.0219701323658228));
#1978=CARTESIAN_POINT('',(0.0318984878795934,0.00486826203206051,0.0219701323658228));
#1979=CARTESIAN_POINT('',(0.0298819877207279,0.00526936885248189,0.0219701323658228));
#1980=CARTESIAN_POINT('',(0.0278654875618624,0.00486826203206051,0.0219701323658228));
#1981=CARTESIAN_POINT('',(0.0261559812725648,0.00372600644816312,0.0219701323658228));
#1982=CARTESIAN_POINT('',(0.0250137256886674,0.00201650015886546,0.0219701323658228));
#1983=CARTESIAN_POINT('',(0.024612618868246,4.11996825544492E-18,0.0219701323658228));
#1984=CARTESIAN_POINT('',(0.0250137256886674,-0.00201650015886547,0.0219701323658228));
#1985=CARTESIAN_POINT('',(0.0237635145447823,0.00253435457049265,0.0221839703465213));
#1986=CARTESIAN_POINT('',(0.0232594000773861,5.2583805365547E-18,0.0221839703465213));
#1987=CARTESIAN_POINT('',(0.0237635145447823,-0.00253435457049266,0.0221839703465213));
#1988=CARTESIAN_POINT('',(0.0251991110891187,-0.0046828766316092,0.0221839703465213));
#1989=CARTESIAN_POINT('',(0.0273476331502352,-0.00611847317594563,0.0221839703465213));
#1990=CARTESIAN_POINT('',(0.0298819877207279,-0.00662258764334177,0.0221839703465213));
#1991=CARTESIAN_POINT('',(0.0324163422912205,-0.00611847317594562,0.0221839703465213));
#1992=CARTESIAN_POINT('',(0.0345648643523371,-0.0046828766316092,0.0221839703465213));
#1993=CARTESIAN_POINT('',(0.0360004608966735,-0.00253435457049266,0.0221839703465213));
#1994=CARTESIAN_POINT('',(0.0365045753640697,-6.34603039783332E-19,0.0221839703465213));
#1995=CARTESIAN_POINT('',(0.0360004608966735,0.00253435457049266,0.0221839703465213));
#1996=CARTESIAN_POINT('',(0.0345648643523371,0.0046828766316092,0.0221839703465213));
#1997=CARTESIAN_POINT('',(0.0324163422912206,0.00611847317594562,0.0221839703465213));
#1998=CARTESIAN_POINT('',(0.0298819877207279,0.00662258764334177,0.0221839703465213));
#1999=CARTESIAN_POINT('',(0.0273476331502352,0.00611847317594562,0.0221839703465213));
#2000=CARTESIAN_POINT('',(0.0251991110891187,0.0046828766316092,0.0221839703465213));
#2001=CARTESIAN_POINT('',(0.0237635145447823,0.00253435457049265,0.0221839703465213));
#2002=CARTESIAN_POINT('',(0.0232594000773861,5.2583805365547E-18,0.0221839703465213));
#2003=CARTESIAN_POINT('',(0.0237635145447823,-0.00253435457049266,0.0221839703465213));
#2004=CARTESIAN_POINT('',(0.0230111268513081,0.00284600375729226,0.0227397604115823));
#2005=CARTESIAN_POINT('',(0.0224450215063737,5.31259064517897E-18,0.0227397604115823));
#2006=CARTESIAN_POINT('',(0.0230111268513081,-0.00284600375729227,0.0227397604115823));
#2007=CARTESIAN_POINT('',(0.0246232584791028,-0.0052587292416251,0.0227397604115823));
#2008=CARTESIAN_POINT('',(0.0270359839634356,-0.00687086086941979,0.0227397604115823));
#2009=CARTESIAN_POINT('',(0.0298819877207279,-0.0074369662143542,0.0227397604115823));
#2010=CARTESIAN_POINT('',(0.0327279914780202,-0.00687086086941979,0.0227397604115823));
#2011=CARTESIAN_POINT('',(0.035140716962353,-0.0052587292416251,0.0227397604115823));
#2012=CARTESIAN_POINT('',(0.0367528485901477,-0.00284600375729227,0.0227397604115823));
#2013=CARTESIAN_POINT('',(0.0373189539350821,-7.46583442388311E-19,0.0227397604115823));
#2014=CARTESIAN_POINT('',(0.0367528485901477,0.00284600375729227,0.0227397604115823));
#2015=CARTESIAN_POINT('',(0.035140716962353,0.0052587292416251,0.0227397604115823));
#2016=CARTESIAN_POINT('',(0.0327279914780202,0.00687086086941979,0.0227397604115823));
#2017=CARTESIAN_POINT('',(0.0298819877207279,0.0074369662143542,0.0227397604115823));
#2018=CARTESIAN_POINT('',(0.0270359839634356,0.0068708608694198,0.0227397604115823));
#2019=CARTESIAN_POINT('',(0.0246232584791028,0.0052587292416251,0.0227397604115823));
#2020=CARTESIAN_POINT('',(0.0230111268513081,0.00284600375729226,0.0227397604115823));
#2021=CARTESIAN_POINT('',(0.0224450215063737,5.31259064517897E-18,0.0227397604115823));
#2022=CARTESIAN_POINT('',(0.0230111268513081,-0.00284600375729227,0.0227397604115823));
#2023=CARTESIAN_POINT('',(0.0227565626082211,0.00295144771927413,0.0236375025610898));
#2024=CARTESIAN_POINT('',(0.022169483155183,6.1257422745431E-18,0.0236375025610897));
#2025=CARTESIAN_POINT('',(0.0227565626082211,-0.00295144771927415,0.0236375025610898));
#2026=CARTESIAN_POINT('',(0.0244284234424989,-0.00545356427822901,0.0236375025610898));
#2027=CARTESIAN_POINT('',(0.0269305400014538,-0.00712542511250679,0.0236375025610898));
#2028=CARTESIAN_POINT('',(0.0298819877207279,-0.0077125045655449,0.0236375025610898));
#2029=CARTESIAN_POINT('',(0.032833435440002,-0.00712542511250679,0.0236375025610898));
#2030=CARTESIAN_POINT('',(0.0353355519989569,-0.00545356427822901,0.0236375025610898));
#2031=CARTESIAN_POINT('',(0.0370074128332347,-0.00295144771927415,0.0236375025610898));
#2032=CARTESIAN_POINT('',(0.0375944922862728,-1.23739602193033E-18,0.0236375025610897));
#2033=CARTESIAN_POINT('',(0.0370074128332347,0.00295144771927415,0.0236375025610898));
#2034=CARTESIAN_POINT('',(0.0353355519989569,0.00545356427822901,0.0236375025610898));
#2035=CARTESIAN_POINT('',(0.0328334354400021,0.00712542511250679,0.0236375025610897));
#2036=CARTESIAN_POINT('',(0.0298819877207279,0.0077125045655449,0.0236375025610898));
#2037=CARTESIAN_POINT('',(0.0269305400014538,0.00712542511250679,0.0236375025610898));
#2038=CARTESIAN_POINT('',(0.0244284234424989,0.00545356427822901,0.0236375025610898));
#2039=CARTESIAN_POINT('',(0.0227565626082211,0.00295144771927413,0.0236375025610898));
#2040=CARTESIAN_POINT('',(0.022169483155183,6.1257422745431E-18,0.0236375025610897));
#2041=CARTESIAN_POINT('',(0.0227565626082211,-0.00295144771927415,0.0236375025610898));
#2042=CARTESIAN_POINT('',(0.0298819877207279,0.,0.0219701323658228));
#2043=CARTESIAN_POINT('',(0.035017654299736,0.,0.0219701323658228));
#2044=CARTESIAN_POINT('',(0.0298819877207279,0.,0.0132662964632466));
#2045=CARTESIAN_POINT('',(0.0298819877207279,0.,0.0132662964632466));
#2046=CARTESIAN_POINT('',(0.0353674493631205,0.,0.0132662964632466));
#2047=CARTESIAN_POINT('',(0.0298819877207279,0.,0.0122551335159329));
#2048=CARTESIAN_POINT('',(0.0298819877207279,0.,0.0122551335159329));
#2049=CARTESIAN_POINT('',(0.0362347166579287,0.,0.0122551335159329));
#2050=CARTESIAN_POINT('',(0.0298819877207279,0.,0.028575));
#2051=CARTESIAN_POINT('',(0.0298819877207279,0.,0.0106179735178092));
#2052=CARTESIAN_POINT('',(0.0362347166579287,0.,0.0106179735178092));
#2053=CARTESIAN_POINT('',(0.0213349783615433,0.00354028719430402,0.00822937845914294));
#2054=CARTESIAN_POINT('',(0.0206307714545204,6.93889390390723E-18,0.00822937845914294));
#2055=CARTESIAN_POINT('',(0.0213349783615433,-0.00354028719430404,0.00822937845914294));
#2056=CARTESIAN_POINT('',(0.0233403899646693,-0.00654159775605862,0.00822937845914294));
#2057=CARTESIAN_POINT('',(0.0263417005264239,-0.0085470093591846,0.00822937845914294));
#2058=CARTESIAN_POINT('',(0.0298819877207279,-0.0092512162662075,0.00822937845914294));
#2059=CARTESIAN_POINT('',(0.0334222749150319,-0.0085470093591846,0.00822937845914294));
#2060=CARTESIAN_POINT('',(0.0364235854767865,-0.00654159775605862,0.00822937845914294));
#2061=CARTESIAN_POINT('',(0.0384289970799125,-0.00354028719430404,0.00822937845914294));
#2062=CARTESIAN_POINT('',(0.0391332039869354,-1.37718292800689E-18,0.00822937845914294));
#2063=CARTESIAN_POINT('',(0.0384289970799125,0.00354028719430404,0.00822937845914294));
#2064=CARTESIAN_POINT('',(0.0364235854767865,0.00654159775605862,0.00822937845914294));
#2065=CARTESIAN_POINT('',(0.033422274915032,0.0085470093591846,0.00822937845914294));
#2066=CARTESIAN_POINT('',(0.0298819877207279,0.00925121626620751,0.00822937845914294));
#2067=CARTESIAN_POINT('',(0.0263417005264239,0.0085470093591846,0.00822937845914294));
#2068=CARTESIAN_POINT('',(0.0233403899646693,0.00654159775605862,0.00822937845914294));
#2069=CARTESIAN_POINT('',(0.0213349783615433,0.00354028719430402,0.00822937845914294));
#2070=CARTESIAN_POINT('',(0.0206307714545204,6.93889390390723E-18,0.00822937845914294));
#2071=CARTESIAN_POINT('',(0.0213349783615433,-0.00354028719430404,0.00822937845914294));
#2072=CARTESIAN_POINT('',(0.0217371485632033,0.00337370284239413,0.00967719636553992));
#2073=CARTESIAN_POINT('',(0.0210660773439872,7.10152422978005E-18,0.00967719636553991));
#2074=CARTESIAN_POINT('',(0.0217371485632033,-0.00337370284239415,0.00967719636553991));
#2075=CARTESIAN_POINT('',(0.0236481977110017,-0.00623379000972621,0.00967719636553991));
#2076=CARTESIAN_POINT('',(0.0265082848783338,-0.00814483915752461,0.00967719636553991));
#2077=CARTESIAN_POINT('',(0.0298819877207279,-0.00881591037674071,0.00967719636553991));
#2078=CARTESIAN_POINT('',(0.0332556905631221,-0.00814483915752461,0.00967719636553991));
#2079=CARTESIAN_POINT('',(0.0361157777304541,-0.0062337900097262,0.00967719636553991));
#2080=CARTESIAN_POINT('',(0.0380268268782525,-0.00337370284239415,0.00967719636553991));
#2081=CARTESIAN_POINT('',(0.0386978980974686,-1.47777470793824E-18,0.00967719636553991));
#2082=CARTESIAN_POINT('',(0.0380268268782525,0.00337370284239415,0.00967719636553991));
#2083=CARTESIAN_POINT('',(0.0361157777304541,0.00623379000972621,0.00967719636553991));
#2084=CARTESIAN_POINT('',(0.0332556905631221,0.0081448391575246,0.00967719636553991));
#2085=CARTESIAN_POINT('',(0.0298819877207279,0.00881591037674071,0.00967719636553992));
#2086=CARTESIAN_POINT('',(0.0265082848783338,0.00814483915752461,0.00967719636553991));
#2087=CARTESIAN_POINT('',(0.0236481977110017,0.00623379000972621,0.00967719636553991));
#2088=CARTESIAN_POINT('',(0.0217371485632033,0.00337370284239413,0.00967719636553992));
#2089=CARTESIAN_POINT('',(0.0210660773439872,7.10152422978005E-18,0.00967719636553991));
#2090=CARTESIAN_POINT('',(0.0217371485632033,-0.00337370284239415,0.00967719636553991));
#2091=CARTESIAN_POINT('',(0.022578833605899,0.00302506548246298,0.0104733947184285));
#2092=CARTESIAN_POINT('',(0.0219771106693038,5.58364118830035E-18,0.0104733947184285));
#2093=CARTESIAN_POINT('',(0.022578833605899,-0.003025065482463,0.0104733947184285));
#2094=CARTESIAN_POINT('',(0.02429239555322,-0.00558959216750789,0.0104733947184285));
#2095=CARTESIAN_POINT('',(0.0268569222382649,-0.00730315411482888,0.0104733947184285));
#2096=CARTESIAN_POINT('',(0.0298819877207279,-0.00790487705142408,0.0104733947184285));
#2097=CARTESIAN_POINT('',(0.0329070532031909,-0.00730315411482888,0.0104733947184285));
#2098=CARTESIAN_POINT('',(0.0354715798882358,-0.00558959216750789,0.0104733947184285));
#2099=CARTESIAN_POINT('',(0.0371851418355568,-0.003025065482463,0.0104733947184285));
#2100=CARTESIAN_POINT('',(0.037786864772152,-9.99363220139616E-19,0.0104733947184285));
#2101=CARTESIAN_POINT('',(0.0371851418355568,0.003025065482463,0.0104733947184285));
#2102=CARTESIAN_POINT('',(0.0354715798882358,0.00558959216750789,0.0104733947184285));
#2103=CARTESIAN_POINT('',(0.0329070532031909,0.00730315411482888,0.0104733947184285));
#2104=CARTESIAN_POINT('',(0.0298819877207279,0.00790487705142408,0.0104733947184285));
#2105=CARTESIAN_POINT('',(0.0268569222382649,0.00730315411482889,0.0104733947184285));
#2106=CARTESIAN_POINT('',(0.02429239555322,0.00558959216750789,0.0104733947184285));
#2107=CARTESIAN_POINT('',(0.022578833605899,0.00302506548246298,0.0104733947184285));
#2108=CARTESIAN_POINT('',(0.0219771106693038,5.58364118830035E-18,0.0104733947184285));
#2109=CARTESIAN_POINT('',(0.022578833605899,-0.003025065482463,0.0104733947184285));
#2110=CARTESIAN_POINT('',(0.0238600334896347,0.00249437511450884,0.0106179735178093));
#2111=CARTESIAN_POINT('',(0.0233638714304748,4.82469966756049E-18,0.0106179735178093));
#2112=CARTESIAN_POINT('',(0.0238600334896347,-0.00249437511450886,0.0106179735178093));
#2113=CARTESIAN_POINT('',(0.0252729834913274,-0.00460900422940046,0.0106179735178093));
#2114=CARTESIAN_POINT('',(0.027387612606219,-0.00602195423109322,0.0106179735178093));
#2115=CARTESIAN_POINT('',(0.0298819877207279,-0.00651811629025309,0.0106179735178093));
#2116=CARTESIAN_POINT('',(0.0323763628352368,-0.00602195423109322,0.0106179735178093));
#2117=CARTESIAN_POINT('',(0.0344909919501284,-0.00460900422940046,0.0106179735178093));
#2118=CARTESIAN_POINT('',(0.0359039419518211,-0.00249437511450886,0.0106179735178093));
#2119=CARTESIAN_POINT('',(0.036400104010981,-7.96555077553864E-19,0.0106179735178093));
#2120=CARTESIAN_POINT('',(0.0359039419518211,0.00249437511450886,0.0106179735178093));
#2121=CARTESIAN_POINT('',(0.0344909919501284,0.00460900422940046,0.0106179735178093));
#2122=CARTESIAN_POINT('',(0.0323763628352368,0.00602195423109322,0.0106179735178093));
#2123=CARTESIAN_POINT('',(0.0298819877207279,0.00651811629025309,0.0106179735178093));
#2124=CARTESIAN_POINT('',(0.027387612606219,0.00602195423109323,0.0106179735178093));
#2125=CARTESIAN_POINT('',(0.0252729834913274,0.00460900422940046,0.0106179735178093));
#2126=CARTESIAN_POINT('',(0.0238600334896347,0.00249437511450884,0.0106179735178093));
#2127=CARTESIAN_POINT('',(0.0233638714304748,4.82469966756049E-18,0.0106179735178093));
#2128=CARTESIAN_POINT('',(0.0238600334896347,-0.00249437511450886,0.0106179735178093));
#2129=CARTESIAN_POINT('',(0.0298819877207279,0.,0.00822937845914294));
#2130=CARTESIAN_POINT('',(0.0388984683512611,0.,0.00822937845914294));
#2131=CARTESIAN_POINT('',(0.0298819877207279,0.,0.028575));
#2132=CARTESIAN_POINT('',(0.0298819877207279,0.,0.00658667608651176));
#2133=CARTESIAN_POINT('',(0.0388984683512615,0.,0.00658667608651176));
#2134=CARTESIAN_POINT('',(0.0298819877207279,0.,0.010271638058132));
#2135=CARTESIAN_POINT('',(0.0298819877207279,0.,0.00626411099107438));
#2136=CARTESIAN_POINT('',(0.0385845056228395,0.,0.00626411099107438));
#2137=CARTESIAN_POINT('',(0.0298819877207279,0.,0.028575));
#2138=CARTESIAN_POINT('',(0.0298819877207279,0.,0.00329333627100104));
#2139=CARTESIAN_POINT('',(0.0385845056221296,0.,0.00329333627100104));
#2140=CARTESIAN_POINT('',(0.0298819877207279,0.,0.00111099937930703));
#2141=CARTESIAN_POINT('',(0.0298819877207279,0.,0.00111099937930703));
#2142=CARTESIAN_POINT('',(0.0298819877207279,0.,0.00111099937930703));
#2143=CARTESIAN_POINT('',(0.0298819877207279,0.,0.00111099937930703));
#2144=CARTESIAN_POINT('',(0.0298819877207279,0.,0.00111099937930703));
#2145=CARTESIAN_POINT('',(0.0298819877207279,0.,0.00111099937930703));
#2146=CARTESIAN_POINT('',(0.0298819877207279,0.,0.00111099937930703));
#2147=CARTESIAN_POINT('',(0.0298819877207279,0.,0.00111099937930703));
#2148=CARTESIAN_POINT('',(0.0298819877207279,0.,0.00111099937930703));
#2149=CARTESIAN_POINT('',(0.0298819877207279,0.,0.00111099937930703));
#2150=CARTESIAN_POINT('',(0.0298819877207279,0.,0.00111099937930703));
#2151=CARTESIAN_POINT('',(0.0298819877207279,0.,0.00111099937930703));
#2152=CARTESIAN_POINT('',(0.0298819877207279,0.,0.00111099937930703));
#2153=CARTESIAN_POINT('',(0.0298819877207279,0.,0.00111099937930703));
#2154=CARTESIAN_POINT('',(0.0298819877207279,0.,0.00111099937930703));
#2155=CARTESIAN_POINT('',(0.0298819877207279,0.,0.00111099937930703));
#2156=CARTESIAN_POINT('',(0.0298819877207279,0.,0.00111099937930703));
#2157=CARTESIAN_POINT('',(0.0298819877207279,0.,0.00111099937930703));
#2158=CARTESIAN_POINT('',(0.0298819877207279,0.,0.00111099937930703));
#2159=CARTESIAN_POINT('',(0.0260338015822899,0.00159397088907718,0.000537154571578014));
#2160=CARTESIAN_POINT('',(0.0257167410592092,2.76471553983804E-18,0.000537154571578013));
#2161=CARTESIAN_POINT('',(0.0260338015822899,-0.00159397088907719,0.000537154571578013));
#2162=CARTESIAN_POINT('',(0.0269367135610534,-0.00294527415967447,0.000537154571578013));
#2163=CARTESIAN_POINT('',(0.0282880168316507,-0.00384818613843805,0.000537154571578013));
#2164=CARTESIAN_POINT('',(0.0298819877207279,-0.00416524666151865,0.000537154571578013));
#2165=CARTESIAN_POINT('',(0.0314759586098051,-0.00384818613843805,0.000537154571578013));
#2166=CARTESIAN_POINT('',(0.0328272618804024,-0.00294527415967447,0.000537154571578013));
#2167=CARTESIAN_POINT('',(0.0337301738591659,-0.00159397088907719,0.000537154571578013));
#2168=CARTESIAN_POINT('',(0.0340472343822466,-3.22335741099664E-20,0.000537154571578013));
#2169=CARTESIAN_POINT('',(0.0337301738591659,0.00159397088907719,0.000537154571578013));
#2170=CARTESIAN_POINT('',(0.0328272618804024,0.00294527415967447,0.000537154571578013));
#2171=CARTESIAN_POINT('',(0.0314759586098051,0.00384818613843805,0.000537154571578013));
#2172=CARTESIAN_POINT('',(0.0298819877207279,0.00416524666151865,0.000537154571578013));
#2173=CARTESIAN_POINT('',(0.0282880168316507,0.00384818613843805,0.000537154571578014));
#2174=CARTESIAN_POINT('',(0.0269367135610534,0.00294527415967446,0.000537154571578013));
#2175=CARTESIAN_POINT('',(0.0260338015822899,0.00159397088907718,0.000537154571578014));
#2176=CARTESIAN_POINT('',(0.0257167410592092,2.76471553983804E-18,0.000537154571578013));
#2177=CARTESIAN_POINT('',(0.0260338015822899,-0.00159397088907719,0.000537154571578013));
#2178=CARTESIAN_POINT('',(0.0232840035550481,0.00273297452574748,0.00126460020213172));
#2179=CARTESIAN_POINT('',(0.0227403811221434,5.96311194867027E-18,0.00126460020213172));
#2180=CARTESIAN_POINT('',(0.0232840035550481,-0.0027329745257475,0.00126460020213172));
#2181=CARTESIAN_POINT('',(0.0248321092663022,-0.00504987845442571,0.00126460020213172));
#2182=CARTESIAN_POINT('',(0.0271490131949804,-0.00659798416567979,0.00126460020213172));
#2183=CARTESIAN_POINT('',(0.0298819877207279,-0.00714160659858452,0.00126460020213172));
#2184=CARTESIAN_POINT('',(0.0326149622464754,-0.00659798416567979,0.00126460020213172));
#2185=CARTESIAN_POINT('',(0.0349318661751536,-0.00504987845442571,0.00126460020213172));
#2186=CARTESIAN_POINT('',(0.0364799718864077,-0.0027329745257475,0.00126460020213172));
#2187=CARTESIAN_POINT('',(0.0370235943193124,-1.53979671026746E-18,0.00126460020213172));
#2188=CARTESIAN_POINT('',(0.0364799718864077,0.0027329745257475,0.00126460020213172));
#2189=CARTESIAN_POINT('',(0.0349318661751536,0.00504987845442571,0.00126460020213172));
#2190=CARTESIAN_POINT('',(0.0326149622464754,0.00659798416567979,0.00126460020213172));
#2191=CARTESIAN_POINT('',(0.0298819877207279,0.00714160659858452,0.00126460020213172));
#2192=CARTESIAN_POINT('',(0.0271490131949804,0.00659798416567979,0.00126460020213172));
#2193=CARTESIAN_POINT('',(0.0248321092663022,0.00504987845442571,0.00126460020213172));
#2194=CARTESIAN_POINT('',(0.0232840035550481,0.00273297452574748,0.00126460020213172));
#2195=CARTESIAN_POINT('',(0.0227403811221434,5.96311194867027E-18,0.00126460020213172));
#2196=CARTESIAN_POINT('',(0.0232840035550481,-0.0027329745257475,0.00126460020213172));
#2197=CARTESIAN_POINT('',(0.0216325936389683,0.00341701091002515,0.00329333627101044));
#2198=CARTESIAN_POINT('',(0.0209529079094931,6.3425827090402E-18,0.00329333627101043));
#2199=CARTESIAN_POINT('',(0.0216325936389683,-0.00341701091002517,0.00329333627101044));
#2200=CARTESIAN_POINT('',(0.0235681748364479,-0.00631381288428004,0.00329333627101043));
#2201=CARTESIAN_POINT('',(0.0264649768107027,-0.0082493940817596,0.00329333627101044));
#2202=CARTESIAN_POINT('',(0.0298819877207279,-0.00892907981123483,0.00329333627101044));
#2203=CARTESIAN_POINT('',(0.0332989986307531,-0.0082493940817596,0.00329333627101044));
#2204=CARTESIAN_POINT('',(0.036195800605008,-0.00631381288428004,0.00329333627101044));
#2205=CARTESIAN_POINT('',(0.0381313818024875,-0.00341701091002517,0.00329333627101044));
#2206=CARTESIAN_POINT('',(0.0388110675319627,-1.17432515458438E-18,0.00329333627101044));
#2207=CARTESIAN_POINT('',(0.0381313818024875,0.00341701091002517,0.00329333627101044));
#2208=CARTESIAN_POINT('',(0.0361958006050079,0.00631381288428004,0.00329333627101044));
#2209=CARTESIAN_POINT('',(0.0332989986307531,0.0082493940817596,0.00329333627101044));
#2210=CARTESIAN_POINT('',(0.0298819877207279,0.00892907981123483,0.00329333627101044));
#2211=CARTESIAN_POINT('',(0.0264649768107027,0.00824939408175961,0.00329333627101044));
#2212=CARTESIAN_POINT('',(0.0235681748364479,0.00631381288428004,0.00329333627101043));
#2213=CARTESIAN_POINT('',(0.0216325936389683,0.00341701091002515,0.00329333627101044));
#2214=CARTESIAN_POINT('',(0.0209529079094931,6.3425827090402E-18,0.00329333627101043));
#2215=CARTESIAN_POINT('',(0.0216325936389683,-0.00341701091002517,0.00329333627101044));
#2216=CARTESIAN_POINT('',(0.0298819877207279,0.,0.00111099937930703));
#2217=CARTESIAN_POINT('',(0.0254966856076161,0.00502557720328589,0.0510314948081279));
#2218=CARTESIAN_POINT('',(0.0254966856076161,-0.00502506849356402,0.0510314948081279));
#2219=CARTESIAN_POINT('',(0.0257546790207603,0.00502557720328589,0.0508112432001573));
#2220=CARTESIAN_POINT('',(0.0257546790207603,-0.00502506849356402,0.0508112432001573));
#2221=CARTESIAN_POINT('',(0.0262422146525984,0.00502557720328589,0.0501744171024205));
#2222=CARTESIAN_POINT('',(0.0262422146525984,-0.00502506849356402,0.0501744171024205));
#2223=CARTESIAN_POINT('',(0.0269757483857593,0.00502557720328589,0.0493077364173322));
#2224=CARTESIAN_POINT('',(0.0269757483857593,-0.00502506849356402,0.0493077364173322));
#2225=CARTESIAN_POINT('',(0.0274775107955719,0.00502557720328589,0.0487014394883869));
#2226=CARTESIAN_POINT('',(0.0274775107955719,-0.00502506849356402,0.0487014394883869));
#2227=CARTESIAN_POINT('',(0.0277959516889509,0.00502557720328589,0.0481947608820787));
#2228=CARTESIAN_POINT('',(0.0277959516889509,-0.00502506849356402,0.0481947608820787));
#2229=CARTESIAN_POINT('',(0.0280218160297855,0.00502557720328589,0.0478399509065271));
#2230=CARTESIAN_POINT('',(0.0280218160297855,-0.00502506849356402,0.0478399509065271));
#2231=CARTESIAN_POINT('',(0.028534605986815,0.00502557720328589,0.0476870048759616));
#2232=CARTESIAN_POINT('',(0.028534605986815,-0.00502506849356402,0.0476870048759616));
#2233=CARTESIAN_POINT('',(0.0290479417258912,0.00502557720328589,0.0477545574876289));
#2234=CARTESIAN_POINT('',(0.0290479417258912,-0.00502506849356402,0.0477545574876289));
#2235=CARTESIAN_POINT('',(0.0293593347282992,0.00502557720328589,0.0480287168787604));
#2236=CARTESIAN_POINT('',(0.0293593347282992,-0.00502506849356402,0.0480287168787604));
#2237=CARTESIAN_POINT('',(0.0296100604449731,0.00502557720328589,0.0484071332562578));
#2238=CARTESIAN_POINT('',(0.0296100604449731,-0.00502506849356402,0.0484071332562578));
#2239=CARTESIAN_POINT('',(0.0295910419447552,0.00502557720328589,0.0489251171463997));
#2240=CARTESIAN_POINT('',(0.0295910419447552,-0.00502506849356402,0.0489251171463997));
#2241=CARTESIAN_POINT('',(0.0292365746453043,0.00502557720328589,0.0495894506028183));
#2242=CARTESIAN_POINT('',(0.0292365746453043,-0.00502506849356402,0.0495894506028183));
#2243=CARTESIAN_POINT('',(0.02870010429496,0.00502557720328589,0.0503543161283588));
#2244=CARTESIAN_POINT('',(0.02870010429496,-0.00502506849356402,0.0503543161283588));
#2245=CARTESIAN_POINT('',(0.0279057814216457,0.00502557720328589,0.0514576451041553));
#2246=CARTESIAN_POINT('',(0.0279057814216457,-0.00502506849356401,0.0514576451041553));
#2247=CARTESIAN_POINT('',(0.0272663918508182,0.00502557720328589,0.0523495381029625));
#2248=CARTESIAN_POINT('',(0.0272663918508182,-0.00502506849356402,0.0523495381029625));
#2249=CARTESIAN_POINT('',(0.0268333732497697,0.00502557720328589,0.0529521841047985));
#2250=CARTESIAN_POINT('',(0.0268333732497697,-0.00502506849356402,0.0529521841047985));
#2251=CARTESIAN_POINT('',(0.0285030281059926,0.00438946948990027,0.0506262097112251));
#2252=CARTESIAN_POINT('',(0.0286241746382464,0.00449780987542297,0.0504571600853709));
#2253=CARTESIAN_POINT('',(0.0288717351553166,0.00470519616860693,0.0501147284472014));
#2254=CARTESIAN_POINT('',(0.0292487378552996,0.00490642786055634,0.0495544520259091));
#2255=CARTESIAN_POINT('',(0.0295382722406452,0.0049768422527143,0.0490396137732814));
#2256=CARTESIAN_POINT('',(0.0296192503289921,0.00495112126622449,0.0485632085631605));
#2257=CARTESIAN_POINT('',(0.02950162169189,0.0048877981767084,0.0482290081350399));
#2258=CARTESIAN_POINT('',(0.0292866426867211,0.0048166150834379,0.0479543020869694));
#2259=CARTESIAN_POINT('',(0.0290120508134716,0.00468757293734529,0.04776181727681));
#2260=CARTESIAN_POINT('',(0.0286866694681854,0.00455084164043909,0.0477055492831336));
#2261=CARTESIAN_POINT('',(0.0283560576311285,0.00443470930657063,0.04773711665123));
#2262=CARTESIAN_POINT('',(0.0280447016940247,0.00429027956891835,0.0478541512642774));
#2263=CARTESIAN_POINT('',(0.0278292250621683,0.00420486072287489,0.0481260187905894));
#2264=CARTESIAN_POINT('',(0.027660926913718,0.00416063571978106,0.0484251659682777));
#2265=CARTESIAN_POINT('',(0.0273982941496551,0.00405135123929993,0.0487901012119446));
#2266=CARTESIAN_POINT('',(0.0270607107048267,0.00383418676682554,0.0492061625303158));
#2267=CARTESIAN_POINT('',(0.0265610103996402,0.00335502833528242,0.049797262029921));
#2268=CARTESIAN_POINT('',(0.0260610400377849,0.00251048777622847,0.0504176223635961));
#2269=CARTESIAN_POINT('',(0.0256751512481536,0.00126157491124051,0.0508708722718785));
#2270=CARTESIAN_POINT('',(0.0255160476405607,-0.000111345495239487,0.0510145567756896));
#2271=CARTESIAN_POINT('',(0.025725382040859,-0.00147084454285678,0.0508196172502446));
#2272=CARTESIAN_POINT('',(0.0261408613491891,-0.00269325214657651,0.0503144502944963));
#2273=CARTESIAN_POINT('',(0.026674046656468,-0.00349393502344648,0.049665109390669));
#2274=CARTESIAN_POINT('',(0.0271903687898845,-0.0039302611240534,0.0490483071556625));
#2275=CARTESIAN_POINT('',(0.0275318809641354,-0.00411692795618948,0.048621671642071));
#2276=CARTESIAN_POINT('',(0.0277688816232327,-0.00419149671843981,0.0482399537213615));
#2277=CARTESIAN_POINT('',(0.0279486596361507,-0.00424302447152594,0.0479449245509559));
#2278=CARTESIAN_POINT('',(0.028218623998883,-0.00437825024391383,0.0477739718313818));
#2279=CARTESIAN_POINT('',(0.02853145309427,-0.00449668278980547,0.0477123437727217));
#2280=CARTESIAN_POINT('',(0.0288501024079268,-0.00461361933293042,0.0477203437279609));
#2281=CARTESIAN_POINT('',(0.0291463696396277,-0.00475399792319208,0.0478350051104486));
#2282=CARTESIAN_POINT('',(0.0293797179519864,-0.00484832041461074,0.0480636061672425));
#2283=CARTESIAN_POINT('',(0.0295622842699631,-0.00491341229053424,0.048346466403171));
#2284=CARTESIAN_POINT('',(0.0296147435038335,-0.00496346870140562,0.0486860141994633));
#2285=CARTESIAN_POINT('',(0.02949096262327,-0.0049672642792439,0.0491248121608636));
#2286=CARTESIAN_POINT('',(0.0290975562360733,-0.00486098817512642,0.0498121076866194));
#2287=CARTESIAN_POINT('',(0.0287343094411328,-0.00459630255847545,0.0503034763861753));
#2288=CARTESIAN_POINT('',(0.0285030281059926,-0.00438946948990021,0.0506262097112252));
#2289=CARTESIAN_POINT('',(0.0285030281059926,0.00438946948990026,0.0506262097112251));
#2290=CARTESIAN_POINT('',(0.0285030281059926,-0.00438946948990019,0.0506262097112252));
#2291=CARTESIAN_POINT('',(0.0285030281059926,-0.00438946948990019,0.0506262097112252));
#2292=CARTESIAN_POINT('',(0.028054178900482,-0.00391926048466332,0.0512525403939713));
#2293=CARTESIAN_POINT('',(0.0274940693802485,-0.00295035482778183,0.0520325204590401));
#2294=CARTESIAN_POINT('',(0.0270053615910303,-0.00134693593222756,0.0527128258368997));
#2295=CARTESIAN_POINT('',(0.0268703736209572,-2.48358907331674E-6,0.0529006841900901));
#2296=CARTESIAN_POINT('',(0.0270049274769592,0.00134430053384081,0.0527134297786649));
#2297=CARTESIAN_POINT('',(0.027490803824909,0.00294280382778086,0.0520370675396035));
#2298=CARTESIAN_POINT('',(0.0280541514535972,0.00391923173165059,0.0512525786937329));
#2299=CARTESIAN_POINT('',(0.0285030281059926,0.00438946948990027,0.0506262097112251));
#2300=CARTESIAN_POINT('',(0.028419700518318,-0.00431383702610911,0.0507424716517953));
#2301=CARTESIAN_POINT('',(0.0282833044832851,-0.00475026370451207,0.0509327534728319));
#2302=CARTESIAN_POINT('',(0.0286939427549227,-0.00472150713882154,0.0512081233426573));
#2303=CARTESIAN_POINT('',(0.0285518744644087,-0.00443558462915482,0.0505580799343261));
#2304=CARTESIAN_POINT('',(0.028418911528171,-0.0048896116730789,0.050743645563199));
#2305=CARTESIAN_POINT('',(0.0288406392981781,-0.00484689676281971,0.0510236638996389));
#2306=CARTESIAN_POINT('',(0.0288204934990036,-0.00467046776108832,0.0501851544483509));
#2307=CARTESIAN_POINT('',(0.0286969911987682,-0.0051510561469914,0.0503583051348758));
#2308=CARTESIAN_POINT('',(0.029135166726939,-0.00509445434326306,0.0506394893846252));
#2309=CARTESIAN_POINT('',(0.0292211070795562,-0.00489795114024124,0.0496058305710204));
#2310=CARTESIAN_POINT('',(0.0291669433225596,-0.00537980247923048,0.0496944300425054));
#2311=CARTESIAN_POINT('',(0.0295844208501064,-0.00535589347973541,0.0499443916684867));
#2312=CARTESIAN_POINT('',(0.0295664391706201,-0.00498222995513372,0.0489739739201145));
#2313=CARTESIAN_POINT('',(0.0295713862811152,-0.00545479538410567,0.0489868788062332));
#2314=CARTESIAN_POINT('',(0.0300110297371928,-0.00544725039739247,0.0491863376688138));
#2315=CARTESIAN_POINT('',(0.0296180436926051,-0.00494926137892396,0.0485559756422343));
#2316=CARTESIAN_POINT('',(0.0296195529805571,-0.00542885704797215,0.0485118621262397));
#2317=CARTESIAN_POINT('',(0.0301218438523898,-0.00541146575121175,0.04847289332538));
#2318=CARTESIAN_POINT('',(0.0295069275254015,-0.00489210300119743,0.0482531833272854));
#2319=CARTESIAN_POINT('',(0.0294754289608168,-0.00538837707186879,0.0481945040615083));
#2320=CARTESIAN_POINT('',(0.0299171423135023,-0.00535069352235688,0.0479510211119874));
#2321=CARTESIAN_POINT('',(0.0293351583593068,-0.00483226984735077,0.0480144543346989));
#2322=CARTESIAN_POINT('',(0.0292745533948287,-0.0053358876616714,0.0479408718758437));
#2323=CARTESIAN_POINT('',(0.0296696908074675,-0.00528624734618453,0.0476140287353935));
#2324=CARTESIAN_POINT('',(0.0291420227922998,-0.0047508165579656,0.0478438384764645));
#2325=CARTESIAN_POINT('',(0.0290307385318704,-0.00527900629126409,0.0477654170084171));
#2326=CARTESIAN_POINT('',(0.0293596088241806,-0.00519612568645461,0.0473286954530536));
#2327=CARTESIAN_POINT('',(0.0289307650845904,-0.00465078636659351,0.0477464101671804));
#2328=CARTESIAN_POINT('',(0.0287665076836976,-0.00524070744369361,0.0476993657345012));
#2329=CARTESIAN_POINT('',(0.0289802834326401,-0.00508152586618944,0.0471376365773691));
#2330=CARTESIAN_POINT('',(0.0286734490801,-0.00454819947005216,0.0477095658665554));
#2331=CARTESIAN_POINT('',(0.0284923495195986,-0.00519110583673979,0.0477067966022571));
#2332=CARTESIAN_POINT('',(0.0285701653930964,-0.00496750774006706,0.0470770919875684));
#2333=CARTESIAN_POINT('',(0.0283917814152535,-0.00444465960704397,0.0477333740036453));
#2334=CARTESIAN_POINT('',(0.0282042798704514,-0.00512087254729011,0.0477685330611071));
#2335=CARTESIAN_POINT('',(0.0281580580169333,-0.00485562942051502,0.0471160880597269));
#2336=CARTESIAN_POINT('',(0.0281451668970809,-0.00434316873383312,0.0478151790557441));
#2337=CARTESIAN_POINT('',(0.0279713238394977,-0.00505054694953154,0.0479002589284708));
#2338=CARTESIAN_POINT('',(0.0277648449598796,-0.00474874015472826,0.0472514450221868));
#2339=CARTESIAN_POINT('',(0.0279727974123005,-0.00425596008643037,0.0479377833519953));
#2340=CARTESIAN_POINT('',(0.0278764123509838,-0.00502862316503106,0.0480501302585533));
#2341=CARTESIAN_POINT('',(0.0274180668751108,-0.00465596503319216,0.0475081054710828));
#2342=CARTESIAN_POINT('',(0.0278150309617451,-0.00420355595272346,0.0481555644919909));
#2343=CARTESIAN_POINT('',(0.027773016734638,-0.00502378537215544,0.0482366622337074));
#2344=CARTESIAN_POINT('',(0.0271740292171182,-0.00459784933927994,0.0478583841297729));
#2345=CARTESIAN_POINT('',(0.0275886890326721,-0.00413769009938676,0.0485371678299296));
#2346=CARTESIAN_POINT('',(0.0274738898388363,-0.00492909703859934,0.0487061947225048));
#2347=CARTESIAN_POINT('',(0.0269595934123149,-0.00452480302701604,0.0482152448352736));
#2348=CARTESIAN_POINT('',(0.0273457610685718,-0.00401648474090362,0.0488520441252425));
#2349=CARTESIAN_POINT('',(0.0271694144679919,-0.00477318145793388,0.0490759304580205));
#2350=CARTESIAN_POINT('',(0.0267110101914181,-0.00439166512282495,0.0485308625953186));
#2351=CARTESIAN_POINT('',(0.0270318677166455,-0.00380678647778371,0.0492416858261665));
#2352=CARTESIAN_POINT('',(0.0267901912051837,-0.00452328446948698,0.0495323211185164));
#2353=CARTESIAN_POINT('',(0.0263768660258377,-0.00416217919141485,0.0489387983531002));
#2354=CARTESIAN_POINT('',(0.0266698241144158,-0.00346389909112755,0.049668566621428));
#2355=CARTESIAN_POINT('',(0.0263574265801739,-0.00410336861964438,0.0500363243176812));
#2356=CARTESIAN_POINT('',(0.0259829780804821,-0.00378739403920775,0.0494071612468693));
#2357=CARTESIAN_POINT('',(0.0263028793002397,-0.00292714195110024,0.0501132890582339));
#2358=CARTESIAN_POINT('',(0.025930871216927,-0.00347022591594716,0.0505753287901224));
#2359=CARTESIAN_POINT('',(0.025574248160967,-0.00319979350471455,0.0499120920531457));
#2360=CARTESIAN_POINT('',(0.0260078089837689,-0.00229620463043602,0.0504803573025146));
#2361=CARTESIAN_POINT('',(0.0255921505028222,-0.00269777012344736,0.0509908013553321));
#2362=CARTESIAN_POINT('',(0.0252575475727188,-0.00250801480875389,0.0503262828435512));
#2363=CARTESIAN_POINT('',(0.0257021092031841,-0.00133777975098126,0.0508409683493631));
#2364=CARTESIAN_POINT('',(0.025247220512785,-0.00156801239273225,0.0513495447929962));
#2365=CARTESIAN_POINT('',(0.0249431213293116,-0.00145988318947285,0.0507133820241354));
#2366=CARTESIAN_POINT('',(0.0254966737231338,-2.62547550323397E-5,0.0510336189331249));
#2367=CARTESIAN_POINT('',(0.0250086253171582,-3.06838570787703E-5,0.0514570735480014));
#2368=CARTESIAN_POINT('',(0.0247602717217383,-2.86954979410266E-5,0.0508704853839203));
#2369=CARTESIAN_POINT('',(0.0256898295565684,0.00128274573590992,0.0508538582442816));
#2370=CARTESIAN_POINT('',(0.0252325096271215,0.00150315492765551,0.0513602943471876));
#2371=CARTESIAN_POINT('',(0.0249312202429311,0.00139988659371916,0.0507253568693305));
#2372=CARTESIAN_POINT('',(0.025989478092664,0.00224800762768643,0.0505027247805463));
#2373=CARTESIAN_POINT('',(0.0255714537832042,0.00263868038832163,0.0510143236539257));
#2374=CARTESIAN_POINT('',(0.0252384387683956,0.00245517500250697,0.0503512762788496));
#2375=CARTESIAN_POINT('',(0.026278649126256,0.00288317776465148,0.0501435219820744));
#2376=CARTESIAN_POINT('',(0.0259028400142569,0.00341761832238592,0.0506115040490375));
#2377=CARTESIAN_POINT('',(0.0255475414116519,0.00315162801237895,0.0499464484765549));
#2378=CARTESIAN_POINT('',(0.0266403352570264,0.00342843270089879,0.0497034589275531));
#2379=CARTESIAN_POINT('',(0.0263227179149565,0.00406084458331541,0.0500780379819645));
#2380=CARTESIAN_POINT('',(0.0259503401043399,0.00374859118058006,0.0494463900394527));
#2381=CARTESIAN_POINT('',(0.0269974817053426,0.00377847991521088,0.0492827783926053));
#2382=CARTESIAN_POINT('',(0.026748702542527,0.00448874745757517,0.0495808587619121));
#2383=CARTESIAN_POINT('',(0.0263399938622241,0.00413125182054958,0.048982619626895));
#2384=CARTESIAN_POINT('',(0.0273102032998588,0.00399496754820134,0.0488966679782079));
#2385=CARTESIAN_POINT('',(0.0271266660810867,0.00474786015857853,0.0491277024543212));
#2386=CARTESIAN_POINT('',(0.0266729862740712,0.00436808607403193,0.0485779208607113));
#2387=CARTESIAN_POINT('',(0.0275504659071199,0.00412238068747669,0.0485906132326688));
#2388=CARTESIAN_POINT('',(0.0274226300184223,0.00490617904286936,0.0487715834151592));
#2389=CARTESIAN_POINT('',(0.0269234591803838,0.00450794280629599,0.048263897034282));
#2390=CARTESIAN_POINT('',(0.0277882530753125,0.00419697026690113,0.048204392032006));
#2391=CARTESIAN_POINT('',(0.0277439563539527,0.00501914724824023,0.0482906407502283));
#2392=CARTESIAN_POINT('',(0.0271441417136919,0.00459048077552756,0.0479134046459942));
#2393=CARTESIAN_POINT('',(0.0279495337320385,0.00424589488627103,0.0479612822681082));
#2394=CARTESIAN_POINT('',(0.0278661450317709,0.00502836292168238,0.0480691443032083));
#2395=CARTESIAN_POINT('',(0.0273746029188011,0.00464493934061382,0.0475560830089794));
#2396=CARTESIAN_POINT('',(0.02811703302771,0.0043294841914946,0.0478294543519354));
#2397=CARTESIAN_POINT('',(0.0279495431096227,0.00504334413400067,0.0479227552824727));
#2398=CARTESIAN_POINT('',(0.0277122134747353,0.00473445664861336,0.0472786600200523));
#2399=CARTESIAN_POINT('',(0.0283601387972369,0.00443278212289568,0.0477397337334268));
#2400=CARTESIAN_POINT('',(0.0281721857079526,0.00511217869812897,0.0477795494256706));
#2401=CARTESIAN_POINT('',(0.0281114517538483,0.00484294720900937,0.0471257425198638));
#2402=CARTESIAN_POINT('',(0.0286445411185166,0.00453766186029399,0.0477090189545975));
#2403=CARTESIAN_POINT('',(0.0284624166926993,0.00518449423703016,0.0477101270271643));
#2404=CARTESIAN_POINT('',(0.0285276657855475,0.00495599918183914,0.0470767237003346));
#2405=CARTESIAN_POINT('',(0.0289084512367027,0.00464065712718912,0.0477400759523899));
#2406=CARTESIAN_POINT('',(0.0287410783791159,0.00523717571930925,0.0476977932941884));
#2407=CARTESIAN_POINT('',(0.0289408611949928,0.00507004983402667,0.047125874886026));
#2408=CARTESIAN_POINT('',(0.0291251706694718,0.00474297206908556,0.0478326619641373));
#2409=CARTESIAN_POINT('',(0.0290083521339226,0.00527489799015001,0.0477549610993268));
#2410=CARTESIAN_POINT('',(0.0293301142111243,0.00518721160349144,0.0473072295500453));
#2411=CARTESIAN_POINT('',(0.0293229412674776,0.00482795899196431,0.0480002351723336));
#2412=CARTESIAN_POINT('',(0.0292600322534158,0.00533199257094488,0.0479255164286012));
#2413=CARTESIAN_POINT('',(0.0296525716923127,0.0052815984082582,0.0475938276076792));
#2414=CARTESIAN_POINT('',(0.0295018541425733,0.00488990143577263,0.0482425999900878));
#2415=CARTESIAN_POINT('',(0.0294693960953893,0.00538662247284895,0.0481833713255844));
#2416=CARTESIAN_POINT('',(0.0299084630782193,0.00534833640034512,0.0479347554085372));
#2417=CARTESIAN_POINT('',(0.029588062334907,0.00493382721906748,0.0484737073007889));
#2418=CARTESIAN_POINT('',(0.0295803594802985,0.00541853089921497,0.0484269714644288));
#2419=CARTESIAN_POINT('',(0.0300664573480925,0.00539506077746119,0.0483277689119338));
#2420=CARTESIAN_POINT('',(0.0296016129336749,0.00496216312202873,0.0487130104126191));
#2421=CARTESIAN_POINT('',(0.0296075553141184,0.00543741334185383,0.0486901213932064));
#2422=CARTESIAN_POINT('',(0.0300860021242657,0.00542545116669097,0.0487522185412063));
#2423=CARTESIAN_POINT('',(0.0295060596995917,0.00496821826529037,0.0490859100328828));
#2424=CARTESIAN_POINT('',(0.0295002829927746,0.0054434727284122,0.0491116007186298));
#2425=CARTESIAN_POINT('',(0.0299345475922076,0.00543206826285274,0.0493171412633974));
#2426=CARTESIAN_POINT('',(0.0292245493945698,0.00489896715109992,0.0495995579897086));
#2427=CARTESIAN_POINT('',(0.0291715771578554,0.00538048337563931,0.0496867134145317));
#2428=CARTESIAN_POINT('',(0.0295891556092645,0.00535703010327849,0.0499380422118611));
#2429=CARTESIAN_POINT('',(0.0288194648421413,0.0046701660551843,0.0501870125696761));
#2430=CARTESIAN_POINT('',(0.0286954967597477,0.00515082123089588,0.0503607630843411));
#2431=CARTESIAN_POINT('',(0.029133764438976,0.00509411200266038,0.0506413909948313));
#2432=CARTESIAN_POINT('',(0.0285516912363875,0.00443540140433757,0.0505583353738486));
#2433=CARTESIAN_POINT('',(0.0284187116747393,0.00488939072086743,0.0507439241022798));
#2434=CARTESIAN_POINT('',(0.0288404345500452,0.00484670676200915,0.0510239194140831));
#2435=CARTESIAN_POINT('',(0.0284200339743798,0.00431414415971736,0.0507420064575025));
#2436=CARTESIAN_POINT('',(0.028283641969651,0.00475061048150542,0.0509322828382221));
#2437=CARTESIAN_POINT('',(0.0286943128476766,0.00472182345854311,0.0512076579774768));
#2438=CARTESIAN_POINT('',(0.0287776887739228,-0.00479213594115023,0.0511026884332083));
#2439=CARTESIAN_POINT('',(0.0285631005410709,-0.00481012684125894,0.0509614020767039));
#2440=CARTESIAN_POINT('',(0.0284303138400802,-0.00461060612828398,0.0507276762511097));
#2441=CARTESIAN_POINT('',(0.0285030281059925,-0.00438946948990059,0.0506262097112253));
#2442=CARTESIAN_POINT('',(0.0287776887739228,0.00479213594115022,0.0511026884332083));
#2443=CARTESIAN_POINT('',(0.028563100541071,0.00481012684125892,0.050961402076704));
#2444=CARTESIAN_POINT('',(0.0284303138402163,0.00461060612841589,0.05072767625092));
#2445=CARTESIAN_POINT('',(0.0285030281059924,0.00438946948990081,0.0506262097112254));
#2446=CARTESIAN_POINT('',(0.028547699332097,0.00443592951764433,0.0505638704898951));
#2447=CARTESIAN_POINT('',(0.0283874338003569,0.00489352899444336,0.0507875387131411));
#2448=CARTESIAN_POINT('',(0.0288396621409141,0.00482933076199182,0.0510640851122637));
#2449=CARTESIAN_POINT('',(0.0284332061241845,0.00431767998549286,0.0507236583875764));
#2450=CARTESIAN_POINT('',(0.0282734621208455,0.00476284582553485,0.0509465177684721));
#2451=CARTESIAN_POINT('',(0.0287132535228947,0.00470851961102649,0.0512239383989841));
#2452=CARTESIAN_POINT('',(0.0282061852237369,0.00406814664789153,0.0510403104991683));
#2453=CARTESIAN_POINT('',(0.0280179005193163,0.00448481156938675,0.0513028395705956));
#2454=CARTESIAN_POINT('',(0.0284656631468838,0.00443445519406576,0.0515725183261229));
#2455=CARTESIAN_POINT('',(0.0278105659357062,0.00345991310533005,0.0515917048813003));
#2456=CARTESIAN_POINT('',(0.0275869414392855,0.00382014420461478,0.0519032449483872));
#2457=CARTESIAN_POINT('',(0.0280348912925194,0.0037726823549836,0.0521718146234013));
#2458=CARTESIAN_POINT('',(0.0273822401639931,0.00258203762522269,0.0521882132965882));
#2459=CARTESIAN_POINT('',(0.0271620904847458,0.00288054236463046,0.0524947253720156));
#2460=CARTESIAN_POINT('',(0.0275460422867571,0.00284985539596453,0.0527775384454926));
#2461=CARTESIAN_POINT('',(0.0270078431136575,0.00136409205575948,0.0527093662174575));
#2462=CARTESIAN_POINT('',(0.026766638723017,0.0015200922578987,0.053045091236717));
#2463=CARTESIAN_POINT('',(0.0271008534773694,0.00152190152830412,0.0533221827153886));
#2464=CARTESIAN_POINT('',(0.0268685679407678,-5.49099020412204E-6,0.0529032001889432));
#2465=CARTESIAN_POINT('',(0.0266111598634479,-6.11458056365887E-6,0.0532614496398726));
#2466=CARTESIAN_POINT('',(0.0269421850826202,-6.13038533493674E-6,0.0535374219663365));
#2467=CARTESIAN_POINT('',(0.0270096780487649,-0.00137274177433984,0.0527068123564793));
#2468=CARTESIAN_POINT('',(0.0267686096596878,-0.00152976303583395,0.0530423485241608));
#2469=CARTESIAN_POINT('',(0.0271030252471485,-0.00153149667424641,0.0533194406849025));
#2470=CARTESIAN_POINT('',(0.0273859560279665,-0.00259170827683778,0.0521830403099338));
#2471=CARTESIAN_POINT('',(0.0271660210416264,-0.00289135766915887,0.0524892544484202));
#2472=CARTESIAN_POINT('',(0.0275504113888896,-0.00286022630930032,0.0527721926952594));
#2473=CARTESIAN_POINT('',(0.0278162212833115,-0.00347033378876078,0.0515838268294291));
#2474=CARTESIAN_POINT('',(0.0275925974979387,-0.00383137595982788,0.0518953692556866));
#2475=CARTESIAN_POINT('',(0.0280412033846306,-0.00378365186463467,0.0521637554199153));
#2476=CARTESIAN_POINT('',(0.0282105424388021,-0.00407329528096064,0.0510342339857197));
#2477=CARTESIAN_POINT('',(0.0280229015688446,-0.00449047815148987,0.0512958680241276));
#2478=CARTESIAN_POINT('',(0.0284703609213067,-0.00444023174233324,0.0515656501065697));
#2479=CARTESIAN_POINT('',(0.0284336725344751,-0.00431815445206767,0.0507230073592519));
#2480=CARTESIAN_POINT('',(0.0282739162264256,-0.00476335878017916,0.05094588424885));
#2481=CARTESIAN_POINT('',(0.0287137676550437,-0.00470900368616248,0.0512232870933251));
#2482=CARTESIAN_POINT('',(0.0285475002096121,-0.00443572385596063,0.050564148387193));
#2483=CARTESIAN_POINT('',(0.028387233196264,-0.00489329896924022,0.0507878185356414));
#2484=CARTESIAN_POINT('',(0.0288394422948596,-0.00482912064451153,0.0510643631232754));
#2485=MECHANICAL_DESIGN_GEOMETRIC_PRESENTATION_REPRESENTATION('',(#378),
#2486);
#2486=(
GEOMETRIC_REPRESENTATION_CONTEXT(3)
GLOBAL_UNCERTAINTY_ASSIGNED_CONTEXT((#2487))
GLOBAL_UNIT_ASSIGNED_CONTEXT((#2490,#2489,#2488))
REPRESENTATION_CONTEXT('Bishop Piece','TOP_LEVEL_ASSEMBLY_PART')
);
#2487=UNCERTAINTY_MEASURE_WITH_UNIT(LENGTH_MEASURE(2.E-5),#2490,
'DISTANCE_ACCURACY_VALUE','Maximum Tolerance applied to model');
#2488=(
NAMED_UNIT(*)
SI_UNIT($,.STERADIAN.)
SOLID_ANGLE_UNIT()
);
#2489=(
NAMED_UNIT(*)
PLANE_ANGLE_UNIT()
SI_UNIT($,.RADIAN.)
);
#2490=(
LENGTH_UNIT()
NAMED_UNIT(*)
SI_UNIT($,.METRE.)
);
#2491=PRODUCT_DEFINITION_SHAPE('','',#2492);
#2492=PRODUCT_DEFINITION('','',#2494,#2493);
#2493=PRODUCT_DEFINITION_CONTEXT('',#2500,'design');
#2494=PRODUCT_DEFINITION_FORMATION_WITH_SPECIFIED_SOURCE('','',#2496,
 .NOT_KNOWN.);
#2495=PRODUCT_RELATED_PRODUCT_CATEGORY('','',(#2496));
#2496=PRODUCT('Bishop Piece','Bishop Piece','Bishop Piece',(#2498));
#2497=PRODUCT_CATEGORY('','');
#2498=PRODUCT_CONTEXT('',#2500,'mechanical');
#2499=APPLICATION_PROTOCOL_DEFINITION('international standard',
'ap242_managed_model_based_3d_engineering',2020,#2500);
#2500=APPLICATION_CONTEXT('managed model based 3d engineering');
ENDSEC;
END-ISO-10303-21;
