ISO-10303-21;
HEADER;
/* Generated by software containing ST-Developer
 * from STEP Tools, Inc. (www.steptools.com) 
 */
/* OPTION: using custom renumber hook */

FILE_DESCRIPTION(
/* description */ ('STEP AP242 Edition 2',
'CAx-IF Rec.Pracs.---Representation and Presentation of Product Manufa
cturing Information (PMI)---4.0---2014-10-13',
'CAx-IF Rec.Pracs.---3D Tessellated Geometry---0.4---2014-09-14','2;1',
'CAx-IF Rec.Pracs.---User Defined Attributes---1.5---2016-08-15'),
/* implementation_level */ '2;1');

FILE_NAME(
/* name */ 'Part Studio 1 - King Piece',
/* time_stamp */ '2026-09-24T22:50:08Z',
/* author */ (''),
/* organization */ (''),
/* preprocessor_version */ 'ST-DEVELOPER v20',
/* originating_system */ 'ONSHAPE BY PTC INC, 1.221',
/* authorisation */ '  ');

FILE_SCHEMA (('AP242_MANAGED_MODEL_BASED_3D_ENGINEERING_MIM_LF { 1 0 10303 442 3 1 4 }'));
ENDSEC;

DATA;
#10=SHAPE_REPRESENTATION_RELATIONSHIP('','',#449,#11);
#11=ADVANCED_BREP_SHAPE_REPRESENTATION('',(#447),#2678);
#12=TOROIDAL_SURFACE('',#501,0.00669319955900054,0.00206511440459068);
#13=TOROIDAL_SURFACE('',#509,0.0121711046722929,0.00528050645333138);
#14=VERTEX_LOOP('',#185);
#15=VERTEX_LOOP('',#187);
#16=CYLINDRICAL_SURFACE('',#485,0.00352711829530916);
#17=PLANE('',#483);
#18=CONICAL_SURFACE('',#457,0.00871340039360247,0.640088249376661);
#19=CONICAL_SURFACE('',#461,0.00712619017052374,1.56487613399471);
#20=CONICAL_SURFACE('',#463,0.0053847154477334,0.00592019280018943);
#21=CONICAL_SURFACE('',#466,0.00539356824906661,0.409557095172633);
#22=CONICAL_SURFACE('',#468,0.0092838556693848,1.16123923162226);
#23=CONICAL_SURFACE('',#471,0.00336719903337679,0.243218535580847);
#24=CONICAL_SURFACE('',#473,0.00295027571904383,0.545661176512583);
#25=CONICAL_SURFACE('',#475,0.00245416616775541,1.01008707249444);
#26=CONICAL_SURFACE('',#477,0.00149477407090231,1.52154450021651);
#27=CONICAL_SURFACE('',#479,0.00149477407090231,1.20462266072891);
#28=CONICAL_SURFACE('',#481,0.00337553628453056,0.832537790735948);
#29=CONICAL_SURFACE('',#487,0.00352711829530916,1.47986792200426);
#30=CONICAL_SURFACE('',#489,0.00161830189811907,0.740051270556573);
#31=CONICAL_SURFACE('',#491,0.00251395109283648,1.07482571023849);
#32=CONICAL_SURFACE('',#493,0.00128728005277834,1.26662441335179);
#33=CONICAL_SURFACE('',#495,0.000328706054224804,1.50020809204637);
#34=CONICAL_SURFACE('',#497,0.000328706054224804,0.000154777916346319);
#35=CONICAL_SURFACE('',#499,0.,1.5468743566827);
#36=CONICAL_SURFACE('',#503,0.00687088896460604,1.48464643036057);
#37=CONICAL_SURFACE('',#505,0.0103002865164252,1.34776543771653);
#38=CONICAL_SURFACE('',#507,0.0126648260900268,1.16189444958734);
#39=CONICAL_SURFACE('',#511,0.0163218687687423,0.666396708621689);
#40=CONICAL_SURFACE('',#513,0.016453775146418,0.351140764585605);
#41=CONICAL_SURFACE('',#515,0.0169659042033949,0.0358848205495626);
#42=ORIENTED_EDGE('',*,*,#118,.F.);
#43=ORIENTED_EDGE('',*,*,#119,.T.);
#44=ORIENTED_EDGE('',*,*,#120,.F.);
#45=ORIENTED_EDGE('',*,*,#118,.T.);
#46=ORIENTED_EDGE('',*,*,#121,.F.);
#47=ORIENTED_EDGE('',*,*,#120,.T.);
#48=ORIENTED_EDGE('',*,*,#122,.F.);
#49=ORIENTED_EDGE('',*,*,#121,.T.);
#50=ORIENTED_EDGE('',*,*,#123,.F.);
#51=ORIENTED_EDGE('',*,*,#122,.T.);
#52=ORIENTED_EDGE('',*,*,#124,.F.);
#53=ORIENTED_EDGE('',*,*,#123,.T.);
#54=ORIENTED_EDGE('',*,*,#125,.F.);
#55=ORIENTED_EDGE('',*,*,#124,.T.);
#56=ORIENTED_EDGE('',*,*,#126,.F.);
#57=ORIENTED_EDGE('',*,*,#125,.T.);
#58=ORIENTED_EDGE('',*,*,#127,.F.);
#59=ORIENTED_EDGE('',*,*,#126,.T.);
#60=ORIENTED_EDGE('',*,*,#128,.F.);
#61=ORIENTED_EDGE('',*,*,#127,.T.);
#62=ORIENTED_EDGE('',*,*,#129,.F.);
#63=ORIENTED_EDGE('',*,*,#128,.T.);
#64=ORIENTED_EDGE('',*,*,#130,.F.);
#65=ORIENTED_EDGE('',*,*,#129,.T.);
#66=ORIENTED_EDGE('',*,*,#131,.F.);
#67=ORIENTED_EDGE('',*,*,#130,.T.);
#68=ORIENTED_EDGE('',*,*,#132,.F.);
#69=ORIENTED_EDGE('',*,*,#131,.T.);
#70=ORIENTED_EDGE('',*,*,#133,.F.);
#71=ORIENTED_EDGE('',*,*,#132,.T.);
#72=ORIENTED_EDGE('',*,*,#133,.T.);
#73=ORIENTED_EDGE('',*,*,#134,.F.);
#74=ORIENTED_EDGE('',*,*,#134,.T.);
#75=ORIENTED_EDGE('',*,*,#135,.F.);
#76=ORIENTED_EDGE('',*,*,#135,.T.);
#77=ORIENTED_EDGE('',*,*,#136,.F.);
#78=ORIENTED_EDGE('',*,*,#137,.F.);
#79=ORIENTED_EDGE('',*,*,#136,.T.);
#80=ORIENTED_EDGE('',*,*,#138,.F.);
#81=ORIENTED_EDGE('',*,*,#137,.T.);
#82=ORIENTED_EDGE('',*,*,#139,.F.);
#83=ORIENTED_EDGE('',*,*,#138,.T.);
#84=ORIENTED_EDGE('',*,*,#140,.F.);
#85=ORIENTED_EDGE('',*,*,#139,.T.);
#86=ORIENTED_EDGE('',*,*,#141,.F.);
#87=ORIENTED_EDGE('',*,*,#140,.T.);
#88=ORIENTED_EDGE('',*,*,#142,.F.);
#89=ORIENTED_EDGE('',*,*,#141,.T.);
#90=ORIENTED_EDGE('',*,*,#142,.T.);
#91=ORIENTED_EDGE('',*,*,#143,.F.);
#92=ORIENTED_EDGE('',*,*,#143,.T.);
#93=ORIENTED_EDGE('',*,*,#144,.F.);
#94=ORIENTED_EDGE('',*,*,#144,.T.);
#95=ORIENTED_EDGE('',*,*,#145,.F.);
#96=ORIENTED_EDGE('',*,*,#146,.F.);
#97=ORIENTED_EDGE('',*,*,#145,.T.);
#98=ORIENTED_EDGE('',*,*,#146,.T.);
#99=ORIENTED_EDGE('',*,*,#147,.F.);
#100=ORIENTED_EDGE('',*,*,#148,.F.);
#101=ORIENTED_EDGE('',*,*,#147,.T.);
#102=ORIENTED_EDGE('',*,*,#149,.F.);
#103=ORIENTED_EDGE('',*,*,#148,.T.);
#104=ORIENTED_EDGE('',*,*,#150,.F.);
#105=ORIENTED_EDGE('',*,*,#149,.T.);
#106=ORIENTED_EDGE('',*,*,#151,.F.);
#107=ORIENTED_EDGE('',*,*,#150,.T.);
#108=ORIENTED_EDGE('',*,*,#152,.F.);
#109=ORIENTED_EDGE('',*,*,#151,.T.);
#110=ORIENTED_EDGE('',*,*,#153,.F.);
#111=ORIENTED_EDGE('',*,*,#152,.T.);
#112=ORIENTED_EDGE('',*,*,#154,.F.);
#113=ORIENTED_EDGE('',*,*,#153,.T.);
#114=ORIENTED_EDGE('',*,*,#155,.F.);
#115=ORIENTED_EDGE('',*,*,#154,.T.);
#116=ORIENTED_EDGE('',*,*,#155,.T.);
#117=ORIENTED_EDGE('',*,*,#119,.F.);
#118=EDGE_CURVE('',#156,#156,#196,.T.);
#119=EDGE_CURVE('',#157,#157,#197,.T.);
#120=EDGE_CURVE('',#158,#158,#198,.T.);
#121=EDGE_CURVE('',#159,#159,#199,.T.);
#122=EDGE_CURVE('',#160,#160,#200,.T.);
#123=EDGE_CURVE('',#161,#161,#201,.T.);
#124=EDGE_CURVE('',#162,#162,#202,.T.);
#125=EDGE_CURVE('',#163,#163,#203,.T.);
#126=EDGE_CURVE('',#164,#164,#204,.T.);
#127=EDGE_CURVE('',#165,#165,#205,.T.);
#128=EDGE_CURVE('',#166,#166,#206,.T.);
#129=EDGE_CURVE('',#167,#167,#207,.T.);
#130=EDGE_CURVE('',#168,#168,#208,.T.);
#131=EDGE_CURVE('',#169,#169,#209,.T.);
#132=EDGE_CURVE('',#170,#170,#210,.T.);
#133=EDGE_CURVE('',#171,#171,#211,.T.);
#134=EDGE_CURVE('',#172,#172,#212,.T.);
#135=EDGE_CURVE('',#173,#173,#213,.T.);
#136=EDGE_CURVE('',#174,#174,#214,.T.);
#137=EDGE_CURVE('',#175,#175,#215,.T.);
#138=EDGE_CURVE('',#176,#176,#216,.T.);
#139=EDGE_CURVE('',#177,#177,#217,.T.);
#140=EDGE_CURVE('',#178,#178,#218,.T.);
#141=EDGE_CURVE('',#179,#179,#219,.T.);
#142=EDGE_CURVE('',#180,#180,#220,.T.);
#143=EDGE_CURVE('',#181,#181,#221,.T.);
#144=EDGE_CURVE('',#182,#182,#222,.T.);
#145=EDGE_CURVE('',#183,#183,#223,.T.);
#146=EDGE_CURVE('',#184,#184,#224,.T.);
#147=EDGE_CURVE('',#186,#186,#225,.T.);
#148=EDGE_CURVE('',#188,#188,#226,.T.);
#149=EDGE_CURVE('',#189,#189,#227,.T.);
#150=EDGE_CURVE('',#190,#190,#228,.T.);
#151=EDGE_CURVE('',#191,#191,#229,.T.);
#152=EDGE_CURVE('',#192,#192,#230,.T.);
#153=EDGE_CURVE('',#193,#193,#231,.T.);
#154=EDGE_CURVE('',#194,#194,#232,.T.);
#155=EDGE_CURVE('',#195,#195,#233,.T.);
#156=VERTEX_POINT('',#995);
#157=VERTEX_POINT('',#997);
#158=VERTEX_POINT('',#1075);
#159=VERTEX_POINT('',#1533);
#160=VERTEX_POINT('',#1630);
#161=VERTEX_POINT('',#1727);
#162=VERTEX_POINT('',#1730);
#163=VERTEX_POINT('',#1903);
#164=VERTEX_POINT('',#2076);
#165=VERTEX_POINT('',#2079);
#166=VERTEX_POINT('',#2082);
#167=VERTEX_POINT('',#2293);
#168=VERTEX_POINT('',#2296);
#169=VERTEX_POINT('',#2299);
#170=VERTEX_POINT('',#2400);
#171=VERTEX_POINT('',#2403);
#172=VERTEX_POINT('',#2406);
#173=VERTEX_POINT('',#2409);
#174=VERTEX_POINT('',#2412);
#175=VERTEX_POINT('',#2415);
#176=VERTEX_POINT('',#2418);
#177=VERTEX_POINT('',#2421);
#178=VERTEX_POINT('',#2424);
#179=VERTEX_POINT('',#2427);
#180=VERTEX_POINT('',#2430);
#181=VERTEX_POINT('',#2433);
#182=VERTEX_POINT('',#2436);
#183=VERTEX_POINT('',#2439);
#184=VERTEX_POINT('',#2442);
#185=VERTEX_POINT('',#2553);
#186=VERTEX_POINT('',#2556);
#187=VERTEX_POINT('',#2557);
#188=VERTEX_POINT('',#2560);
#189=VERTEX_POINT('',#2563);
#190=VERTEX_POINT('',#2566);
#191=VERTEX_POINT('',#2569);
#192=VERTEX_POINT('',#2572);
#193=VERTEX_POINT('',#2575);
#194=VERTEX_POINT('',#2578);
#195=VERTEX_POINT('',#2581);
#196=CIRCLE('',#451,0.0117759652732583);
#197=CIRCLE('',#452,0.0147047642915221);
#198=CIRCLE('',#453,0.0102274999319287);
#199=CIRCLE('',#454,0.00562029744672499);
#200=CIRCLE('',#455,0.00662113393830977);
#201=CIRCLE('',#456,0.00871340039360247);
#202=CIRCLE('',#458,0.00910639244305811);
#203=CIRCLE('',#459,0.0072649479209157);
#204=CIRCLE('',#460,0.00712619017052374);
#205=CIRCLE('',#462,0.0053847154477334);
#206=CIRCLE('',#464,0.00539356824906661);
#207=CIRCLE('',#465,0.00539356824906661);
#208=CIRCLE('',#467,0.0092838556693848);
#209=CIRCLE('',#469,0.00228381376898622);
#210=CIRCLE('',#470,0.00336719903337679);
#211=CIRCLE('',#472,0.00322022329258643);
#212=CIRCLE('',#474,0.00295027571904383);
#213=CIRCLE('',#476,0.00245416616775541);
#214=CIRCLE('',#478,0.00149477407090231);
#215=CIRCLE('',#480,0.00337553628453056);
#216=CIRCLE('',#482,0.00150601978587829);
#217=CIRCLE('',#484,0.00352711829530916);
#218=CIRCLE('',#486,0.00352711829530916);
#219=CIRCLE('',#488,0.00161830189811907);
#220=CIRCLE('',#490,0.00321272614586077);
#221=CIRCLE('',#492,0.00251395109283648);
#222=CIRCLE('',#494,0.00128728005277834);
#223=CIRCLE('',#496,0.000328706054224804);
#224=CIRCLE('',#498,0.000328643569832074);
#225=CIRCLE('',#500,0.00674259645243445);
#226=CIRCLE('',#502,0.00687088896460604);
#227=CIRCLE('',#504,0.0103002865164252);
#228=CIRCLE('',#506,0.0126648260900268);
#229=CIRCLE('',#508,0.0146996855893126);
#230=CIRCLE('',#510,0.0163218687687423);
#231=CIRCLE('',#512,0.016453775146418);
#232=CIRCLE('',#514,0.0169659042033949);
#233=CIRCLE('',#516,0.0169718699656795);
#234=EDGE_LOOP('',(#42));
#235=EDGE_LOOP('',(#43));
#236=EDGE_LOOP('',(#44));
#237=EDGE_LOOP('',(#45));
#238=EDGE_LOOP('',(#46));
#239=EDGE_LOOP('',(#47));
#240=EDGE_LOOP('',(#48));
#241=EDGE_LOOP('',(#49));
#242=EDGE_LOOP('',(#50));
#243=EDGE_LOOP('',(#51));
#244=EDGE_LOOP('',(#52));
#245=EDGE_LOOP('',(#53));
#246=EDGE_LOOP('',(#54));
#247=EDGE_LOOP('',(#55));
#248=EDGE_LOOP('',(#56));
#249=EDGE_LOOP('',(#57));
#250=EDGE_LOOP('',(#58));
#251=EDGE_LOOP('',(#59));
#252=EDGE_LOOP('',(#60));
#253=EDGE_LOOP('',(#61));
#254=EDGE_LOOP('',(#62));
#255=EDGE_LOOP('',(#63));
#256=EDGE_LOOP('',(#64));
#257=EDGE_LOOP('',(#65));
#258=EDGE_LOOP('',(#66));
#259=EDGE_LOOP('',(#67));
#260=EDGE_LOOP('',(#68));
#261=EDGE_LOOP('',(#69));
#262=EDGE_LOOP('',(#70));
#263=EDGE_LOOP('',(#71));
#264=EDGE_LOOP('',(#72));
#265=EDGE_LOOP('',(#73));
#266=EDGE_LOOP('',(#74));
#267=EDGE_LOOP('',(#75));
#268=EDGE_LOOP('',(#76));
#269=EDGE_LOOP('',(#77));
#270=EDGE_LOOP('',(#78));
#271=EDGE_LOOP('',(#79));
#272=EDGE_LOOP('',(#80));
#273=EDGE_LOOP('',(#81));
#274=EDGE_LOOP('',(#82));
#275=EDGE_LOOP('',(#83));
#276=EDGE_LOOP('',(#84));
#277=EDGE_LOOP('',(#85));
#278=EDGE_LOOP('',(#86));
#279=EDGE_LOOP('',(#87));
#280=EDGE_LOOP('',(#88));
#281=EDGE_LOOP('',(#89));
#282=EDGE_LOOP('',(#90));
#283=EDGE_LOOP('',(#91));
#284=EDGE_LOOP('',(#92));
#285=EDGE_LOOP('',(#93));
#286=EDGE_LOOP('',(#94));
#287=EDGE_LOOP('',(#95));
#288=EDGE_LOOP('',(#96));
#289=EDGE_LOOP('',(#97));
#290=EDGE_LOOP('',(#98));
#291=EDGE_LOOP('',(#99));
#292=EDGE_LOOP('',(#100));
#293=EDGE_LOOP('',(#101));
#294=EDGE_LOOP('',(#102));
#295=EDGE_LOOP('',(#103));
#296=EDGE_LOOP('',(#104));
#297=EDGE_LOOP('',(#105));
#298=EDGE_LOOP('',(#106));
#299=EDGE_LOOP('',(#107));
#300=EDGE_LOOP('',(#108));
#301=EDGE_LOOP('',(#109));
#302=EDGE_LOOP('',(#110));
#303=EDGE_LOOP('',(#111));
#304=EDGE_LOOP('',(#112));
#305=EDGE_LOOP('',(#113));
#306=EDGE_LOOP('',(#114));
#307=EDGE_LOOP('',(#115));
#308=EDGE_LOOP('',(#116));
#309=EDGE_LOOP('',(#117));
#310=FACE_BOUND('',#234,.T.);
#311=FACE_BOUND('',#235,.T.);
#312=FACE_BOUND('',#236,.T.);
#313=FACE_BOUND('',#237,.T.);
#314=FACE_BOUND('',#238,.T.);
#315=FACE_BOUND('',#239,.T.);
#316=FACE_BOUND('',#240,.T.);
#317=FACE_BOUND('',#241,.T.);
#318=FACE_BOUND('',#242,.T.);
#319=FACE_BOUND('',#243,.T.);
#320=FACE_BOUND('',#244,.T.);
#321=FACE_BOUND('',#245,.T.);
#322=FACE_BOUND('',#246,.T.);
#323=FACE_BOUND('',#247,.T.);
#324=FACE_BOUND('',#248,.T.);
#325=FACE_BOUND('',#249,.T.);
#326=FACE_BOUND('',#250,.T.);
#327=FACE_BOUND('',#251,.T.);
#328=FACE_BOUND('',#252,.T.);
#329=FACE_BOUND('',#253,.T.);
#330=FACE_BOUND('',#254,.T.);
#331=FACE_BOUND('',#255,.T.);
#332=FACE_BOUND('',#256,.T.);
#333=FACE_BOUND('',#257,.T.);
#334=FACE_BOUND('',#258,.T.);
#335=FACE_BOUND('',#259,.T.);
#336=FACE_BOUND('',#260,.T.);
#337=FACE_BOUND('',#261,.T.);
#338=FACE_BOUND('',#262,.T.);
#339=FACE_BOUND('',#263,.T.);
#340=FACE_BOUND('',#264,.T.);
#341=FACE_BOUND('',#265,.T.);
#342=FACE_BOUND('',#266,.T.);
#343=FACE_BOUND('',#267,.T.);
#344=FACE_BOUND('',#268,.T.);
#345=FACE_BOUND('',#269,.T.);
#346=FACE_BOUND('',#270,.T.);
#347=FACE_BOUND('',#271,.T.);
#348=FACE_BOUND('',#272,.T.);
#349=FACE_BOUND('',#273,.T.);
#350=FACE_BOUND('',#274,.T.);
#351=FACE_BOUND('',#275,.T.);
#352=FACE_BOUND('',#276,.T.);
#353=FACE_BOUND('',#277,.T.);
#354=FACE_BOUND('',#278,.T.);
#355=FACE_BOUND('',#279,.T.);
#356=FACE_BOUND('',#280,.T.);
#357=FACE_BOUND('',#281,.T.);
#358=FACE_BOUND('',#282,.T.);
#359=FACE_BOUND('',#283,.T.);
#360=FACE_BOUND('',#284,.T.);
#361=FACE_BOUND('',#285,.T.);
#362=FACE_BOUND('',#286,.T.);
#363=FACE_BOUND('',#287,.T.);
#364=FACE_BOUND('',#288,.T.);
#365=FACE_BOUND('',#289,.T.);
#366=FACE_BOUND('',#14,.T.);
#367=FACE_BOUND('',#290,.T.);
#368=FACE_BOUND('',#291,.T.);
#369=FACE_BOUND('',#15,.T.);
#370=FACE_BOUND('',#292,.T.);
#371=FACE_BOUND('',#293,.T.);
#372=FACE_BOUND('',#294,.T.);
#373=FACE_BOUND('',#295,.T.);
#374=FACE_BOUND('',#296,.T.);
#375=FACE_BOUND('',#297,.T.);
#376=FACE_BOUND('',#298,.T.);
#377=FACE_BOUND('',#299,.T.);
#378=FACE_BOUND('',#300,.T.);
#379=FACE_BOUND('',#301,.T.);
#380=FACE_BOUND('',#302,.T.);
#381=FACE_BOUND('',#303,.T.);
#382=FACE_BOUND('',#304,.T.);
#383=FACE_BOUND('',#305,.T.);
#384=FACE_BOUND('',#306,.T.);
#385=FACE_BOUND('',#307,.T.);
#386=FACE_BOUND('',#308,.T.);
#387=FACE_BOUND('',#309,.T.);
#388=B_SPLINE_SURFACE_WITH_KNOTS('',3,3,((#652,#653,#654,#655,#656,#657,
#658,#659,#660,#661,#662,#663,#664,#665,#666,#667,#668,#669,#670),(#671,
#672,#673,#674,#675,#676,#677,#678,#679,#680,#681,#682,#683,#684,#685,#686,
#687,#688,#689),(#690,#691,#692,#693,#694,#695,#696,#697,#698,#699,#700,
#701,#702,#703,#704,#705,#706,#707,#708),(#709,#710,#711,#712,#713,#714,
#715,#716,#717,#718,#719,#720,#721,#722,#723,#724,#725,#726,#727),(#728,
#729,#730,#731,#732,#733,#734,#735,#736,#737,#738,#739,#740,#741,#742,#743,
#744,#745,#746),(#747,#748,#749,#750,#751,#752,#753,#754,#755,#756,#757,
#758,#759,#760,#761,#762,#763,#764,#765),(#766,#767,#768,#769,#770,#771,
#772,#773,#774,#775,#776,#777,#778,#779,#780,#781,#782,#783,#784),(#785,
#786,#787,#788,#789,#790,#791,#792,#793,#794,#795,#796,#797,#798,#799,#800,
#801,#802,#803),(#804,#805,#806,#807,#808,#809,#810,#811,#812,#813,#814,
#815,#816,#817,#818,#819,#820,#821,#822),(#823,#824,#825,#826,#827,#828,
#829,#830,#831,#832,#833,#834,#835,#836,#837,#838,#839,#840,#841),(#842,
#843,#844,#845,#846,#847,#848,#849,#850,#851,#852,#853,#854,#855,#856,#857,
#858,#859,#860),(#861,#862,#863,#864,#865,#866,#867,#868,#869,#870,#871,
#872,#873,#874,#875,#876,#877,#878,#879),(#880,#881,#882,#883,#884,#885,
#886,#887,#888,#889,#890,#891,#892,#893,#894,#895,#896,#897,#898),(#899,
#900,#901,#902,#903,#904,#905,#906,#907,#908,#909,#910,#911,#912,#913,#914,
#915,#916,#917),(#918,#919,#920,#921,#922,#923,#924,#925,#926,#927,#928,
#929,#930,#931,#932,#933,#934,#935,#936),(#937,#938,#939,#940,#941,#942,
#943,#944,#945,#946,#947,#948,#949,#950,#951,#952,#953,#954,#955),(#956,
#957,#958,#959,#960,#961,#962,#963,#964,#965,#966,#967,#968,#969,#970,#971,
#972,#973,#974),(#975,#976,#977,#978,#979,#980,#981,#982,#983,#984,#985,
#986,#987,#988,#989,#990,#991,#992,#993)),.UNSPECIFIED.,.F.,.T.,.F.,(4,
1,1,1,1,1,1,1,1,1,1,1,1,1,1,4),(1,1,1,1,1,1,1,1,1,1,1,1,1,1,1,1,1,1,1,1,
1,1,1),(0.,0.109766984504233,0.164650476756349,0.219533969008466,0.274417461260582,
0.329300953512699,0.384184445764815,0.439067938016932,0.493951430269048,
0.548834922521164,0.603718414773281,0.658601907025397,0.704338150568828,
0.740927145403572,0.777516140238316,0.878135876033863),(-1.17809724509617,
-0.785398163397448,-0.392699081698725,0.,0.392699081698724,0.785398163397448,
1.17809724509617,1.5707963267949,1.96349540849362,2.35619449019234,2.74889357189107,
3.14159265358979,3.53429173528852,3.92699081698724,4.31968989868597,4.71238898038469,
5.10508806208341,5.49778714378214,5.89048622548086,6.28318530717959,6.67588438887831,
7.06858347057703,7.46128255227576),.UNSPECIFIED.);
#389=B_SPLINE_SURFACE_WITH_KNOTS('',3,3,((#998,#999,#1000,#1001,#1002,#1003,
#1004,#1005,#1006,#1007,#1008,#1009,#1010,#1011,#1012,#1013,#1014,#1015,
#1016),(#1017,#1018,#1019,#1020,#1021,#1022,#1023,#1024,#1025,#1026,#1027,
#1028,#1029,#1030,#1031,#1032,#1033,#1034,#1035),(#1036,#1037,#1038,#1039,
#1040,#1041,#1042,#1043,#1044,#1045,#1046,#1047,#1048,#1049,#1050,#1051,
#1052,#1053,#1054),(#1055,#1056,#1057,#1058,#1059,#1060,#1061,#1062,#1063,
#1064,#1065,#1066,#1067,#1068,#1069,#1070,#1071,#1072,#1073)),
 .UNSPECIFIED.,.F.,.T.,.F.,(4,4),(1,1,1,1,1,1,1,1,1,1,1,1,1,1,1,1,1,1,1,
1,1,1,1),(0.878135876033863,1.),(-1.17809724509617,-0.785398163397448,-0.392699081698725,
0.,0.392699081698724,0.785398163397448,1.17809724509617,1.5707963267949,
1.96349540849362,2.35619449019234,2.74889357189107,3.14159265358979,3.53429173528852,
3.92699081698724,4.31968989868597,4.71238898038469,5.10508806208341,5.49778714378214,
5.89048622548086,6.28318530717959,6.67588438887831,7.06858347057703,7.46128255227576),
 .UNSPECIFIED.);
#390=B_SPLINE_SURFACE_WITH_KNOTS('',3,3,((#1076,#1077,#1078,#1079,#1080,
#1081,#1082,#1083,#1084,#1085,#1086,#1087,#1088,#1089,#1090,#1091,#1092,
#1093,#1094),(#1095,#1096,#1097,#1098,#1099,#1100,#1101,#1102,#1103,#1104,
#1105,#1106,#1107,#1108,#1109,#1110,#1111,#1112,#1113),(#1114,#1115,#1116,
#1117,#1118,#1119,#1120,#1121,#1122,#1123,#1124,#1125,#1126,#1127,#1128,
#1129,#1130,#1131,#1132),(#1133,#1134,#1135,#1136,#1137,#1138,#1139,#1140,
#1141,#1142,#1143,#1144,#1145,#1146,#1147,#1148,#1149,#1150,#1151),(#1152,
#1153,#1154,#1155,#1156,#1157,#1158,#1159,#1160,#1161,#1162,#1163,#1164,
#1165,#1166,#1167,#1168,#1169,#1170),(#1171,#1172,#1173,#1174,#1175,#1176,
#1177,#1178,#1179,#1180,#1181,#1182,#1183,#1184,#1185,#1186,#1187,#1188,
#1189),(#1190,#1191,#1192,#1193,#1194,#1195,#1196,#1197,#1198,#1199,#1200,
#1201,#1202,#1203,#1204,#1205,#1206,#1207,#1208),(#1209,#1210,#1211,#1212,
#1213,#1214,#1215,#1216,#1217,#1218,#1219,#1220,#1221,#1222,#1223,#1224,
#1225,#1226,#1227),(#1228,#1229,#1230,#1231,#1232,#1233,#1234,#1235,#1236,
#1237,#1238,#1239,#1240,#1241,#1242,#1243,#1244,#1245,#1246),(#1247,#1248,
#1249,#1250,#1251,#1252,#1253,#1254,#1255,#1256,#1257,#1258,#1259,#1260,
#1261,#1262,#1263,#1264,#1265),(#1266,#1267,#1268,#1269,#1270,#1271,#1272,
#1273,#1274,#1275,#1276,#1277,#1278,#1279,#1280,#1281,#1282,#1283,#1284),
(#1285,#1286,#1287,#1288,#1289,#1290,#1291,#1292,#1293,#1294,#1295,#1296,
#1297,#1298,#1299,#1300,#1301,#1302,#1303),(#1304,#1305,#1306,#1307,#1308,
#1309,#1310,#1311,#1312,#1313,#1314,#1315,#1316,#1317,#1318,#1319,#1320,
#1321,#1322),(#1323,#1324,#1325,#1326,#1327,#1328,#1329,#1330,#1331,#1332,
#1333,#1334,#1335,#1336,#1337,#1338,#1339,#1340,#1341),(#1342,#1343,#1344,
#1345,#1346,#1347,#1348,#1349,#1350,#1351,#1352,#1353,#1354,#1355,#1356,
#1357,#1358,#1359,#1360),(#1361,#1362,#1363,#1364,#1365,#1366,#1367,#1368,
#1369,#1370,#1371,#1372,#1373,#1374,#1375,#1376,#1377,#1378,#1379),(#1380,
#1381,#1382,#1383,#1384,#1385,#1386,#1387,#1388,#1389,#1390,#1391,#1392,
#1393,#1394,#1395,#1396,#1397,#1398),(#1399,#1400,#1401,#1402,#1403,#1404,
#1405,#1406,#1407,#1408,#1409,#1410,#1411,#1412,#1413,#1414,#1415,#1416,
#1417),(#1418,#1419,#1420,#1421,#1422,#1423,#1424,#1425,#1426,#1427,#1428,
#1429,#1430,#1431,#1432,#1433,#1434,#1435,#1436),(#1437,#1438,#1439,#1440,
#1441,#1442,#1443,#1444,#1445,#1446,#1447,#1448,#1449,#1450,#1451,#1452,
#1453,#1454,#1455),(#1456,#1457,#1458,#1459,#1460,#1461,#1462,#1463,#1464,
#1465,#1466,#1467,#1468,#1469,#1470,#1471,#1472,#1473,#1474),(#1475,#1476,
#1477,#1478,#1479,#1480,#1481,#1482,#1483,#1484,#1485,#1486,#1487,#1488,
#1489,#1490,#1491,#1492,#1493),(#1494,#1495,#1496,#1497,#1498,#1499,#1500,
#1501,#1502,#1503,#1504,#1505,#1506,#1507,#1508,#1509,#1510,#1511,#1512),
(#1513,#1514,#1515,#1516,#1517,#1518,#1519,#1520,#1521,#1522,#1523,#1524,
#1525,#1526,#1527,#1528,#1529,#1530,#1531)),.UNSPECIFIED.,.F.,.T.,.F.,(4,
1,1,1,1,1,1,1,1,1,1,1,1,1,1,1,1,1,1,1,1,4),(1,1,1,1,1,1,1,1,1,1,1,1,1,1,
1,1,1,1,1,1,1,1,1),(0.,0.0625,0.09375,0.135416666666667,0.1875,0.25,0.3125,
0.375,0.4375,0.5,0.5625,0.625,0.6875,0.739583333333333,0.78125,0.8125,0.84375,
0.875,0.90625,0.9375,0.963541666666667,1.),(-1.17809724509617,-0.785398163397448,
-0.392699081698725,0.,0.392699081698724,0.785398163397448,1.17809724509617,
1.5707963267949,1.96349540849362,2.35619449019234,2.74889357189107,3.14159265358979,
3.53429173528852,3.92699081698724,4.31968989868597,4.71238898038469,5.10508806208341,
5.49778714378214,5.89048622548086,6.28318530717959,6.67588438887831,7.06858347057703,
7.46128255227576),.UNSPECIFIED.);
#391=B_SPLINE_SURFACE_WITH_KNOTS('',3,3,((#1534,#1535,#1536,#1537,#1538,
#1539,#1540,#1541,#1542,#1543,#1544,#1545,#1546,#1547,#1548,#1549,#1550,
#1551,#1552),(#1553,#1554,#1555,#1556,#1557,#1558,#1559,#1560,#1561,#1562,
#1563,#1564,#1565,#1566,#1567,#1568,#1569,#1570,#1571),(#1572,#1573,#1574,
#1575,#1576,#1577,#1578,#1579,#1580,#1581,#1582,#1583,#1584,#1585,#1586,
#1587,#1588,#1589,#1590),(#1591,#1592,#1593,#1594,#1595,#1596,#1597,#1598,
#1599,#1600,#1601,#1602,#1603,#1604,#1605,#1606,#1607,#1608,#1609),(#1610,
#1611,#1612,#1613,#1614,#1615,#1616,#1617,#1618,#1619,#1620,#1621,#1622,
#1623,#1624,#1625,#1626,#1627,#1628)),.UNSPECIFIED.,.F.,.T.,.F.,(4,1,4),
(1,1,1,1,1,1,1,1,1,1,1,1,1,1,1,1,1,1,1,1,1,1,1),(0.,0.499999999999999,0.999999999999999),
(-1.17809724509617,-0.785398163397448,-0.392699081698725,0.,0.392699081698724,
0.785398163397448,1.17809724509617,1.5707963267949,1.96349540849362,2.35619449019234,
2.74889357189107,3.14159265358979,3.53429173528852,3.92699081698724,4.31968989868597,
4.71238898038469,5.10508806208341,5.49778714378214,5.89048622548086,6.28318530717959,
6.67588438887831,7.06858347057703,7.46128255227576),.UNSPECIFIED.);
#392=B_SPLINE_SURFACE_WITH_KNOTS('',3,3,((#1631,#1632,#1633,#1634,#1635,
#1636,#1637,#1638,#1639,#1640,#1641,#1642,#1643,#1644,#1645,#1646,#1647,
#1648,#1649),(#1650,#1651,#1652,#1653,#1654,#1655,#1656,#1657,#1658,#1659,
#1660,#1661,#1662,#1663,#1664,#1665,#1666,#1667,#1668),(#1669,#1670,#1671,
#1672,#1673,#1674,#1675,#1676,#1677,#1678,#1679,#1680,#1681,#1682,#1683,
#1684,#1685,#1686,#1687),(#1688,#1689,#1690,#1691,#1692,#1693,#1694,#1695,
#1696,#1697,#1698,#1699,#1700,#1701,#1702,#1703,#1704,#1705,#1706),(#1707,
#1708,#1709,#1710,#1711,#1712,#1713,#1714,#1715,#1716,#1717,#1718,#1719,
#1720,#1721,#1722,#1723,#1724,#1725)),.UNSPECIFIED.,.F.,.T.,.F.,(4,1,4),
(1,1,1,1,1,1,1,1,1,1,1,1,1,1,1,1,1,1,1,1,1,1,1),(0.,0.5,1.),(-1.17809724509617,
-0.785398163397448,-0.392699081698725,0.,0.392699081698724,0.785398163397448,
1.17809724509617,1.5707963267949,1.96349540849362,2.35619449019234,2.74889357189107,
3.14159265358979,3.53429173528852,3.92699081698724,4.31968989868597,4.71238898038469,
5.10508806208341,5.49778714378214,5.89048622548086,6.28318530717959,6.67588438887831,
7.06858347057703,7.46128255227576),.UNSPECIFIED.);
#393=B_SPLINE_SURFACE_WITH_KNOTS('',3,3,((#1731,#1732,#1733,#1734,#1735,
#1736,#1737,#1738,#1739,#1740,#1741,#1742,#1743,#1744,#1745,#1746,#1747,
#1748,#1749),(#1750,#1751,#1752,#1753,#1754,#1755,#1756,#1757,#1758,#1759,
#1760,#1761,#1762,#1763,#1764,#1765,#1766,#1767,#1768),(#1769,#1770,#1771,
#1772,#1773,#1774,#1775,#1776,#1777,#1778,#1779,#1780,#1781,#1782,#1783,
#1784,#1785,#1786,#1787),(#1788,#1789,#1790,#1791,#1792,#1793,#1794,#1795,
#1796,#1797,#1798,#1799,#1800,#1801,#1802,#1803,#1804,#1805,#1806),(#1807,
#1808,#1809,#1810,#1811,#1812,#1813,#1814,#1815,#1816,#1817,#1818,#1819,
#1820,#1821,#1822,#1823,#1824,#1825),(#1826,#1827,#1828,#1829,#1830,#1831,
#1832,#1833,#1834,#1835,#1836,#1837,#1838,#1839,#1840,#1841,#1842,#1843,
#1844),(#1845,#1846,#1847,#1848,#1849,#1850,#1851,#1852,#1853,#1854,#1855,
#1856,#1857,#1858,#1859,#1860,#1861,#1862,#1863),(#1864,#1865,#1866,#1867,
#1868,#1869,#1870,#1871,#1872,#1873,#1874,#1875,#1876,#1877,#1878,#1879,
#1880,#1881,#1882),(#1883,#1884,#1885,#1886,#1887,#1888,#1889,#1890,#1891,
#1892,#1893,#1894,#1895,#1896,#1897,#1898,#1899,#1900,#1901)),
 .UNSPECIFIED.,.F.,.T.,.F.,(4,1,1,1,1,1,4),(1,1,1,1,1,1,1,1,1,1,1,1,1,1,
1,1,1,1,1,1,1,1,1),(0.,0.25,0.375,0.5,0.625,0.75,1.),(-1.17809724509617,
-0.785398163397448,-0.392699081698725,0.,0.392699081698724,0.785398163397448,
1.17809724509617,1.5707963267949,1.96349540849362,2.35619449019234,2.74889357189107,
3.14159265358979,3.53429173528852,3.92699081698724,4.31968989868597,4.71238898038469,
5.10508806208341,5.49778714378214,5.89048622548086,6.28318530717959,6.67588438887831,
7.06858347057703,7.46128255227576),.UNSPECIFIED.);
#394=B_SPLINE_SURFACE_WITH_KNOTS('',3,3,((#1904,#1905,#1906,#1907,#1908,
#1909,#1910,#1911,#1912,#1913,#1914,#1915,#1916,#1917,#1918,#1919,#1920,
#1921,#1922),(#1923,#1924,#1925,#1926,#1927,#1928,#1929,#1930,#1931,#1932,
#1933,#1934,#1935,#1936,#1937,#1938,#1939,#1940,#1941),(#1942,#1943,#1944,
#1945,#1946,#1947,#1948,#1949,#1950,#1951,#1952,#1953,#1954,#1955,#1956,
#1957,#1958,#1959,#1960),(#1961,#1962,#1963,#1964,#1965,#1966,#1967,#1968,
#1969,#1970,#1971,#1972,#1973,#1974,#1975,#1976,#1977,#1978,#1979),(#1980,
#1981,#1982,#1983,#1984,#1985,#1986,#1987,#1988,#1989,#1990,#1991,#1992,
#1993,#1994,#1995,#1996,#1997,#1998),(#1999,#2000,#2001,#2002,#2003,#2004,
#2005,#2006,#2007,#2008,#2009,#2010,#2011,#2012,#2013,#2014,#2015,#2016,
#2017),(#2018,#2019,#2020,#2021,#2022,#2023,#2024,#2025,#2026,#2027,#2028,
#2029,#2030,#2031,#2032,#2033,#2034,#2035,#2036),(#2037,#2038,#2039,#2040,
#2041,#2042,#2043,#2044,#2045,#2046,#2047,#2048,#2049,#2050,#2051,#2052,
#2053,#2054,#2055),(#2056,#2057,#2058,#2059,#2060,#2061,#2062,#2063,#2064,
#2065,#2066,#2067,#2068,#2069,#2070,#2071,#2072,#2073,#2074)),
 .UNSPECIFIED.,.F.,.T.,.F.,(4,1,1,1,1,1,4),(1,1,1,1,1,1,1,1,1,1,1,1,1,1,
1,1,1,1,1,1,1,1,1),(0.,0.25,0.375,0.5,0.625,0.75,1.),(-1.17809724509617,
-0.785398163397448,-0.392699081698725,0.,0.392699081698724,0.785398163397448,
1.17809724509617,1.5707963267949,1.96349540849362,2.35619449019234,2.74889357189107,
3.14159265358979,3.53429173528852,3.92699081698724,4.31968989868597,4.71238898038469,
5.10508806208341,5.49778714378214,5.89048622548086,6.28318530717959,6.67588438887831,
7.06858347057703,7.46128255227576),.UNSPECIFIED.);
#395=B_SPLINE_SURFACE_WITH_KNOTS('',3,3,((#2083,#2084,#2085,#2086,#2087,
#2088,#2089,#2090,#2091,#2092,#2093,#2094,#2095,#2096,#2097,#2098,#2099,
#2100,#2101),(#2102,#2103,#2104,#2105,#2106,#2107,#2108,#2109,#2110,#2111,
#2112,#2113,#2114,#2115,#2116,#2117,#2118,#2119,#2120),(#2121,#2122,#2123,
#2124,#2125,#2126,#2127,#2128,#2129,#2130,#2131,#2132,#2133,#2134,#2135,
#2136,#2137,#2138,#2139),(#2140,#2141,#2142,#2143,#2144,#2145,#2146,#2147,
#2148,#2149,#2150,#2151,#2152,#2153,#2154,#2155,#2156,#2157,#2158),(#2159,
#2160,#2161,#2162,#2163,#2164,#2165,#2166,#2167,#2168,#2169,#2170,#2171,
#2172,#2173,#2174,#2175,#2176,#2177),(#2178,#2179,#2180,#2181,#2182,#2183,
#2184,#2185,#2186,#2187,#2188,#2189,#2190,#2191,#2192,#2193,#2194,#2195,
#2196),(#2197,#2198,#2199,#2200,#2201,#2202,#2203,#2204,#2205,#2206,#2207,
#2208,#2209,#2210,#2211,#2212,#2213,#2214,#2215),(#2216,#2217,#2218,#2219,
#2220,#2221,#2222,#2223,#2224,#2225,#2226,#2227,#2228,#2229,#2230,#2231,
#2232,#2233,#2234),(#2235,#2236,#2237,#2238,#2239,#2240,#2241,#2242,#2243,
#2244,#2245,#2246,#2247,#2248,#2249,#2250,#2251,#2252,#2253),(#2254,#2255,
#2256,#2257,#2258,#2259,#2260,#2261,#2262,#2263,#2264,#2265,#2266,#2267,
#2268,#2269,#2270,#2271,#2272),(#2273,#2274,#2275,#2276,#2277,#2278,#2279,
#2280,#2281,#2282,#2283,#2284,#2285,#2286,#2287,#2288,#2289,#2290,#2291)),
 .UNSPECIFIED.,.F.,.T.,.F.,(4,1,1,1,1,1,1,1,4),(1,1,1,1,1,1,1,1,1,1,1,1,
1,1,1,1,1,1,1,1,1,1,1),(0.,0.145833333333333,0.25,0.375,0.5,0.625,0.75,
0.854166666666667,1.),(-1.17809724509617,-0.785398163397448,-0.392699081698725,
0.,0.392699081698724,0.785398163397448,1.17809724509617,1.5707963267949,
1.96349540849362,2.35619449019234,2.74889357189107,3.14159265358979,3.53429173528852,
3.92699081698724,4.31968989868597,4.71238898038469,5.10508806208341,5.49778714378214,
5.89048622548086,6.28318530717959,6.67588438887831,7.06858347057703,7.46128255227576),
 .UNSPECIFIED.);
#396=B_SPLINE_SURFACE_WITH_KNOTS('',3,3,((#2300,#2301,#2302,#2303,#2304,
#2305,#2306,#2307,#2308,#2309,#2310),(#2311,#2312,#2313,#2314,#2315,#2316,
#2317,#2318,#2319,#2320,#2321),(#2322,#2323,#2324,#2325,#2326,#2327,#2328,
#2329,#2330,#2331,#2332),(#2333,#2334,#2335,#2336,#2337,#2338,#2339,#2340,
#2341,#2342,#2343),(#2344,#2345,#2346,#2347,#2348,#2349,#2350,#2351,#2352,
#2353,#2354),(#2355,#2356,#2357,#2358,#2359,#2360,#2361,#2362,#2363,#2364,
#2365),(#2366,#2367,#2368,#2369,#2370,#2371,#2372,#2373,#2374,#2375,#2376),
(#2377,#2378,#2379,#2380,#2381,#2382,#2383,#2384,#2385,#2386,#2387),(#2388,
#2389,#2390,#2391,#2392,#2393,#2394,#2395,#2396,#2397,#2398)),
 .UNSPECIFIED.,.F.,.T.,.F.,(4,1,1,1,1,1,4),(1,1,1,1,1,1,1,1,1,1,1,1,1,1,
1),(0.,0.25,0.375,0.5,0.625,0.75,1.),(-2.35619449019234,-1.5707963267949,
-0.785398163397448,0.,0.785398163397448,1.5707963267949,2.35619449019234,
3.14159265358979,3.92699081698724,4.71238898038469,5.49778714378214,6.28318530717959,
7.06858347057703,7.85398163397448,8.63937979737193),.UNSPECIFIED.);
#397=B_SPLINE_SURFACE_WITH_KNOTS('',3,3,((#2443,#2444,#2445,#2446,#2447,
#2448,#2449,#2450,#2451,#2452,#2453),(#2454,#2455,#2456,#2457,#2458,#2459,
#2460,#2461,#2462,#2463,#2464),(#2465,#2466,#2467,#2468,#2469,#2470,#2471,
#2472,#2473,#2474,#2475),(#2476,#2477,#2478,#2479,#2480,#2481,#2482,#2483,
#2484,#2485,#2486),(#2487,#2488,#2489,#2490,#2491,#2492,#2493,#2494,#2495,
#2496,#2497),(#2498,#2499,#2500,#2501,#2502,#2503,#2504,#2505,#2506,#2507,
#2508),(#2509,#2510,#2511,#2512,#2513,#2514,#2515,#2516,#2517,#2518,#2519),
(#2520,#2521,#2522,#2523,#2524,#2525,#2526,#2527,#2528,#2529,#2530),(#2531,
#2532,#2533,#2534,#2535,#2536,#2537,#2538,#2539,#2540,#2541),(#2542,#2543,
#2544,#2545,#2546,#2547,#2548,#2549,#2550,#2551,#2552)),.UNSPECIFIED.,.F.,
 .T.,.F.,(4,1,1,1,1,1,1,4),(1,1,1,1,1,1,1,1,1,1,1,1,1,1,1),(0.,0.145833333333333,
0.25,0.375,0.5,0.625,0.75,1.),(-2.35619449019234,-1.5707963267949,-0.785398163397448,
0.,0.785398163397448,1.5707963267949,2.35619449019234,3.14159265358979,
3.92699081698724,4.71238898038469,5.49778714378214,6.28318530717959,7.06858347057703,
7.85398163397448,8.63937979737193),.UNSPECIFIED.);
#398=B_SPLINE_SURFACE_WITH_KNOTS('',3,3,((#2582,#2583,#2584,#2585,#2586,
#2587,#2588,#2589,#2590,#2591,#2592,#2593,#2594,#2595,#2596,#2597,#2598,
#2599,#2600),(#2601,#2602,#2603,#2604,#2605,#2606,#2607,#2608,#2609,#2610,
#2611,#2612,#2613,#2614,#2615,#2616,#2617,#2618,#2619),(#2620,#2621,#2622,
#2623,#2624,#2625,#2626,#2627,#2628,#2629,#2630,#2631,#2632,#2633,#2634,
#2635,#2636,#2637,#2638),(#2639,#2640,#2641,#2642,#2643,#2644,#2645,#2646,
#2647,#2648,#2649,#2650,#2651,#2652,#2653,#2654,#2655,#2656,#2657),(#2658,
#2659,#2660,#2661,#2662,#2663,#2664,#2665,#2666,#2667,#2668,#2669,#2670,
#2671,#2672,#2673,#2674,#2675,#2676)),.UNSPECIFIED.,.F.,.T.,.F.,(4,1,4),
(1,1,1,1,1,1,1,1,1,1,1,1,1,1,1,1,1,1,1,1,1,1,1),(0.,0.499999999999998,0.999999999999997),
(-1.17809724509617,-0.785398163397448,-0.392699081698725,0.,0.392699081698724,
0.785398163397448,1.17809724509617,1.5707963267949,1.96349540849362,2.35619449019234,
2.74889357189107,3.14159265358979,3.53429173528852,3.92699081698724,4.31968989868597,
4.71238898038469,5.10508806208341,5.49778714378214,5.89048622548086,6.28318530717959,
6.67588438887831,7.06858347057703,7.46128255227576),.UNSPECIFIED.);
#399=ADVANCED_FACE('',(#310,#311),#388,.F.);
#400=ADVANCED_FACE('',(#312,#313),#389,.F.);
#401=ADVANCED_FACE('',(#314,#315),#390,.F.);
#402=ADVANCED_FACE('',(#316,#317),#391,.F.);
#403=ADVANCED_FACE('',(#318,#319),#392,.F.);
#404=ADVANCED_FACE('',(#320,#321),#18,.T.);
#405=ADVANCED_FACE('',(#322,#323),#393,.F.);
#406=ADVANCED_FACE('',(#324,#325),#394,.F.);
#407=ADVANCED_FACE('',(#326,#327),#19,.T.);
#408=ADVANCED_FACE('',(#328,#329),#20,.T.);
#409=ADVANCED_FACE('',(#330,#331),#395,.F.);
#410=ADVANCED_FACE('',(#332,#333),#21,.T.);
#411=ADVANCED_FACE('',(#334,#335),#22,.T.);
#412=ADVANCED_FACE('',(#336,#337),#396,.F.);
#413=ADVANCED_FACE('',(#338,#339),#23,.T.);
#414=ADVANCED_FACE('',(#340,#341),#24,.T.);
#415=ADVANCED_FACE('',(#342,#343),#25,.T.);
#416=ADVANCED_FACE('',(#344,#345),#26,.F.);
#417=ADVANCED_FACE('',(#346,#347),#27,.T.);
#418=ADVANCED_FACE('',(#348,#349),#28,.T.);
#419=ADVANCED_FACE('',(#350,#351),#17,.F.);
#420=ADVANCED_FACE('',(#352,#353),#16,.T.);
#421=ADVANCED_FACE('',(#354,#355),#29,.F.);
#422=ADVANCED_FACE('',(#356,#357),#30,.T.);
#423=ADVANCED_FACE('',(#358,#359),#31,.T.);
#424=ADVANCED_FACE('',(#360,#361),#32,.T.);
#425=ADVANCED_FACE('',(#362,#363),#33,.T.);
#426=ADVANCED_FACE('',(#364,#365),#34,.T.);
#427=ADVANCED_FACE('',(#366,#367),#397,.F.);
#428=ADVANCED_FACE('',(#368,#369),#35,.T.);
#429=ADVANCED_FACE('',(#370,#371),#12,.T.);
#430=ADVANCED_FACE('',(#372,#373),#36,.T.);
#431=ADVANCED_FACE('',(#374,#375),#37,.T.);
#432=ADVANCED_FACE('',(#376,#377),#38,.T.);
#433=ADVANCED_FACE('',(#378,#379),#13,.T.);
#434=ADVANCED_FACE('',(#380,#381),#39,.T.);
#435=ADVANCED_FACE('',(#382,#383),#40,.T.);
#436=ADVANCED_FACE('',(#384,#385),#41,.T.);
#437=ADVANCED_FACE('',(#386,#387),#398,.T.);
#438=CLOSED_SHELL('',(#399,#400,#401,#402,#403,#404,#405,#406,#407,#408,
#409,#410,#411,#412,#413,#414,#415,#416,#417,#418,#419,#420,#421,#422,#423,
#424,#425,#426,#427,#428,#429,#430,#431,#432,#433,#434,#435,#436,#437));
#439=STYLED_ITEM('',(#440),#447);
#440=PRESENTATION_STYLE_ASSIGNMENT((#441));
#441=SURFACE_STYLE_USAGE(.BOTH.,#442);
#442=SURFACE_SIDE_STYLE('',(#443));
#443=SURFACE_STYLE_FILL_AREA(#444);
#444=FILL_AREA_STYLE('',(#445));
#445=FILL_AREA_STYLE_COLOUR('',#446);
#446=COLOUR_RGB('',0.615686274509804,0.811764705882353,0.929411764705882);
#447=MANIFOLD_SOLID_BREP('King Piece',#438);
#448=SHAPE_DEFINITION_REPRESENTATION(#2683,#449);
#449=SHAPE_REPRESENTATION('King Piece',(#450),#2678);
#450=AXIS2_PLACEMENT_3D('',#651,#517,#518);
#451=AXIS2_PLACEMENT_3D('',#994,#519,#520);
#452=AXIS2_PLACEMENT_3D('',#996,#521,#522);
#453=AXIS2_PLACEMENT_3D('',#1074,#523,#524);
#454=AXIS2_PLACEMENT_3D('',#1532,#525,#526);
#455=AXIS2_PLACEMENT_3D('',#1629,#527,#528);
#456=AXIS2_PLACEMENT_3D('',#1726,#529,#530);
#457=AXIS2_PLACEMENT_3D('',#1728,#531,#532);
#458=AXIS2_PLACEMENT_3D('',#1729,#533,#534);
#459=AXIS2_PLACEMENT_3D('',#1902,#535,#536);
#460=AXIS2_PLACEMENT_3D('',#2075,#537,#538);
#461=AXIS2_PLACEMENT_3D('',#2077,#539,#540);
#462=AXIS2_PLACEMENT_3D('',#2078,#541,#542);
#463=AXIS2_PLACEMENT_3D('',#2080,#543,#544);
#464=AXIS2_PLACEMENT_3D('',#2081,#545,#546);
#465=AXIS2_PLACEMENT_3D('',#2292,#547,#548);
#466=AXIS2_PLACEMENT_3D('',#2294,#549,#550);
#467=AXIS2_PLACEMENT_3D('',#2295,#551,#552);
#468=AXIS2_PLACEMENT_3D('',#2297,#553,#554);
#469=AXIS2_PLACEMENT_3D('',#2298,#555,#556);
#470=AXIS2_PLACEMENT_3D('',#2399,#557,#558);
#471=AXIS2_PLACEMENT_3D('',#2401,#559,#560);
#472=AXIS2_PLACEMENT_3D('',#2402,#561,#562);
#473=AXIS2_PLACEMENT_3D('',#2404,#563,#564);
#474=AXIS2_PLACEMENT_3D('',#2405,#565,#566);
#475=AXIS2_PLACEMENT_3D('',#2407,#567,#568);
#476=AXIS2_PLACEMENT_3D('',#2408,#569,#570);
#477=AXIS2_PLACEMENT_3D('',#2410,#571,#572);
#478=AXIS2_PLACEMENT_3D('',#2411,#573,#574);
#479=AXIS2_PLACEMENT_3D('',#2413,#575,#576);
#480=AXIS2_PLACEMENT_3D('',#2414,#577,#578);
#481=AXIS2_PLACEMENT_3D('',#2416,#579,#580);
#482=AXIS2_PLACEMENT_3D('',#2417,#581,#582);
#483=AXIS2_PLACEMENT_3D('',#2419,#583,#584);
#484=AXIS2_PLACEMENT_3D('',#2420,#585,#586);
#485=AXIS2_PLACEMENT_3D('',#2422,#587,#588);
#486=AXIS2_PLACEMENT_3D('',#2423,#589,#590);
#487=AXIS2_PLACEMENT_3D('',#2425,#591,#592);
#488=AXIS2_PLACEMENT_3D('',#2426,#593,#594);
#489=AXIS2_PLACEMENT_3D('',#2428,#595,#596);
#490=AXIS2_PLACEMENT_3D('',#2429,#597,#598);
#491=AXIS2_PLACEMENT_3D('',#2431,#599,#600);
#492=AXIS2_PLACEMENT_3D('',#2432,#601,#602);
#493=AXIS2_PLACEMENT_3D('',#2434,#603,#604);
#494=AXIS2_PLACEMENT_3D('',#2435,#605,#606);
#495=AXIS2_PLACEMENT_3D('',#2437,#607,#608);
#496=AXIS2_PLACEMENT_3D('',#2438,#609,#610);
#497=AXIS2_PLACEMENT_3D('',#2440,#611,#612);
#498=AXIS2_PLACEMENT_3D('',#2441,#613,#614);
#499=AXIS2_PLACEMENT_3D('',#2554,#615,#616);
#500=AXIS2_PLACEMENT_3D('',#2555,#617,#618);
#501=AXIS2_PLACEMENT_3D('',#2558,#619,#620);
#502=AXIS2_PLACEMENT_3D('',#2559,#621,#622);
#503=AXIS2_PLACEMENT_3D('',#2561,#623,#624);
#504=AXIS2_PLACEMENT_3D('',#2562,#625,#626);
#505=AXIS2_PLACEMENT_3D('',#2564,#627,#628);
#506=AXIS2_PLACEMENT_3D('',#2565,#629,#630);
#507=AXIS2_PLACEMENT_3D('',#2567,#631,#632);
#508=AXIS2_PLACEMENT_3D('',#2568,#633,#634);
#509=AXIS2_PLACEMENT_3D('',#2570,#635,#636);
#510=AXIS2_PLACEMENT_3D('',#2571,#637,#638);
#511=AXIS2_PLACEMENT_3D('',#2573,#639,#640);
#512=AXIS2_PLACEMENT_3D('',#2574,#641,#642);
#513=AXIS2_PLACEMENT_3D('',#2576,#643,#644);
#514=AXIS2_PLACEMENT_3D('',#2577,#645,#646);
#515=AXIS2_PLACEMENT_3D('',#2579,#647,#648);
#516=AXIS2_PLACEMENT_3D('',#2580,#649,#650);
#517=DIRECTION('',(0.,0.,1.));
#518=DIRECTION('',(1.,0.,0.));
#519=DIRECTION('',(0.,0.,1.));
#520=DIRECTION('',(1.,0.,0.));
#521=DIRECTION('',(0.,0.,1.));
#522=DIRECTION('',(1.,0.,0.));
#523=DIRECTION('',(0.,0.,1.));
#524=DIRECTION('',(1.,0.,0.));
#525=DIRECTION('',(0.,0.,1.));
#526=DIRECTION('',(1.,0.,0.));
#527=DIRECTION('',(0.,0.,1.));
#528=DIRECTION('',(1.,0.,0.));
#529=DIRECTION('',(0.,0.,1.));
#530=DIRECTION('',(1.,0.,0.));
#531=DIRECTION('',(0.,0.,1.));
#532=DIRECTION('',(1.,0.,0.));
#533=DIRECTION('',(0.,0.,1.));
#534=DIRECTION('',(1.,0.,0.));
#535=DIRECTION('',(0.,0.,1.));
#536=DIRECTION('',(1.,0.,0.));
#537=DIRECTION('',(0.,0.,1.));
#538=DIRECTION('',(1.,0.,0.));
#539=DIRECTION('',(0.,0.,-1.));
#540=DIRECTION('',(-1.,0.,0.));
#541=DIRECTION('',(0.,0.,1.));
#542=DIRECTION('',(1.,0.,0.));
#543=DIRECTION('',(0.,0.,1.));
#544=DIRECTION('',(1.,0.,0.));
#545=DIRECTION('',(0.,0.,1.));
#546=DIRECTION('',(1.,0.,0.));
#547=DIRECTION('',(0.,0.,1.));
#548=DIRECTION('',(1.,0.,0.));
#549=DIRECTION('',(0.,0.,1.));
#550=DIRECTION('',(1.,0.,0.));
#551=DIRECTION('',(0.,0.,1.));
#552=DIRECTION('',(1.,0.,0.));
#553=DIRECTION('',(0.,0.,-1.));
#554=DIRECTION('',(-1.,0.,0.));
#555=DIRECTION('',(0.,0.,1.));
#556=DIRECTION('',(1.,0.,0.));
#557=DIRECTION('',(0.,0.,1.));
#558=DIRECTION('',(1.,0.,0.));
#559=DIRECTION('',(0.,0.,-1.));
#560=DIRECTION('',(-1.,0.,0.));
#561=DIRECTION('',(0.,0.,1.));
#562=DIRECTION('',(1.,0.,0.));
#563=DIRECTION('',(0.,0.,-1.));
#564=DIRECTION('',(-1.,0.,0.));
#565=DIRECTION('',(0.,0.,1.));
#566=DIRECTION('',(1.,0.,0.));
#567=DIRECTION('',(0.,0.,-1.));
#568=DIRECTION('',(-1.,0.,0.));
#569=DIRECTION('',(0.,0.,1.));
#570=DIRECTION('',(1.,0.,0.));
#571=DIRECTION('',(0.,0.,1.));
#572=DIRECTION('',(1.,0.,0.));
#573=DIRECTION('',(0.,0.,1.));
#574=DIRECTION('',(1.,0.,0.));
#575=DIRECTION('',(0.,0.,1.));
#576=DIRECTION('',(1.,0.,0.));
#577=DIRECTION('',(0.,0.,1.));
#578=DIRECTION('',(1.,0.,0.));
#579=DIRECTION('',(0.,0.,-1.));
#580=DIRECTION('',(-1.,0.,0.));
#581=DIRECTION('',(0.,0.,1.));
#582=DIRECTION('',(1.,0.,0.));
#583=DIRECTION('',(0.,0.,1.));
#584=DIRECTION('',(1.,0.,0.));
#585=DIRECTION('',(0.,0.,1.));
#586=DIRECTION('',(1.,0.,0.));
#587=DIRECTION('',(0.,0.,1.));
#588=DIRECTION('',(1.,0.,0.));
#589=DIRECTION('',(0.,0.,1.));
#590=DIRECTION('',(1.,0.,0.));
#591=DIRECTION('',(0.,0.,1.));
#592=DIRECTION('',(1.,0.,0.));
#593=DIRECTION('',(0.,0.,1.));
#594=DIRECTION('',(1.,0.,0.));
#595=DIRECTION('',(0.,0.,1.));
#596=DIRECTION('',(1.,0.,0.));
#597=DIRECTION('',(0.,0.,1.));
#598=DIRECTION('',(1.,0.,0.));
#599=DIRECTION('',(0.,0.,-1.));
#600=DIRECTION('',(-1.,0.,0.));
#601=DIRECTION('',(0.,0.,1.));
#602=DIRECTION('',(1.,0.,0.));
#603=DIRECTION('',(0.,0.,-1.));
#604=DIRECTION('',(-1.,0.,0.));
#605=DIRECTION('',(0.,0.,1.));
#606=DIRECTION('',(1.,0.,0.));
#607=DIRECTION('',(0.,0.,-1.));
#608=DIRECTION('',(-1.,0.,0.));
#609=DIRECTION('',(0.,0.,1.));
#610=DIRECTION('',(1.,0.,0.));
#611=DIRECTION('',(0.,0.,-1.));
#612=DIRECTION('',(-1.,0.,0.));
#613=DIRECTION('',(0.,0.,1.));
#614=DIRECTION('',(1.,0.,0.));
#615=DIRECTION('',(0.,0.,1.));
#616=DIRECTION('',(1.,0.,0.));
#617=DIRECTION('',(0.,0.,1.));
#618=DIRECTION('',(1.,0.,0.));
#619=DIRECTION('',(0.,0.,1.));
#620=DIRECTION('',(1.,0.,0.));
#621=DIRECTION('',(0.,0.,1.));
#622=DIRECTION('',(1.,0.,0.));
#623=DIRECTION('',(0.,0.,1.));
#624=DIRECTION('',(1.,0.,0.));
#625=DIRECTION('',(0.,0.,1.));
#626=DIRECTION('',(1.,0.,0.));
#627=DIRECTION('',(0.,0.,1.));
#628=DIRECTION('',(1.,0.,0.));
#629=DIRECTION('',(0.,0.,1.));
#630=DIRECTION('',(1.,0.,0.));
#631=DIRECTION('',(0.,0.,1.));
#632=DIRECTION('',(1.,0.,0.));
#633=DIRECTION('',(0.,0.,1.));
#634=DIRECTION('',(1.,0.,0.));
#635=DIRECTION('',(0.,0.,1.));
#636=DIRECTION('',(1.,0.,0.));
#637=DIRECTION('',(0.,0.,1.));
#638=DIRECTION('',(1.,0.,0.));
#639=DIRECTION('',(0.,0.,1.));
#640=DIRECTION('',(1.,0.,0.));
#641=DIRECTION('',(0.,0.,1.));
#642=DIRECTION('',(1.,0.,0.));
#643=DIRECTION('',(0.,0.,1.));
#644=DIRECTION('',(1.,0.,0.));
#645=DIRECTION('',(0.,0.,1.));
#646=DIRECTION('',(1.,0.,0.));
#647=DIRECTION('',(0.,0.,1.));
#648=DIRECTION('',(1.,0.,0.));
#649=DIRECTION('',(0.,0.,1.));
#650=DIRECTION('',(1.,0.,0.));
#651=CARTESIAN_POINT('',(0.,0.,0.));
#652=CARTESIAN_POINT('',(0.0311208907978115,-0.00577377037114051,0.0061603132635355));
#653=CARTESIAN_POINT('',(0.0322693651310416,-1.14925430283463E-17,0.0061603132635355));
#654=CARTESIAN_POINT('',(0.0311208907978115,0.00577377037114054,0.0061603132635355));
#655=CARTESIAN_POINT('',(0.0278503126044097,0.0106685365426337,0.0061603132635355));
#656=CARTESIAN_POINT('',(0.0229555464329166,0.0139391147360354,0.0061603132635355));
#657=CARTESIAN_POINT('',(0.017181776061776,0.0150875890692655,0.0061603132635355));
#658=CARTESIAN_POINT('',(0.0114080056906355,0.0139391147360354,0.0061603132635355));
#659=CARTESIAN_POINT('',(0.00651323951914238,0.0106685365426337,0.0061603132635355));
#660=CARTESIAN_POINT('',(0.00324266132574063,0.00577377037114054,0.0061603132635355));
#661=CARTESIAN_POINT('',(0.00209418699251054,1.84678328792059E-18,0.0061603132635355));
#662=CARTESIAN_POINT('',(0.00324266132574063,-0.00577377037114054,0.0061603132635355));
#663=CARTESIAN_POINT('',(0.00651323951914238,-0.0106685365426337,0.0061603132635355));
#664=CARTESIAN_POINT('',(0.0114080056906355,-0.0139391147360354,0.0061603132635355));
#665=CARTESIAN_POINT('',(0.0171817760617761,-0.0150875890692655,0.0061603132635355));
#666=CARTESIAN_POINT('',(0.0229555464329166,-0.0139391147360354,0.0061603132635355));
#667=CARTESIAN_POINT('',(0.0278503126044097,-0.0106685365426337,0.0061603132635355));
#668=CARTESIAN_POINT('',(0.0311208907978115,-0.00577377037114051,0.0061603132635355));
#669=CARTESIAN_POINT('',(0.0322693651310416,-1.14925430283463E-17,0.0061603132635355));
#670=CARTESIAN_POINT('',(0.0311208907978115,0.00577377037114054,0.0061603132635355));
#671=CARTESIAN_POINT('',(0.0314936228420302,-0.00592816103898696,0.00631949882165004));
#672=CARTESIAN_POINT('',(0.032672807388503,-1.05167610731094E-17,0.00631949882165003));
#673=CARTESIAN_POINT('',(0.0314936228420302,0.00592816103898699,0.00631949882165003));
#674=CARTESIAN_POINT('',(0.0281355893604779,0.0109538132987018,0.00631949882165003));
#675=CARTESIAN_POINT('',(0.0231099371007631,0.0143118467802542,0.00631949882165003));
#676=CARTESIAN_POINT('',(0.017181776061776,0.0154910313267269,0.00631949882165003));
#677=CARTESIAN_POINT('',(0.0112536150227891,0.0143118467802542,0.00631949882165003));
#678=CARTESIAN_POINT('',(0.00622796276307422,0.0109538132987018,0.00631949882165003));
#679=CARTESIAN_POINT('',(0.0028699292815219,0.00592816103898699,0.00631949882165003));
#680=CARTESIAN_POINT('',(0.00169074473504914,2.20187538127735E-18,0.00631949882165003));
#681=CARTESIAN_POINT('',(0.00286992928152189,-0.00592816103898698,0.00631949882165003));
#682=CARTESIAN_POINT('',(0.00622796276307422,-0.0109538132987018,0.00631949882165003));
#683=CARTESIAN_POINT('',(0.0112536150227891,-0.0143118467802542,0.00631949882165003));
#684=CARTESIAN_POINT('',(0.0171817760617761,-0.0154910313267269,0.00631949882165003));
#685=CARTESIAN_POINT('',(0.023109937100763,-0.0143118467802542,0.00631949882165003));
#686=CARTESIAN_POINT('',(0.0281355893604779,-0.0109538132987018,0.00631949882165003));
#687=CARTESIAN_POINT('',(0.0314936228420302,-0.00592816103898696,0.00631949882165004));
#688=CARTESIAN_POINT('',(0.032672807388503,-1.05167610731094E-17,0.00631949882165003));
#689=CARTESIAN_POINT('',(0.0314936228420302,0.00592816103898699,0.00631949882165003));
#690=CARTESIAN_POINT('',(0.0320536318734124,-0.00616012437483687,0.00656671159854564));
#691=CARTESIAN_POINT('',(0.0332789567961643,-1.17093834628434E-17,0.00656671159854563));
#692=CARTESIAN_POINT('',(0.0320536318734124,0.00616012437483691,0.00656671159854563));
#693=CARTESIAN_POINT('',(0.0285642017170474,0.0113824256552714,0.00656671159854563));
#694=CARTESIAN_POINT('',(0.0233419004366129,0.0148718558116363,0.00656671159854563));
#695=CARTESIAN_POINT('',(0.0171817760617761,0.0160971807343883,0.00656671159854563));
#696=CARTESIAN_POINT('',(0.0110216516869392,0.0148718558116363,0.00656671159854563));
#697=CARTESIAN_POINT('',(0.00579935040650465,0.0113824256552714,0.00656671159854563));
#698=CARTESIAN_POINT('',(0.00230992025013972,0.0061601243748369,0.00656671159854563));
#699=CARTESIAN_POINT('',(0.00108459532738777,1.77884198112794E-18,0.00656671159854563));
#700=CARTESIAN_POINT('',(0.00230992025013972,-0.0061601243748369,0.00656671159854563));
#701=CARTESIAN_POINT('',(0.00579935040650464,-0.0113824256552714,0.00656671159854563));
#702=CARTESIAN_POINT('',(0.0110216516869392,-0.0148718558116363,0.00656671159854563));
#703=CARTESIAN_POINT('',(0.017181776061776,-0.0160971807343883,0.00656671159854563));
#704=CARTESIAN_POINT('',(0.023341900436613,-0.0148718558116363,0.00656671159854564));
#705=CARTESIAN_POINT('',(0.0285642017170474,-0.0113824256552714,0.00656671159854563));
#706=CARTESIAN_POINT('',(0.0320536318734124,-0.00616012437483687,0.00656671159854564));
#707=CARTESIAN_POINT('',(0.0332789567961643,-1.17093834628434E-17,0.00656671159854563));
#708=CARTESIAN_POINT('',(0.0320536318734124,0.00616012437483691,0.00656671159854563));
#709=CARTESIAN_POINT('',(0.0326085825865665,-0.00638999248667393,0.00735752682607306));
#710=CARTESIAN_POINT('',(0.0338796311196291,-1.21430643318376E-17,0.00735752682607305));
#711=CARTESIAN_POINT('',(0.0326085825865665,0.00638999248667396,0.00735752682607306));
#712=CARTESIAN_POINT('',(0.028988942604454,0.0118071665426779,0.00735752682607305));
#713=CARTESIAN_POINT('',(0.02357176854845,0.0154268065247905,0.00735752682607305));
#714=CARTESIAN_POINT('',(0.0171817760617761,0.016697855057853,0.00735752682607305));
#715=CARTESIAN_POINT('',(0.0107917835751021,0.0154268065247905,0.00735752682607305));
#716=CARTESIAN_POINT('',(0.0053746095190981,0.0118071665426779,0.00735752682607305));
#717=CARTESIAN_POINT('',(0.0017549695369856,0.00638999248667396,0.00735752682607305));
#718=CARTESIAN_POINT('',(0.000483921003923052,2.74844986027279E-18,0.00735752682607305));
#719=CARTESIAN_POINT('',(0.00175496953698559,-0.00638999248667396,0.00735752682607305));
#720=CARTESIAN_POINT('',(0.0053746095190981,-0.0118071665426779,0.00735752682607305));
#721=CARTESIAN_POINT('',(0.0107917835751021,-0.0154268065247905,0.00735752682607305));
#722=CARTESIAN_POINT('',(0.017181776061776,-0.016697855057853,0.00735752682607305));
#723=CARTESIAN_POINT('',(0.02357176854845,-0.0154268065247905,0.00735752682607306));
#724=CARTESIAN_POINT('',(0.028988942604454,-0.0118071665426779,0.00735752682607305));
#725=CARTESIAN_POINT('',(0.0326085825865665,-0.00638999248667393,0.00735752682607306));
#726=CARTESIAN_POINT('',(0.0338796311196291,-1.21430643318376E-17,0.00735752682607305));
#727=CARTESIAN_POINT('',(0.0326085825865665,0.00638999248667396,0.00735752682607306));
#728=CARTESIAN_POINT('',(0.0328576246412083,-0.0064931490833078,0.00811489129507242));
#729=CARTESIAN_POINT('',(0.034149192297118,-1.26851654180804E-17,0.00811489129507241));
#730=CARTESIAN_POINT('',(0.0328576246412083,0.00649314908330783,0.00811489129507241));
#731=CARTESIAN_POINT('',(0.0291795511410011,0.0119977750792251,0.00811489129507241));
#732=CARTESIAN_POINT('',(0.0236749251450839,0.0156758485794322,0.00811489129507241));
#733=CARTESIAN_POINT('',(0.0171817760617761,0.016967416235342,0.00811489129507241));
#734=CARTESIAN_POINT('',(0.0106886269784682,0.0156758485794322,0.00811489129507241));
#735=CARTESIAN_POINT('',(0.005184000982551,0.0119977750792251,0.00811489129507241));
#736=CARTESIAN_POINT('',(0.00150592748234386,0.00649314908330783,0.00811489129507241));
#737=CARTESIAN_POINT('',(0.000214359826434041,1.90738584831868E-18,0.00811489129507241));
#738=CARTESIAN_POINT('',(0.00150592748234385,-0.00649314908330783,0.00811489129507241));
#739=CARTESIAN_POINT('',(0.00518400098255099,-0.0119977750792251,0.00811489129507241));
#740=CARTESIAN_POINT('',(0.0106886269784682,-0.0156758485794322,0.00811489129507241));
#741=CARTESIAN_POINT('',(0.017181776061776,-0.016967416235342,0.00811489129507242));
#742=CARTESIAN_POINT('',(0.0236749251450839,-0.0156758485794322,0.00811489129507241));
#743=CARTESIAN_POINT('',(0.0291795511410011,-0.0119977750792251,0.00811489129507241));
#744=CARTESIAN_POINT('',(0.0328576246412083,-0.0064931490833078,0.00811489129507242));
#745=CARTESIAN_POINT('',(0.034149192297118,-1.26851654180804E-17,0.00811489129507241));
#746=CARTESIAN_POINT('',(0.0328576246412083,0.00649314908330783,0.00811489129507241));
#747=CARTESIAN_POINT('',(0.0328775063316012,-0.00650138434911143,0.00899352922425382));
#748=CARTESIAN_POINT('',(0.0341707120837279,-1.21430643318376E-17,0.00899352922425382));
#749=CARTESIAN_POINT('',(0.0328775063316011,0.00650138434911147,0.00899352922425382));
#750=CARTESIAN_POINT('',(0.0291947679280427,0.0120129918662666,0.00899352922425382));
#751=CARTESIAN_POINT('',(0.0236831604108875,0.0156957302698251,0.00899352922425382));
#752=CARTESIAN_POINT('',(0.0171817760617761,0.0169889360219519,0.00899352922425382));
#753=CARTESIAN_POINT('',(0.0106803917126646,0.0156957302698251,0.00899352922425382));
#754=CARTESIAN_POINT('',(0.00516878419550947,0.0120129918662666,0.00899352922425382));
#755=CARTESIAN_POINT('',(0.00148604579195098,0.00650138434911147,0.00899352922425382));
#756=CARTESIAN_POINT('',(0.000192840039824162,2.88852793392497E-18,0.00899352922425382));
#757=CARTESIAN_POINT('',(0.00148604579195097,-0.00650138434911147,0.00899352922425382));
#758=CARTESIAN_POINT('',(0.00516878419550946,-0.0120129918662666,0.00899352922425382));
#759=CARTESIAN_POINT('',(0.0106803917126646,-0.0156957302698251,0.00899352922425382));
#760=CARTESIAN_POINT('',(0.0171817760617761,-0.0169889360219519,0.00899352922425382));
#761=CARTESIAN_POINT('',(0.0236831604108875,-0.0156957302698251,0.00899352922425382));
#762=CARTESIAN_POINT('',(0.0291947679280427,-0.0120129918662666,0.00899352922425382));
#763=CARTESIAN_POINT('',(0.0328775063316012,-0.00650138434911143,0.00899352922425382));
#764=CARTESIAN_POINT('',(0.0341707120837279,-1.21430643318376E-17,0.00899352922425382));
#765=CARTESIAN_POINT('',(0.0328775063316011,0.00650138434911147,0.00899352922425382));
#766=CARTESIAN_POINT('',(0.0326608146594361,-0.00641162771964734,0.00985966656088851));
#767=CARTESIAN_POINT('',(0.0339361667079081,-1.30104260698261E-17,0.0098596665608885));
#768=CARTESIAN_POINT('',(0.032660814659436,0.00641162771964738,0.0098596665608885));
#769=CARTESIAN_POINT('',(0.0290289193023045,0.0118471432405285,0.0098596665608885));
#770=CARTESIAN_POINT('',(0.0235934037814234,0.01547903859766,0.0098596665608885));
#771=CARTESIAN_POINT('',(0.017181776061776,0.0167543906461321,0.0098596665608885));
#772=CARTESIAN_POINT('',(0.0107701483421287,0.01547903859766,0.0098596665608885));
#773=CARTESIAN_POINT('',(0.00533463282124759,0.0118471432405285,0.0098596665608885));
#774=CARTESIAN_POINT('',(0.00170273746411607,0.00641162771964738,0.0098596665608885));
#775=CARTESIAN_POINT('',(0.000427385415643964,2.15411066398609E-18,0.0098596665608885));
#776=CARTESIAN_POINT('',(0.00170273746411606,-0.00641162771964738,0.0098596665608885));
#777=CARTESIAN_POINT('',(0.00533463282124759,-0.0118471432405285,0.0098596665608885));
#778=CARTESIAN_POINT('',(0.0107701483421287,-0.01547903859766,0.0098596665608885));
#779=CARTESIAN_POINT('',(0.017181776061776,-0.0167543906461321,0.0098596665608885));
#780=CARTESIAN_POINT('',(0.0235934037814234,-0.01547903859766,0.0098596665608885));
#781=CARTESIAN_POINT('',(0.0290289193023045,-0.0118471432405285,0.0098596665608885));
#782=CARTESIAN_POINT('',(0.0326608146594361,-0.00641162771964734,0.00985966656088851));
#783=CARTESIAN_POINT('',(0.0339361667079081,-1.30104260698261E-17,0.0098596665608885));
#784=CARTESIAN_POINT('',(0.032660814659436,0.00641162771964738,0.0098596665608885));
#785=CARTESIAN_POINT('',(0.0321837343425847,-0.00621401458206625,0.0105626315427841));
#786=CARTESIAN_POINT('',(0.0334197786940352,-1.11672823766007E-17,0.0105626315427841));
#787=CARTESIAN_POINT('',(0.0321837343425847,0.00621401458206628,0.0105626315427841));
#788=CARTESIAN_POINT('',(0.0286637778359715,0.0114820017741954,0.0105626315427841));
#789=CARTESIAN_POINT('',(0.0233957906438423,0.0150019582808086,0.0105626315427841));
#790=CARTESIAN_POINT('',(0.0171817760617761,0.0162380026322591,0.0105626315427841));
#791=CARTESIAN_POINT('',(0.0109677614797098,0.0150019582808086,0.0105626315427841));
#792=CARTESIAN_POINT('',(0.00569977428758063,0.0114820017741954,0.0105626315427841));
#793=CARTESIAN_POINT('',(0.00217981778096746,0.00621401458206628,0.0105626315427841));
#794=CARTESIAN_POINT('',(0.000943773429516945,2.11746325412754E-18,0.0105626315427841));
#795=CARTESIAN_POINT('',(0.00217981778096746,-0.00621401458206628,0.0105626315427841));
#796=CARTESIAN_POINT('',(0.00569977428758063,-0.0114820017741954,0.0105626315427841));
#797=CARTESIAN_POINT('',(0.0109677614797098,-0.0150019582808086,0.0105626315427841));
#798=CARTESIAN_POINT('',(0.0171817760617761,-0.0162380026322591,0.0105626315427841));
#799=CARTESIAN_POINT('',(0.0233957906438423,-0.0150019582808086,0.0105626315427841));
#800=CARTESIAN_POINT('',(0.0286637778359715,-0.0114820017741954,0.0105626315427841));
#801=CARTESIAN_POINT('',(0.0321837343425847,-0.00621401458206625,0.0105626315427841));
#802=CARTESIAN_POINT('',(0.0334197786940352,-1.11672823766007E-17,0.0105626315427841));
#803=CARTESIAN_POINT('',(0.0321837343425847,0.00621401458206628,0.0105626315427841));
#804=CARTESIAN_POINT('',(0.0315088301442786,-0.00593446010982532,0.0111333454061754));
#805=CARTESIAN_POINT('',(0.032689267653844,-1.25767452008319E-17,0.0111333454061754));
#806=CARTESIAN_POINT('',(0.0315088301442785,0.00593446010982536,0.0111333454061754));
#807=CARTESIAN_POINT('',(0.0281472285257207,0.0109654524639446,0.0111333454061754));
#808=CARTESIAN_POINT('',(0.0231162361716014,0.0143270540825025,0.0111333454061754));
#809=CARTESIAN_POINT('',(0.017181776061776,0.015507491592068,0.0111333454061754));
#810=CARTESIAN_POINT('',(0.0112473159519507,0.0143270540825025,0.0111333454061754));
#811=CARTESIAN_POINT('',(0.00621632359783139,0.0109654524639447,0.0111333454061754));
#812=CARTESIAN_POINT('',(0.00285472197927356,0.00593446010982535,0.0111333454061754));
#813=CARTESIAN_POINT('',(0.00167428446970805,3.51096480125888E-18,0.0111333454061754));
#814=CARTESIAN_POINT('',(0.00285472197927356,-0.00593446010982535,0.0111333454061754));
#815=CARTESIAN_POINT('',(0.00621632359783139,-0.0109654524639446,0.0111333454061754));
#816=CARTESIAN_POINT('',(0.0112473159519507,-0.0143270540825025,0.0111333454061754));
#817=CARTESIAN_POINT('',(0.017181776061776,-0.015507491592068,0.0111333454061754));
#818=CARTESIAN_POINT('',(0.0231162361716014,-0.0143270540825025,0.0111333454061754));
#819=CARTESIAN_POINT('',(0.0281472285257207,-0.0109654524639446,0.0111333454061754));
#820=CARTESIAN_POINT('',(0.0315088301442786,-0.00593446010982532,0.0111333454061754));
#821=CARTESIAN_POINT('',(0.032689267653844,-1.25767452008319E-17,0.0111333454061754));
#822=CARTESIAN_POINT('',(0.0315088301442785,0.00593446010982536,0.0111333454061754));
#823=CARTESIAN_POINT('',(0.030726642413208,-0.00561046734329407,0.011671850478895));
#824=CARTESIAN_POINT('',(0.0318426337545689,-1.01915004213637E-17,0.011671850478895));
#825=CARTESIAN_POINT('',(0.030726642413208,0.0056104673432941,0.011671850478895));
#826=CARTESIAN_POINT('',(0.0275485679543608,0.0103667918925848,0.011671850478895));
#827=CARTESIAN_POINT('',(0.0227922434050702,0.013544866351432,0.011671850478895));
#828=CARTESIAN_POINT('',(0.0171817760617761,0.0146608576927929,0.011671850478895));
#829=CARTESIAN_POINT('',(0.011571308718482,0.013544866351432,0.011671850478895));
#830=CARTESIAN_POINT('',(0.00681498416919128,0.0103667918925848,0.011671850478895));
#831=CARTESIAN_POINT('',(0.00363690971034409,0.0056104673432941,0.011671850478895));
#832=CARTESIAN_POINT('',(0.00252091836898321,9.87547772269908E-19,0.011671850478895));
#833=CARTESIAN_POINT('',(0.00363690971034409,-0.0056104673432941,0.011671850478895));
#834=CARTESIAN_POINT('',(0.00681498416919127,-0.0103667918925848,0.011671850478895));
#835=CARTESIAN_POINT('',(0.011571308718482,-0.013544866351432,0.011671850478895));
#836=CARTESIAN_POINT('',(0.0171817760617761,-0.0146608576927929,0.011671850478895));
#837=CARTESIAN_POINT('',(0.0227922434050702,-0.013544866351432,0.011671850478895));
#838=CARTESIAN_POINT('',(0.0275485679543609,-0.0103667918925848,0.011671850478895));
#839=CARTESIAN_POINT('',(0.030726642413208,-0.00561046734329407,0.011671850478895));
#840=CARTESIAN_POINT('',(0.0318426337545689,-1.01915004213637E-17,0.011671850478895));
#841=CARTESIAN_POINT('',(0.030726642413208,0.0056104673432941,0.011671850478895));
#842=CARTESIAN_POINT('',(0.0299233745284255,-0.00527774289119841,0.0122423901652469));
#843=CARTESIAN_POINT('',(0.0309731828613349,-1.10588621593521E-17,0.0122423901652469));
#844=CARTESIAN_POINT('',(0.0299233745284255,0.00527774289119844,0.0122423901652469));
#845=CARTESIAN_POINT('',(0.0269337733318464,0.00975199727007035,0.0122423901652469));
#846=CARTESIAN_POINT('',(0.0224595189529745,0.0127415984666495,0.0122423901652469));
#847=CARTESIAN_POINT('',(0.017181776061776,0.0137914067995589,0.0122423901652469));
#848=CARTESIAN_POINT('',(0.0119040331705776,0.0127415984666495,0.0122423901652469));
#849=CARTESIAN_POINT('',(0.00742977879170569,0.00975199727007036,0.0122423901652469));
#850=CARTESIAN_POINT('',(0.00444017759512659,0.00527774289119844,0.0122423901652469));
#851=CARTESIAN_POINT('',(0.00339036926221716,2.19571454007506E-18,0.0122423901652469));
#852=CARTESIAN_POINT('',(0.00444017759512659,-0.00527774289119844,0.0122423901652469));
#853=CARTESIAN_POINT('',(0.00742977879170569,-0.00975199727007035,0.0122423901652469));
#854=CARTESIAN_POINT('',(0.0119040331705776,-0.0127415984666495,0.0122423901652469));
#855=CARTESIAN_POINT('',(0.017181776061776,-0.0137914067995589,0.0122423901652469));
#856=CARTESIAN_POINT('',(0.0224595189529745,-0.0127415984666495,0.0122423901652469));
#857=CARTESIAN_POINT('',(0.0269337733318464,-0.00975199727007035,0.0122423901652469));
#858=CARTESIAN_POINT('',(0.0299233745284255,-0.00527774289119841,0.0122423901652469));
#859=CARTESIAN_POINT('',(0.0309731828613349,-1.10588621593521E-17,0.0122423901652469));
#860=CARTESIAN_POINT('',(0.0299233745284255,0.00527774289119844,0.0122423901652469));
#861=CARTESIAN_POINT('',(0.029197959863674,-0.00497726629871398,0.0128143762765633));
#862=CARTESIAN_POINT('',(0.0301879996862301,-9.10729824887824E-18,0.0128143762765633));
#863=CARTESIAN_POINT('',(0.0291979598636739,0.00497726629871401,0.0128143762765633));
#864=CARTESIAN_POINT('',(0.0263785649842562,0.00919678892248016,0.0128143762765633));
#865=CARTESIAN_POINT('',(0.0221590423604901,0.0120161838018979,0.0128143762765633));
#866=CARTESIAN_POINT('',(0.0171817760617761,0.0130062236244541,0.0128143762765633));
#867=CARTESIAN_POINT('',(0.012204509763062,0.0120161838018979,0.0128143762765633));
#868=CARTESIAN_POINT('',(0.0079849871392959,0.00919678892248017,0.0128143762765633));
#869=CARTESIAN_POINT('',(0.00516559225987816,0.00497726629871401,0.0128143762765633));
#870=CARTESIAN_POINT('',(0.00417555243732197,1.67906414691934E-18,0.0128143762765633));
#871=CARTESIAN_POINT('',(0.00516559225987816,-0.00497726629871401,0.0128143762765633));
#872=CARTESIAN_POINT('',(0.0079849871392959,-0.00919678892248016,0.0128143762765633));
#873=CARTESIAN_POINT('',(0.012204509763062,-0.0120161838018979,0.0128143762765633));
#874=CARTESIAN_POINT('',(0.0171817760617761,-0.0130062236244541,0.0128143762765633));
#875=CARTESIAN_POINT('',(0.0221590423604901,-0.0120161838018979,0.0128143762765633));
#876=CARTESIAN_POINT('',(0.0263785649842562,-0.00919678892248016,0.0128143762765633));
#877=CARTESIAN_POINT('',(0.029197959863674,-0.00497726629871398,0.0128143762765633));
#878=CARTESIAN_POINT('',(0.0301879996862301,-9.10729824887824E-18,0.0128143762765633));
#879=CARTESIAN_POINT('',(0.0291979598636739,0.00497726629871401,0.0128143762765633));
#880=CARTESIAN_POINT('',(0.0286862165703919,-0.00476529528618307,0.0133120143667217));
#881=CARTESIAN_POINT('',(0.0296340927370296,-9.97465998686664E-18,0.0133120143667217));
#882=CARTESIAN_POINT('',(0.0286862165703919,0.0047652952861831,0.0133120143667217));
#883=CARTESIAN_POINT('',(0.0259868936243302,0.00880511756255415,0.0133120143667217));
#884=CARTESIAN_POINT('',(0.0219470713479591,0.0115044405086158,0.0133120143667217));
#885=CARTESIAN_POINT('',(0.0171817760617761,0.0124523166752536,0.0133120143667217));
#886=CARTESIAN_POINT('',(0.012416480775593,0.0115044405086158,0.0133120143667217));
#887=CARTESIAN_POINT('',(0.00837665849922189,0.00880511756255415,0.0133120143667217));
#888=CARTESIAN_POINT('',(0.00567733555316024,0.0047652952861831,0.0133120143667217));
#889=CARTESIAN_POINT('',(0.00472945938652244,1.41619938313979E-18,0.0133120143667217));
#890=CARTESIAN_POINT('',(0.00567733555316024,-0.00476529528618309,0.0133120143667217));
#891=CARTESIAN_POINT('',(0.00837665849922189,-0.00880511756255415,0.0133120143667217));
#892=CARTESIAN_POINT('',(0.012416480775593,-0.0115044405086158,0.0133120143667217));
#893=CARTESIAN_POINT('',(0.017181776061776,-0.0124523166752536,0.0133120143667217));
#894=CARTESIAN_POINT('',(0.0219470713479592,-0.0115044405086158,0.0133120143667217));
#895=CARTESIAN_POINT('',(0.0259868936243302,-0.00880511756255415,0.0133120143667217));
#896=CARTESIAN_POINT('',(0.0286862165703919,-0.00476529528618307,0.0133120143667217));
#897=CARTESIAN_POINT('',(0.0296340927370296,-9.97465998686664E-18,0.0133120143667217));
#898=CARTESIAN_POINT('',(0.0286862165703919,0.0047652952861831,0.0133120143667217));
#899=CARTESIAN_POINT('',(0.0284241528814528,-0.004656744952019,0.0137740565435191));
#900=CARTESIAN_POINT('',(0.0293504370441422,-8.99887803162969E-18,0.0137740565435191));
#901=CARTESIAN_POINT('',(0.0284241528814528,0.00465674495201903,0.0137740565435191));
#902=CARTESIAN_POINT('',(0.0257863187603673,0.00860454269859126,0.0137740565435191));
#903=CARTESIAN_POINT('',(0.0218385210137951,0.0112423768196768,0.0137740565435191));
#904=CARTESIAN_POINT('',(0.0171817760617761,0.0121686609823662,0.0137740565435191));
#905=CARTESIAN_POINT('',(0.012525031109757,0.0112423768196768,0.0137740565435191));
#906=CARTESIAN_POINT('',(0.0085772333631848,0.00860454269859126,0.0137740565435191));
#907=CARTESIAN_POINT('',(0.00593939924209928,0.00465674495201903,0.0137740565435191));
#908=CARTESIAN_POINT('',(0.00501311507940991,1.81787167115064E-18,0.0137740565435191));
#909=CARTESIAN_POINT('',(0.00593939924209927,-0.00465674495201902,0.0137740565435191));
#910=CARTESIAN_POINT('',(0.00857723336318479,-0.00860454269859126,0.0137740565435191));
#911=CARTESIAN_POINT('',(0.012525031109757,-0.0112423768196768,0.0137740565435191));
#912=CARTESIAN_POINT('',(0.0171817760617761,-0.0121686609823662,0.0137740565435191));
#913=CARTESIAN_POINT('',(0.0218385210137951,-0.0112423768196768,0.0137740565435191));
#914=CARTESIAN_POINT('',(0.0257863187603673,-0.00860454269859126,0.0137740565435191));
#915=CARTESIAN_POINT('',(0.0284241528814528,-0.004656744952019,0.0137740565435191));
#916=CARTESIAN_POINT('',(0.0293504370441422,-8.99887803162969E-18,0.0137740565435191));
#917=CARTESIAN_POINT('',(0.0284241528814528,0.00465674495201903,0.0137740565435191));
#918=CARTESIAN_POINT('',(0.0283404238856308,-0.00462206326638562,0.014295090082684));
#919=CARTESIAN_POINT('',(0.0292598094321261,-8.99887803162969E-18,0.014295090082684));
#920=CARTESIAN_POINT('',(0.0283404238856308,0.00462206326638565,0.014295090082684));
#921=CARTESIAN_POINT('',(0.025722235361348,0.00854045929957191,0.014295090082684));
#922=CARTESIAN_POINT('',(0.0218038393281617,0.0111586478238547,0.014295090082684));
#923=CARTESIAN_POINT('',(0.0171817760617761,0.01207803337035,0.014295090082684));
#924=CARTESIAN_POINT('',(0.0125597127953904,0.0111586478238547,0.014295090082684));
#925=CARTESIAN_POINT('',(0.00864131676220414,0.00854045929957192,0.014295090082684));
#926=CARTESIAN_POINT('',(0.00602312823792135,0.00462206326638564,0.014295090082684));
#927=CARTESIAN_POINT('',(0.00510374269142602,1.87604562927027E-18,0.014295090082684));
#928=CARTESIAN_POINT('',(0.00602312823792134,-0.00462206326638564,0.014295090082684));
#929=CARTESIAN_POINT('',(0.00864131676220413,-0.00854045929957191,0.014295090082684));
#930=CARTESIAN_POINT('',(0.0125597127953904,-0.0111586478238547,0.014295090082684));
#931=CARTESIAN_POINT('',(0.017181776061776,-0.01207803337035,0.014295090082684));
#932=CARTESIAN_POINT('',(0.0218038393281617,-0.0111586478238547,0.014295090082684));
#933=CARTESIAN_POINT('',(0.025722235361348,-0.00854045929957191,0.014295090082684));
#934=CARTESIAN_POINT('',(0.0283404238856308,-0.00462206326638562,0.014295090082684));
#935=CARTESIAN_POINT('',(0.0292598094321261,-8.99887803162969E-18,0.014295090082684));
#936=CARTESIAN_POINT('',(0.0283404238856308,0.00462206326638565,0.014295090082684));
#937=CARTESIAN_POINT('',(0.02840931370874,-0.00465059836542693,0.0152813975477807));
#938=CARTESIAN_POINT('',(0.029334375239339,-8.67361737988404E-18,0.0152813975477807));
#939=CARTESIAN_POINT('',(0.02840931370874,0.00465059836542696,0.0152813975477807));
#940=CARTESIAN_POINT('',(0.0257749613492729,0.00859318528749683,0.0152813975477807));
#941=CARTESIAN_POINT('',(0.021832374427203,0.0112275376469639,0.0152813975477807));
#942=CARTESIAN_POINT('',(0.017181776061776,0.012152599177563,0.0152813975477807));
#943=CARTESIAN_POINT('',(0.0125311776963491,0.0112275376469639,0.0152813975477807));
#944=CARTESIAN_POINT('',(0.00858859077427922,0.00859318528749682,0.0152813975477807));
#945=CARTESIAN_POINT('',(0.00595423841481214,0.00465059836542696,0.0152813975477807));
#946=CARTESIAN_POINT('',(0.0050291768842131,1.57339016930446E-18,0.0152813975477807));
#947=CARTESIAN_POINT('',(0.00595423841481214,-0.00465059836542696,0.0152813975477807));
#948=CARTESIAN_POINT('',(0.00858859077427922,-0.00859318528749683,0.0152813975477807));
#949=CARTESIAN_POINT('',(0.0125311776963491,-0.0112275376469639,0.0152813975477807));
#950=CARTESIAN_POINT('',(0.017181776061776,-0.012152599177563,0.0152813975477807));
#951=CARTESIAN_POINT('',(0.021832374427203,-0.0112275376469639,0.0152813975477807));
#952=CARTESIAN_POINT('',(0.0257749613492729,-0.00859318528749682,0.0152813975477807));
#953=CARTESIAN_POINT('',(0.02840931370874,-0.00465059836542693,0.0152813975477807));
#954=CARTESIAN_POINT('',(0.029334375239339,-8.67361737988404E-18,0.0152813975477807));
#955=CARTESIAN_POINT('',(0.02840931370874,0.00465059836542696,0.0152813975477807));
#956=CARTESIAN_POINT('',(0.0285287685098502,-0.00470007816413736,0.0161766355134379));
#957=CARTESIAN_POINT('',(0.0294636721843482,-9.75781955236954E-18,0.0161766355134379));
#958=CARTESIAN_POINT('',(0.0285287685098502,0.00470007816413739,0.0161766355134379));
#959=CARTESIAN_POINT('',(0.0258663880958756,0.00868461203409951,0.0161766355134379));
#960=CARTESIAN_POINT('',(0.0218818542259134,0.0113469924480741,0.0161766355134379));
#961=CARTESIAN_POINT('',(0.0171817760617761,0.0122818961225721,0.0161766355134379));
#962=CARTESIAN_POINT('',(0.0124816978976387,0.0113469924480741,0.0161766355134379));
#963=CARTESIAN_POINT('',(0.00849716402767654,0.00868461203409952,0.0161766355134379));
#964=CARTESIAN_POINT('',(0.00583478361370192,0.00470007816413739,0.0161766355134379));
#965=CARTESIAN_POINT('',(0.00489987993920393,2.21565290156004E-18,0.0161766355134379));
#966=CARTESIAN_POINT('',(0.00583478361370193,-0.00470007816413739,0.0161766355134379));
#967=CARTESIAN_POINT('',(0.00849716402767654,-0.00868461203409951,0.0161766355134379));
#968=CARTESIAN_POINT('',(0.0124816978976387,-0.0113469924480741,0.0161766355134379));
#969=CARTESIAN_POINT('',(0.0171817760617761,-0.0122818961225721,0.0161766355134379));
#970=CARTESIAN_POINT('',(0.0218818542259135,-0.0113469924480741,0.0161766355134379));
#971=CARTESIAN_POINT('',(0.0258663880958756,-0.00868461203409951,0.0161766355134379));
#972=CARTESIAN_POINT('',(0.0285287685098502,-0.00470007816413736,0.0161766355134379));
#973=CARTESIAN_POINT('',(0.0294636721843482,-9.75781955236954E-18,0.0161766355134379));
#974=CARTESIAN_POINT('',(0.0285287685098502,0.00470007816413739,0.0161766355134379));
#975=CARTESIAN_POINT('',(0.028344588862941,-0.00462378845647448,0.0165937878191471));
#976=CARTESIAN_POINT('',(0.029264317571081,-8.89045781438114E-18,0.0165937878191471));
#977=CARTESIAN_POINT('',(0.028344588862941,0.00462378845647451,0.0165937878191471));
#978=CARTESIAN_POINT('',(0.0257254230969736,0.0085436470351975,0.0165937878191471));
#979=CARTESIAN_POINT('',(0.0218055645182506,0.0111628128011649,0.0165937878191471));
#980=CARTESIAN_POINT('',(0.0171817760617761,0.012082541509305,0.0165937878191471));
#981=CARTESIAN_POINT('',(0.0125579876053015,0.0111628128011649,0.0165937878191471));
#982=CARTESIAN_POINT('',(0.00863812902657855,0.0085436470351975,0.0165937878191471));
#983=CARTESIAN_POINT('',(0.00601896326061114,0.00462378845647451,0.0165937878191471));
#984=CARTESIAN_POINT('',(0.00509923455247106,1.66846961763376E-18,0.0165937878191471));
#985=CARTESIAN_POINT('',(0.00601896326061114,-0.00462378845647451,0.0165937878191471));
#986=CARTESIAN_POINT('',(0.00863812902657855,-0.0085436470351975,0.0165937878191471));
#987=CARTESIAN_POINT('',(0.0125579876053015,-0.0111628128011649,0.0165937878191471));
#988=CARTESIAN_POINT('',(0.017181776061776,-0.012082541509305,0.0165937878191471));
#989=CARTESIAN_POINT('',(0.0218055645182506,-0.0111628128011649,0.0165937878191471));
#990=CARTESIAN_POINT('',(0.0257254230969736,-0.0085436470351975,0.0165937878191471));
#991=CARTESIAN_POINT('',(0.028344588862941,-0.00462378845647448,0.0165937878191471));
#992=CARTESIAN_POINT('',(0.029264317571081,-8.89045781438114E-18,0.0165937878191471));
#993=CARTESIAN_POINT('',(0.028344588862941,0.00462378845647451,0.0165937878191471));
#994=CARTESIAN_POINT('',(0.0171817760617761,0.,0.0165937878191471));
#995=CARTESIAN_POINT('',(0.0289577413350343,0.,0.0165937878191471));
#996=CARTESIAN_POINT('',(0.0171817760617761,0.,0.0061603132635355));
#997=CARTESIAN_POINT('',(0.0318865403532982,0.,0.0061603132635355));
#998=CARTESIAN_POINT('',(0.028344588862941,-0.00462378845647448,0.0165937878191471));
#999=CARTESIAN_POINT('',(0.029264317571081,-8.89045781438114E-18,0.0165937878191471));
#1000=CARTESIAN_POINT('',(0.028344588862941,0.00462378845647451,0.0165937878191471));
#1001=CARTESIAN_POINT('',(0.0257254230969736,0.0085436470351975,0.0165937878191471));
#1002=CARTESIAN_POINT('',(0.0218055645182506,0.0111628128011649,0.0165937878191471));
#1003=CARTESIAN_POINT('',(0.0171817760617761,0.012082541509305,0.0165937878191471));
#1004=CARTESIAN_POINT('',(0.0125579876053015,0.0111628128011649,0.0165937878191471));
#1005=CARTESIAN_POINT('',(0.00863812902657855,0.0085436470351975,0.0165937878191471));
#1006=CARTESIAN_POINT('',(0.00601896326061114,0.00462378845647451,0.0165937878191471));
#1007=CARTESIAN_POINT('',(0.00509923455247106,1.66846961763376E-18,0.0165937878191471));
#1008=CARTESIAN_POINT('',(0.00601896326061114,-0.00462378845647451,0.0165937878191471));
#1009=CARTESIAN_POINT('',(0.00863812902657855,-0.0085436470351975,0.0165937878191471));
#1010=CARTESIAN_POINT('',(0.0125579876053015,-0.0111628128011649,0.0165937878191471));
#1011=CARTESIAN_POINT('',(0.017181776061776,-0.012082541509305,0.0165937878191471));
#1012=CARTESIAN_POINT('',(0.0218055645182506,-0.0111628128011649,0.0165937878191471));
#1013=CARTESIAN_POINT('',(0.0257254230969736,-0.0085436470351975,0.0165937878191471));
#1014=CARTESIAN_POINT('',(0.028344588862941,-0.00462378845647448,0.0165937878191471));
#1015=CARTESIAN_POINT('',(0.029264317571081,-8.89045781438114E-18,0.0165937878191471));
#1016=CARTESIAN_POINT('',(0.028344588862941,0.00462378845647451,0.0165937878191471));
#1017=CARTESIAN_POINT('',(0.0281214234128786,-0.00453135030040552,0.0170989044039104));
#1018=CARTESIAN_POINT('',(0.0290227650285587,-1.04083408558608E-17,0.0170989044039103));
#1019=CARTESIAN_POINT('',(0.0281214234128785,0.00453135030040555,0.0170989044039103));
#1020=CARTESIAN_POINT('',(0.0255546196561432,0.0083728435943671,0.0170989044039103));
#1021=CARTESIAN_POINT('',(0.0217131263621816,0.0109396473511025,0.0170989044039103));
#1022=CARTESIAN_POINT('',(0.017181776061776,0.0118409889667826,0.0170989044039104));
#1023=CARTESIAN_POINT('',(0.0126504257613705,0.0109396473511025,0.0170989044039103));
#1024=CARTESIAN_POINT('',(0.00880893246740893,0.0083728435943671,0.0170989044039104));
#1025=CARTESIAN_POINT('',(0.0062421287106736,0.00453135030040555,0.0170989044039104));
#1026=CARTESIAN_POINT('',(0.00534078709499341,2.79043093072109E-18,0.0170989044039103));
#1027=CARTESIAN_POINT('',(0.00624212871067358,-0.00453135030040555,0.0170989044039104));
#1028=CARTESIAN_POINT('',(0.00880893246740896,-0.00837284359436709,0.0170989044039103));
#1029=CARTESIAN_POINT('',(0.0126504257613705,-0.0109396473511025,0.0170989044039104));
#1030=CARTESIAN_POINT('',(0.0171817760617761,-0.0118409889667827,0.0170989044039103));
#1031=CARTESIAN_POINT('',(0.0217131263621816,-0.0109396473511025,0.0170989044039104));
#1032=CARTESIAN_POINT('',(0.0255546196561432,-0.0083728435943671,0.0170989044039103));
#1033=CARTESIAN_POINT('',(0.0281214234128786,-0.00453135030040552,0.0170989044039104));
#1034=CARTESIAN_POINT('',(0.0290227650285587,-1.04083408558608E-17,0.0170989044039103));
#1035=CARTESIAN_POINT('',(0.0281214234128785,0.00453135030040555,0.0170989044039103));
#1036=CARTESIAN_POINT('',(0.0274990863133666,-0.00427356983341972,0.0172523468747066));
#1037=CARTESIAN_POINT('',(0.0283491522060943,-9.21571846612679E-18,0.0172523468747066));
#1038=CARTESIAN_POINT('',(0.0274990863133665,0.00427356983341975,0.0172523468747066));
#1039=CARTESIAN_POINT('',(0.0250783034614844,0.00789652739970833,0.0172523468747066));
#1040=CARTESIAN_POINT('',(0.0214553458951958,0.0103173102515905,0.0172523468747066));
#1041=CARTESIAN_POINT('',(0.0171817760617761,0.0111673761443183,0.0172523468747066));
#1042=CARTESIAN_POINT('',(0.0129082062283563,0.0103173102515905,0.0172523468747066));
#1043=CARTESIAN_POINT('',(0.00928524866206769,0.00789652739970834,0.0172523468747066));
#1044=CARTESIAN_POINT('',(0.00686446581018558,0.00427356983341974,0.0172523468747066));
#1045=CARTESIAN_POINT('',(0.00601439991745776,3.72622366642477E-18,0.0172523468747066));
#1046=CARTESIAN_POINT('',(0.00686446581018556,-0.00427356983341975,0.0172523468747066));
#1047=CARTESIAN_POINT('',(0.00928524866206772,-0.00789652739970833,0.0172523468747066));
#1048=CARTESIAN_POINT('',(0.0129082062283563,-0.0103173102515905,0.0172523468747066));
#1049=CARTESIAN_POINT('',(0.0171817760617761,-0.0111673761443183,0.0172523468747066));
#1050=CARTESIAN_POINT('',(0.0214553458951958,-0.0103173102515905,0.0172523468747066));
#1051=CARTESIAN_POINT('',(0.0250783034614844,-0.00789652739970834,0.0172523468747066));
#1052=CARTESIAN_POINT('',(0.0274990863133666,-0.00427356983341972,0.0172523468747066));
#1053=CARTESIAN_POINT('',(0.0283491522060943,-9.21571846612679E-18,0.0172523468747066));
#1054=CARTESIAN_POINT('',(0.0274990863133665,0.00427356983341975,0.0172523468747066));
#1055=CARTESIAN_POINT('',(0.0268767492138545,-0.00401578936643391,0.0174057893455029));
#1056=CARTESIAN_POINT('',(0.0276755393836299,-7.69783542464708E-18,0.0174057893455028));
#1057=CARTESIAN_POINT('',(0.0268767492138545,0.00401578936643393,0.0174057893455028));
#1058=CARTESIAN_POINT('',(0.0246019872668256,0.00742021120504956,0.0174057893455028));
#1059=CARTESIAN_POINT('',(0.02119756542821,0.00969497315207846,0.0174057893455028));
#1060=CARTESIAN_POINT('',(0.0171817760617761,0.0104937633218539,0.0174057893455029));
#1061=CARTESIAN_POINT('',(0.0131659866953421,0.00969497315207846,0.0174057893455028));
#1062=CARTESIAN_POINT('',(0.0097615648567265,0.00742021120504956,0.0174057893455029));
#1063=CARTESIAN_POINT('',(0.00748680290969759,0.00401578936643393,0.0174057893455028));
#1064=CARTESIAN_POINT('',(0.00668801273992216,1.17574128779307E-18,0.0174057893455029));
#1065=CARTESIAN_POINT('',(0.00748680290969759,-0.00401578936643393,0.0174057893455029));
#1066=CARTESIAN_POINT('',(0.00976156485672649,-0.00742021120504956,0.0174057893455028));
#1067=CARTESIAN_POINT('',(0.0131659866953421,-0.00969497315207846,0.0174057893455029));
#1068=CARTESIAN_POINT('',(0.0171817760617761,-0.0104937633218539,0.0174057893455029));
#1069=CARTESIAN_POINT('',(0.02119756542821,-0.00969497315207846,0.0174057893455029));
#1070=CARTESIAN_POINT('',(0.0246019872668256,-0.00742021120504955,0.0174057893455028));
#1071=CARTESIAN_POINT('',(0.0268767492138545,-0.00401578936643391,0.0174057893455029));
#1072=CARTESIAN_POINT('',(0.0276755393836299,-7.69783542464708E-18,0.0174057893455028));
#1073=CARTESIAN_POINT('',(0.0268767492138545,0.00401578936643393,0.0174057893455028));
#1074=CARTESIAN_POINT('',(0.0171817760617761,0.,0.0174057893455028));
#1075=CARTESIAN_POINT('',(0.0274092759937048,0.,0.0174057893455028));
#1076=CARTESIAN_POINT('',(0.0268767492138545,-0.00401578936643394,0.0174057893455028));
#1077=CARTESIAN_POINT('',(0.0276755393836299,1.12757025938493E-18,0.0174057893455029));
#1078=CARTESIAN_POINT('',(0.0268767492138545,0.00401578936643393,0.0174057893455028));
#1079=CARTESIAN_POINT('',(0.0246019872668256,0.00742021120504956,0.0174057893455029));
#1080=CARTESIAN_POINT('',(0.02119756542821,0.00969497315207846,0.0174057893455029));
#1081=CARTESIAN_POINT('',(0.0171817760617761,0.0104937633218539,0.0174057893455028));
#1082=CARTESIAN_POINT('',(0.0131659866953421,0.00969497315207846,0.0174057893455029));
#1083=CARTESIAN_POINT('',(0.0097615648567265,0.00742021120504956,0.0174057893455028));
#1084=CARTESIAN_POINT('',(0.00748680290969759,0.00401578936643393,0.0174057893455028));
#1085=CARTESIAN_POINT('',(0.00668801273992216,1.28642122254319E-18,0.0174057893455028));
#1086=CARTESIAN_POINT('',(0.00748680290969759,-0.00401578936643393,0.0174057893455029));
#1087=CARTESIAN_POINT('',(0.0097615648567265,-0.00742021120504955,0.0174057893455028));
#1088=CARTESIAN_POINT('',(0.0131659866953421,-0.00969497315207846,0.0174057893455028));
#1089=CARTESIAN_POINT('',(0.0171817760617761,-0.0104937633218539,0.0174057893455029));
#1090=CARTESIAN_POINT('',(0.02119756542821,-0.00969497315207846,0.0174057893455029));
#1091=CARTESIAN_POINT('',(0.0246019872668256,-0.00742021120504956,0.0174057893455028));
#1092=CARTESIAN_POINT('',(0.0268767492138545,-0.00401578936643394,0.0174057893455028));
#1093=CARTESIAN_POINT('',(0.0276755393836299,1.12757025938493E-18,0.0174057893455029));
#1094=CARTESIAN_POINT('',(0.0268767492138545,0.00401578936643393,0.0174057893455028));
#1095=CARTESIAN_POINT('',(0.0266942145792243,-0.00394018104516727,0.0176282349619184));
#1096=CARTESIAN_POINT('',(0.027477965318823,1.48120405003488E-18,0.0176282349619184));
#1097=CARTESIAN_POINT('',(0.0266942145792243,0.00394018104516727,0.0176282349619183));
#1098=CARTESIAN_POINT('',(0.024462281305814,0.00728050524403794,0.0176282349619184));
#1099=CARTESIAN_POINT('',(0.0211219571069433,0.00951243851744821,0.0176282349619184));
#1100=CARTESIAN_POINT('',(0.017181776061776,0.0102961892570469,0.0176282349619184));
#1101=CARTESIAN_POINT('',(0.0132415950166088,0.00951243851744822,0.0176282349619184));
#1102=CARTESIAN_POINT('',(0.00990127081773812,0.00728050524403793,0.0176282349619184));
#1103=CARTESIAN_POINT('',(0.00766933754432784,0.00394018104516727,0.0176282349619184));
#1104=CARTESIAN_POINT('',(0.00688558680472917,1.77969074726349E-18,0.0176282349619184));
#1105=CARTESIAN_POINT('',(0.00766933754432784,-0.00394018104516727,0.0176282349619184));
#1106=CARTESIAN_POINT('',(0.00990127081773811,-0.00728050524403793,0.0176282349619183));
#1107=CARTESIAN_POINT('',(0.0132415950166088,-0.00951243851744821,0.0176282349619183));
#1108=CARTESIAN_POINT('',(0.0171817760617761,-0.0102961892570469,0.0176282349619184));
#1109=CARTESIAN_POINT('',(0.0211219571069433,-0.00951243851744822,0.0176282349619184));
#1110=CARTESIAN_POINT('',(0.024462281305814,-0.00728050524403794,0.0176282349619183));
#1111=CARTESIAN_POINT('',(0.0266942145792243,-0.00394018104516727,0.0176282349619184));
#1112=CARTESIAN_POINT('',(0.027477965318823,1.48120405003488E-18,0.0176282349619184));
#1113=CARTESIAN_POINT('',(0.0266942145792243,0.00394018104516727,0.0176282349619183));
#1114=CARTESIAN_POINT('',(0.026421150589173,-0.00382707423709232,0.0179579905167982));
#1115=CARTESIAN_POINT('',(0.0271824029858107,8.10615460179807E-19,0.0179579905167982));
#1116=CARTESIAN_POINT('',(0.026421150589173,0.00382707423709231,0.0179579905167982));
#1117=CARTESIAN_POINT('',(0.0242532871758777,0.00707151111410167,0.0179579905167982));
#1118=CARTESIAN_POINT('',(0.0210088502988684,0.00923937452739693,0.0179579905167982));
#1119=CARTESIAN_POINT('',(0.0171817760617761,0.0100006269240347,0.0179579905167982));
#1120=CARTESIAN_POINT('',(0.0133547018246837,0.00923937452739693,0.0179579905167982));
#1121=CARTESIAN_POINT('',(0.0101102649476744,0.00707151111410167,0.0179579905167982));
#1122=CARTESIAN_POINT('',(0.00794240153437913,0.00382707423709232,0.0179579905167982));
#1123=CARTESIAN_POINT('',(0.0071811491377414,5.9910603149606E-19,0.0179579905167982));
#1124=CARTESIAN_POINT('',(0.00794240153437912,-0.00382707423709231,0.0179579905167982));
#1125=CARTESIAN_POINT('',(0.0101102649476744,-0.00707151111410167,0.0179579905167982));
#1126=CARTESIAN_POINT('',(0.0133547018246837,-0.00923937452739692,0.0179579905167982));
#1127=CARTESIAN_POINT('',(0.0171817760617761,-0.0100006269240347,0.0179579905167982));
#1128=CARTESIAN_POINT('',(0.0210088502988684,-0.00923937452739693,0.0179579905167982));
#1129=CARTESIAN_POINT('',(0.0242532871758777,-0.00707151111410167,0.0179579905167982));
#1130=CARTESIAN_POINT('',(0.026421150589173,-0.00382707423709232,0.0179579905167982));
#1131=CARTESIAN_POINT('',(0.0271824029858107,8.10615460179807E-19,0.0179579905167982));
#1132=CARTESIAN_POINT('',(0.026421150589173,0.00382707423709231,0.0179579905167982));
#1133=CARTESIAN_POINT('',(0.0259918422332772,-0.00364924889364018,0.0186618278452239));
#1134=CARTESIAN_POINT('',(0.0267177229698688,1.31666900196921E-18,0.0186618278452239));
#1135=CARTESIAN_POINT('',(0.0259918422332772,0.00364924889364018,0.0186618278452239));
#1136=CARTESIAN_POINT('',(0.0239247087855233,0.00674293272374723,0.0186618278452239));
#1137=CARTESIAN_POINT('',(0.0208310249554162,0.00881006617150113,0.0186618278452239));
#1138=CARTESIAN_POINT('',(0.017181776061776,0.00953594690809269,0.0186618278452239));
#1139=CARTESIAN_POINT('',(0.0135325271681359,0.00881006617150113,0.0186618278452239));
#1140=CARTESIAN_POINT('',(0.0104388433380288,0.00674293272374723,0.0186618278452239));
#1141=CARTESIAN_POINT('',(0.00837170989027492,0.00364924889364018,0.0186618278452239));
#1142=CARTESIAN_POINT('',(0.00764582915368336,1.92625135520914E-18,0.0186618278452239));
#1143=CARTESIAN_POINT('',(0.00837170989027492,-0.00364924889364018,0.0186618278452239));
#1144=CARTESIAN_POINT('',(0.0104388433380288,-0.00674293272374723,0.0186618278452239));
#1145=CARTESIAN_POINT('',(0.0135325271681359,-0.00881006617150113,0.0186618278452239));
#1146=CARTESIAN_POINT('',(0.0171817760617761,-0.00953594690809269,0.0186618278452239));
#1147=CARTESIAN_POINT('',(0.0208310249554162,-0.00881006617150113,0.0186618278452239));
#1148=CARTESIAN_POINT('',(0.0239247087855233,-0.00674293272374724,0.0186618278452239));
#1149=CARTESIAN_POINT('',(0.0259918422332772,-0.00364924889364018,0.0186618278452239));
#1150=CARTESIAN_POINT('',(0.0267177229698688,1.31666900196921E-18,0.0186618278452239));
#1151=CARTESIAN_POINT('',(0.0259918422332772,0.00364924889364018,0.0186618278452239));
#1152=CARTESIAN_POINT('',(0.0255648555743313,-0.00347238522855244,0.0195201650899819));
#1153=CARTESIAN_POINT('',(0.0262555559405969,1.19173186444663E-18,0.0195201650899819));
#1154=CARTESIAN_POINT('',(0.0255648555743314,0.00347238522855243,0.0195201650899819));
#1155=CARTESIAN_POINT('',(0.0235979073450843,0.00641613128330824,0.0195201650899819));
#1156=CARTESIAN_POINT('',(0.0206541612903285,0.00838307951255528,0.0195201650899819));
#1157=CARTESIAN_POINT('',(0.0171817760617761,0.00907377987882081,0.0195201650899819));
#1158=CARTESIAN_POINT('',(0.0137093908332236,0.00838307951255528,0.0195201650899819));
#1159=CARTESIAN_POINT('',(0.0107656447784678,0.00641613128330824,0.0195201650899819));
#1160=CARTESIAN_POINT('',(0.00879869654922077,0.00347238522855244,0.0195201650899819));
#1161=CARTESIAN_POINT('',(0.00810799618295525,1.09611389729587E-18,0.0195201650899819));
#1162=CARTESIAN_POINT('',(0.00879869654922077,-0.00347238522855243,0.0195201650899819));
#1163=CARTESIAN_POINT('',(0.0107656447784678,-0.00641613128330824,0.0195201650899819));
#1164=CARTESIAN_POINT('',(0.0137093908332236,-0.00838307951255528,0.0195201650899819));
#1165=CARTESIAN_POINT('',(0.0171817760617761,-0.00907377987882081,0.0195201650899819));
#1166=CARTESIAN_POINT('',(0.0206541612903285,-0.00838307951255529,0.0195201650899819));
#1167=CARTESIAN_POINT('',(0.0235979073450843,-0.00641613128330824,0.0195201650899819));
#1168=CARTESIAN_POINT('',(0.0255648555743313,-0.00347238522855244,0.0195201650899819));
#1169=CARTESIAN_POINT('',(0.0262555559405969,1.19173186444663E-18,0.0195201650899819));
#1170=CARTESIAN_POINT('',(0.0255648555743314,0.00347238522855243,0.0195201650899819));
#1171=CARTESIAN_POINT('',(0.0250122227041928,-0.00324347719872787,0.0208015246149172));
#1172=CARTESIAN_POINT('',(0.0256573904323337,6.89379441170719E-19,0.0208015246149172));
#1173=CARTESIAN_POINT('',(0.0250122227041928,0.00324347719872787,0.0208015246149172));
#1174=CARTESIAN_POINT('',(0.0231749404579195,0.00599316439614345,0.0208015246149172));
#1175=CARTESIAN_POINT('',(0.0204252532605039,0.00783044664241672,0.0208015246149172));
#1176=CARTESIAN_POINT('',(0.017181776061776,0.00847561437055762,0.0208015246149172));
#1177=CARTESIAN_POINT('',(0.0139382988630482,0.00783044664241672,0.0208015246149172));
#1178=CARTESIAN_POINT('',(0.0111886116656326,0.00599316439614345,0.0208015246149172));
#1179=CARTESIAN_POINT('',(0.00935132941935933,0.00324347719872787,0.0208015246149172));
#1180=CARTESIAN_POINT('',(0.00870616169121843,5.85997488326294E-19,0.0208015246149172));
#1181=CARTESIAN_POINT('',(0.00935132941935932,-0.00324347719872787,0.0208015246149172));
#1182=CARTESIAN_POINT('',(0.0111886116656326,-0.00599316439614344,0.0208015246149172));
#1183=CARTESIAN_POINT('',(0.0139382988630482,-0.00783044664241672,0.0208015246149172));
#1184=CARTESIAN_POINT('',(0.0171817760617761,-0.00847561437055762,0.0208015246149172));
#1185=CARTESIAN_POINT('',(0.0204252532605039,-0.00783044664241671,0.0208015246149172));
#1186=CARTESIAN_POINT('',(0.0231749404579195,-0.00599316439614345,0.0208015246149172));
#1187=CARTESIAN_POINT('',(0.0250122227041928,-0.00324347719872787,0.0208015246149172));
#1188=CARTESIAN_POINT('',(0.0256573904323337,6.89379441170719E-19,0.0208015246149172));
#1189=CARTESIAN_POINT('',(0.0250122227041928,0.00324347719872787,0.0208015246149172));
#1190=CARTESIAN_POINT('',(0.0244085506254193,-0.00299342803647394,0.0223371430610638));
#1191=CARTESIAN_POINT('',(0.025003980482735,1.20084786658073E-18,0.0223371430610638));
#1192=CARTESIAN_POINT('',(0.0244085506254193,0.00299342803647394,0.0223371430610638));
#1193=CARTESIAN_POINT('',(0.0227129098516635,0.00553113378988744,0.0223371430610638));
#1194=CARTESIAN_POINT('',(0.02017520409825,0.00722677456364325,0.0223371430610638));
#1195=CARTESIAN_POINT('',(0.0171817760617761,0.00782220442095892,0.0223371430610638));
#1196=CARTESIAN_POINT('',(0.0141883480253021,0.00722677456364325,0.0223371430610638));
#1197=CARTESIAN_POINT('',(0.0116506422718886,0.00553113378988744,0.0223371430610638));
#1198=CARTESIAN_POINT('',(0.0099550014981328,0.00299342803647394,0.0223371430610638));
#1199=CARTESIAN_POINT('',(0.00935957164081714,1.0567949911314E-18,0.0223371430610638));
#1200=CARTESIAN_POINT('',(0.0099550014981328,-0.00299342803647394,0.0223371430610638));
#1201=CARTESIAN_POINT('',(0.0116506422718886,-0.00553113378988744,0.0223371430610638));
#1202=CARTESIAN_POINT('',(0.0141883480253021,-0.00722677456364324,0.0223371430610638));
#1203=CARTESIAN_POINT('',(0.0171817760617761,-0.00782220442095892,0.0223371430610638));
#1204=CARTESIAN_POINT('',(0.02017520409825,-0.00722677456364325,0.0223371430610638));
#1205=CARTESIAN_POINT('',(0.0227129098516635,-0.00553113378988744,0.0223371430610638));
#1206=CARTESIAN_POINT('',(0.0244085506254193,-0.00299342803647394,0.0223371430610638));
#1207=CARTESIAN_POINT('',(0.025003980482735,1.20084786658073E-18,0.0223371430610638));
#1208=CARTESIAN_POINT('',(0.0244085506254193,0.00299342803647394,0.0223371430610638));
#1209=CARTESIAN_POINT('',(0.0238421902720771,-0.00275883389692917,0.0239187414191046));
#1210=CARTESIAN_POINT('',(0.0243909564537225,2.61902941195141E-19,0.0239187414191046));
#1211=CARTESIAN_POINT('',(0.0238421902720771,0.00275883389692917,0.0239187414191046));
#1212=CARTESIAN_POINT('',(0.0222794364037185,0.00509766034194242,0.0239187414191046));
#1213=CARTESIAN_POINT('',(0.0199406099587052,0.00666041421030102,0.0239187414191046));
#1214=CARTESIAN_POINT('',(0.017181776061776,0.00720918039194644,0.0239187414191046));
#1215=CARTESIAN_POINT('',(0.0144229421648469,0.00666041421030101,0.0239187414191046));
#1216=CARTESIAN_POINT('',(0.0120841157198336,0.00509766034194242,0.0239187414191046));
#1217=CARTESIAN_POINT('',(0.010521361851475,0.00275883389692917,0.0239187414191046));
#1218=CARTESIAN_POINT('',(0.00997259566982961,9.3176745079348E-19,0.0239187414191046));
#1219=CARTESIAN_POINT('',(0.010521361851475,-0.00275883389692917,0.0239187414191046));
#1220=CARTESIAN_POINT('',(0.0120841157198336,-0.00509766034194242,0.0239187414191046));
#1221=CARTESIAN_POINT('',(0.0144229421648469,-0.00666041421030101,0.0239187414191046));
#1222=CARTESIAN_POINT('',(0.0171817760617761,-0.00720918039194644,0.0239187414191046));
#1223=CARTESIAN_POINT('',(0.0199406099587052,-0.00666041421030101,0.0239187414191046));
#1224=CARTESIAN_POINT('',(0.0222794364037185,-0.00509766034194242,0.0239187414191046));
#1225=CARTESIAN_POINT('',(0.0238421902720771,-0.00275883389692917,0.0239187414191046));
#1226=CARTESIAN_POINT('',(0.0243909564537225,2.61902941195141E-19,0.0239187414191046));
#1227=CARTESIAN_POINT('',(0.0238421902720771,0.00275883389692917,0.0239187414191046));
#1228=CARTESIAN_POINT('',(0.0233726522223282,-0.00256434486867299,0.0254877756359827));
#1229=CARTESIAN_POINT('',(0.0238827321309338,8.74042625396967E-19,0.0254877756359828));
#1230=CARTESIAN_POINT('',(0.0233726522223282,0.00256434486867298,0.0254877756359827));
#1231=CARTESIAN_POINT('',(0.0219200675387107,0.00473829147693462,0.0254877756359828));
#1232=CARTESIAN_POINT('',(0.019746120930449,0.00619087616055217,0.0254877756359828));
#1233=CARTESIAN_POINT('',(0.0171817760617761,0.00670095606915779,0.0254877756359827));
#1234=CARTESIAN_POINT('',(0.0146174311931031,0.00619087616055217,0.0254877756359828));
#1235=CARTESIAN_POINT('',(0.0124434845848414,0.00473829147693462,0.0254877756359827));
#1236=CARTESIAN_POINT('',(0.0109908999012239,0.00256434486867298,0.0254877756359827));
#1237=CARTESIAN_POINT('',(0.0104808199926183,2.33560971640794E-19,0.0254877756359828));
#1238=CARTESIAN_POINT('',(0.0109908999012239,-0.00256434486867298,0.0254877756359827));
#1239=CARTESIAN_POINT('',(0.0124434845848414,-0.00473829147693462,0.0254877756359828));
#1240=CARTESIAN_POINT('',(0.0146174311931031,-0.00619087616055216,0.0254877756359828));
#1241=CARTESIAN_POINT('',(0.0171817760617761,-0.00670095606915779,0.0254877756359828));
#1242=CARTESIAN_POINT('',(0.019746120930449,-0.00619087616055217,0.0254877756359828));
#1243=CARTESIAN_POINT('',(0.0219200675387107,-0.00473829147693462,0.0254877756359828));
#1244=CARTESIAN_POINT('',(0.0233726522223282,-0.00256434486867299,0.0254877756359827));
#1245=CARTESIAN_POINT('',(0.0238827321309338,8.74042625396967E-19,0.0254877756359828));
#1246=CARTESIAN_POINT('',(0.0233726522223282,0.00256434486867298,0.0254877756359827));
#1247=CARTESIAN_POINT('',(0.0230185025754335,-0.00241765128181953,0.0270444117963151));
#1248=CARTESIAN_POINT('',(0.0234994033153986,9.25679942354375E-19,0.0270444117963151));
#1249=CARTESIAN_POINT('',(0.0230185025754335,0.00241765128181953,0.0270444117963151));
#1250=CARTESIAN_POINT('',(0.0216490131338215,0.00446723707204547,0.0270444117963151));
#1251=CARTESIAN_POINT('',(0.0195994273435956,0.0058367265136574,0.0270444117963151));
#1252=CARTESIAN_POINT('',(0.0171817760617761,0.00631762725362258,0.0270444117963151));
#1253=CARTESIAN_POINT('',(0.0147641247799565,0.00583672651365739,0.0270444117963151));
#1254=CARTESIAN_POINT('',(0.0127145389897306,0.00446723707204547,0.0270444117963151));
#1255=CARTESIAN_POINT('',(0.0113450495481187,0.00241765128181952,0.0270444117963151));
#1256=CARTESIAN_POINT('',(0.0108641488081535,1.2344534461903E-18,0.0270444117963151));
#1257=CARTESIAN_POINT('',(0.0113450495481187,-0.00241765128181953,0.0270444117963151));
#1258=CARTESIAN_POINT('',(0.0127145389897306,-0.00446723707204547,0.0270444117963151));
#1259=CARTESIAN_POINT('',(0.0147641247799565,-0.00583672651365739,0.0270444117963151));
#1260=CARTESIAN_POINT('',(0.0171817760617761,-0.00631762725362258,0.0270444117963151));
#1261=CARTESIAN_POINT('',(0.0195994273435956,-0.0058367265136574,0.0270444117963151));
#1262=CARTESIAN_POINT('',(0.0216490131338215,-0.00446723707204547,0.0270444117963151));
#1263=CARTESIAN_POINT('',(0.0230185025754335,-0.00241765128181953,0.0270444117963151));
#1264=CARTESIAN_POINT('',(0.0234994033153986,9.25679942354375E-19,0.0270444117963151));
#1265=CARTESIAN_POINT('',(0.0230185025754335,0.00241765128181953,0.0270444117963151));
#1266=CARTESIAN_POINT('',(0.0227338890602623,-0.00229976050380094,0.0286199344761569));
#1267=CARTESIAN_POINT('',(0.0231913398664795,6.27408033115958E-19,0.0286199344761569));
#1268=CARTESIAN_POINT('',(0.0227338890602623,0.00229976050380094,0.0286199344761569));
#1269=CARTESIAN_POINT('',(0.0214311793800551,0.00424940331827907,0.0286199344761569));
#1270=CARTESIAN_POINT('',(0.019481536565577,0.0055521129984862,0.0286199344761569));
#1271=CARTESIAN_POINT('',(0.0171817760617761,0.00600956380470349,0.0286199344761569));
#1272=CARTESIAN_POINT('',(0.0148820155579751,0.00555211299848621,0.0286199344761569));
#1273=CARTESIAN_POINT('',(0.012932372743497,0.00424940331827906,0.0286199344761569));
#1274=CARTESIAN_POINT('',(0.0116296630632898,0.00229976050380094,0.0286199344761569));
#1275=CARTESIAN_POINT('',(0.0111722122570726,3.15766173986844E-19,0.0286199344761569));
#1276=CARTESIAN_POINT('',(0.0116296630632899,-0.00229976050380094,0.0286199344761569));
#1277=CARTESIAN_POINT('',(0.012932372743497,-0.00424940331827906,0.0286199344761569));
#1278=CARTESIAN_POINT('',(0.0148820155579751,-0.0055521129984862,0.0286199344761569));
#1279=CARTESIAN_POINT('',(0.017181776061776,-0.00600956380470349,0.0286199344761569));
#1280=CARTESIAN_POINT('',(0.019481536565577,-0.00555211299848621,0.0286199344761569));
#1281=CARTESIAN_POINT('',(0.0214311793800551,-0.00424940331827906,0.0286199344761569));
#1282=CARTESIAN_POINT('',(0.0227338890602623,-0.00229976050380094,0.0286199344761569));
#1283=CARTESIAN_POINT('',(0.0231913398664795,6.27408033115958E-19,0.0286199344761569));
#1284=CARTESIAN_POINT('',(0.0227338890602623,0.00229976050380094,0.0286199344761569));
#1285=CARTESIAN_POINT('',(0.0224772144338537,-0.00219344239242548,0.0302463668939652));
#1286=CARTESIAN_POINT('',(0.022913517252842,4.67815746129613E-19,0.0302463668939652));
#1287=CARTESIAN_POINT('',(0.0224772144338537,0.00219344239242547,0.0302463668939652));
#1288=CARTESIAN_POINT('',(0.021234729125985,0.00405295306420897,0.0302463668939652));
#1289=CARTESIAN_POINT('',(0.0193752184542015,0.00529543837207767,0.0302463668939652));
#1290=CARTESIAN_POINT('',(0.0171817760617761,0.00573174119106592,0.0302463668939652));
#1291=CARTESIAN_POINT('',(0.0149883336693506,0.00529543837207767,0.0302463668939652));
#1292=CARTESIAN_POINT('',(0.0131288229975671,0.00405295306420897,0.0302463668939652));
#1293=CARTESIAN_POINT('',(0.0118863376896984,0.00219344239242547,0.0302463668939652));
#1294=CARTESIAN_POINT('',(0.0114500348707101,1.29089089037177E-18,0.0302463668939653));
#1295=CARTESIAN_POINT('',(0.0118863376896984,-0.00219344239242547,0.0302463668939652));
#1296=CARTESIAN_POINT('',(0.0131288229975671,-0.00405295306420897,0.0302463668939652));
#1297=CARTESIAN_POINT('',(0.0149883336693506,-0.00529543837207767,0.0302463668939652));
#1298=CARTESIAN_POINT('',(0.0171817760617761,-0.00573174119106592,0.0302463668939652));
#1299=CARTESIAN_POINT('',(0.0193752184542015,-0.00529543837207767,0.0302463668939652));
#1300=CARTESIAN_POINT('',(0.021234729125985,-0.00405295306420897,0.0302463668939652));
#1301=CARTESIAN_POINT('',(0.0224772144338537,-0.00219344239242548,0.0302463668939652));
#1302=CARTESIAN_POINT('',(0.022913517252842,4.67815746129613E-19,0.0302463668939652));
#1303=CARTESIAN_POINT('',(0.0224772144338537,0.00219344239242547,0.0302463668939652));
#1304=CARTESIAN_POINT('',(0.02229128881337,-0.00211642947882851,0.03176557148329));
#1305=CARTESIAN_POINT('',(0.0227122728113959,6.23831239123847E-19,0.0317655714832899));
#1306=CARTESIAN_POINT('',(0.0222912888133701,0.0021164294788285,0.0317655714832899));
#1307=CARTESIAN_POINT('',(0.0210924278167624,0.00391065175498637,0.03176557148329));
#1308=CARTESIAN_POINT('',(0.0192982055406046,0.005109512751594,0.03176557148329));
#1309=CARTESIAN_POINT('',(0.0171817760617761,0.00553049674961988,0.0317655714832899));
#1310=CARTESIAN_POINT('',(0.0150653465829475,0.005109512751594,0.0317655714832899));
#1311=CARTESIAN_POINT('',(0.0132711243067897,0.00391065175498637,0.0317655714832899));
#1312=CARTESIAN_POINT('',(0.0120722633101821,0.00211642947882851,0.0317655714832899));
#1313=CARTESIAN_POINT('',(0.0116512793121562,3.86149413254563E-19,0.0317655714832899));
#1314=CARTESIAN_POINT('',(0.0120722633101821,-0.00211642947882851,0.0317655714832899));
#1315=CARTESIAN_POINT('',(0.0132711243067897,-0.00391065175498637,0.0317655714832899));
#1316=CARTESIAN_POINT('',(0.0150653465829475,-0.005109512751594,0.0317655714832899));
#1317=CARTESIAN_POINT('',(0.0171817760617761,-0.00553049674961988,0.03176557148329));
#1318=CARTESIAN_POINT('',(0.0192982055406046,-0.005109512751594,0.03176557148329));
#1319=CARTESIAN_POINT('',(0.0210924278167624,-0.00391065175498637,0.0317655714832899));
#1320=CARTESIAN_POINT('',(0.02229128881337,-0.00211642947882851,0.03176557148329));
#1321=CARTESIAN_POINT('',(0.0227122728113959,6.23831239123847E-19,0.0317655714832899));
#1322=CARTESIAN_POINT('',(0.0222912888133701,0.0021164294788285,0.0317655714832899));
#1323=CARTESIAN_POINT('',(0.0222413693478676,-0.00209575215919098,0.0329116504868081));
#1324=CARTESIAN_POINT('',(0.0226582403712933,4.30917917951669E-19,0.0329116504868081));
#1325=CARTESIAN_POINT('',(0.0222413693478676,0.00209575215919098,0.0329116504868081));
#1326=CARTESIAN_POINT('',(0.0210542211119618,0.00387244505018576,0.0329116504868081));
#1327=CARTESIAN_POINT('',(0.019277528220967,0.00505959328609156,0.0329116504868081));
#1328=CARTESIAN_POINT('',(0.0171817760617761,0.00547646430951726,0.0329116504868081));
#1329=CARTESIAN_POINT('',(0.0150860239025851,0.00505959328609155,0.0329116504868081));
#1330=CARTESIAN_POINT('',(0.0133093310115903,0.00387244505018576,0.0329116504868081));
#1331=CARTESIAN_POINT('',(0.0121221827756845,0.00209575215919098,0.0329116504868081));
#1332=CARTESIAN_POINT('',(0.0117053117522588,9.69263188826301E-19,0.0329116504868081));
#1333=CARTESIAN_POINT('',(0.0121221827756845,-0.00209575215919098,0.0329116504868081));
#1334=CARTESIAN_POINT('',(0.0133093310115903,-0.00387244505018576,0.0329116504868081));
#1335=CARTESIAN_POINT('',(0.0150860239025851,-0.00505959328609155,0.0329116504868081));
#1336=CARTESIAN_POINT('',(0.0171817760617761,-0.00547646430951726,0.0329116504868081));
#1337=CARTESIAN_POINT('',(0.019277528220967,-0.00505959328609155,0.0329116504868081));
#1338=CARTESIAN_POINT('',(0.0210542211119618,-0.00387244505018576,0.0329116504868081));
#1339=CARTESIAN_POINT('',(0.0222413693478676,-0.00209575215919098,0.0329116504868081));
#1340=CARTESIAN_POINT('',(0.0226582403712933,4.30917917951669E-19,0.0329116504868081));
#1341=CARTESIAN_POINT('',(0.0222413693478676,0.00209575215919098,0.0329116504868081));
#1342=CARTESIAN_POINT('',(0.0222416506919611,-0.00209586869573019,0.0337765497112983));
#1343=CARTESIAN_POINT('',(0.0226585448959457,5.24145149957573E-19,0.0337765497112983));
#1344=CARTESIAN_POINT('',(0.0222416506919611,0.00209586869573019,0.0337765497112983));
#1345=CARTESIAN_POINT('',(0.0210544364434085,0.0038726603816325,0.0337765497112983));
#1346=CARTESIAN_POINT('',(0.0192776447575062,0.00505987463018504,0.0337765497112983));
#1347=CARTESIAN_POINT('',(0.017181776061776,0.00547676883416965,0.0337765497112983));
#1348=CARTESIAN_POINT('',(0.0150859073660459,0.00505987463018504,0.0337765497112983));
#1349=CARTESIAN_POINT('',(0.0133091156801435,0.0038726603816325,0.0337765497112982));
#1350=CARTESIAN_POINT('',(0.012121901431591,0.00209586869573019,0.0337765497112983));
#1351=CARTESIAN_POINT('',(0.0117050072276064,2.06862035629295E-19,0.0337765497112983));
#1352=CARTESIAN_POINT('',(0.012121901431591,-0.00209586869573019,0.0337765497112983));
#1353=CARTESIAN_POINT('',(0.0133091156801435,-0.0038726603816325,0.0337765497112983));
#1354=CARTESIAN_POINT('',(0.0150859073660458,-0.00505987463018504,0.0337765497112983));
#1355=CARTESIAN_POINT('',(0.017181776061776,-0.00547676883416965,0.0337765497112983));
#1356=CARTESIAN_POINT('',(0.0192776447575063,-0.00505987463018504,0.0337765497112983));
#1357=CARTESIAN_POINT('',(0.0210544364434085,-0.0038726603816325,0.0337765497112983));
#1358=CARTESIAN_POINT('',(0.0222416506919611,-0.00209586869573019,0.0337765497112983));
#1359=CARTESIAN_POINT('',(0.0226585448959457,5.24145149957573E-19,0.0337765497112983));
#1360=CARTESIAN_POINT('',(0.0222416506919611,0.00209586869573019,0.0337765497112983));
#1361=CARTESIAN_POINT('',(0.0222355010347701,-0.00209332142431774,0.0344645230955541));
#1362=CARTESIAN_POINT('',(0.0226518885549677,5.26761908351531E-19,0.0344645230955541));
#1363=CARTESIAN_POINT('',(0.0222355010347701,0.00209332142431774,0.034464523095554));
#1364=CARTESIAN_POINT('',(0.0210497296995651,0.00386795363778906,0.034464523095554));
#1365=CARTESIAN_POINT('',(0.0192750974860938,0.00505372497299405,0.0344645230955541));
#1366=CARTESIAN_POINT('',(0.0171817760617761,0.00547011249319165,0.034464523095554));
#1367=CARTESIAN_POINT('',(0.0150884546374583,0.00505372497299405,0.034464523095554));
#1368=CARTESIAN_POINT('',(0.013313822423987,0.00386795363778907,0.034464523095554));
#1369=CARTESIAN_POINT('',(0.012128051088782,0.00209332142431774,0.0344645230955541));
#1370=CARTESIAN_POINT('',(0.0117116635685844,8.25924687141736E-19,0.0344645230955541));
#1371=CARTESIAN_POINT('',(0.012128051088782,-0.00209332142431774,0.0344645230955541));
#1372=CARTESIAN_POINT('',(0.013313822423987,-0.00386795363778907,0.0344645230955541));
#1373=CARTESIAN_POINT('',(0.0150884546374583,-0.00505372497299405,0.034464523095554));
#1374=CARTESIAN_POINT('',(0.0171817760617761,-0.00547011249319165,0.0344645230955541));
#1375=CARTESIAN_POINT('',(0.0192750974860938,-0.00505372497299405,0.0344645230955541));
#1376=CARTESIAN_POINT('',(0.0210497296995651,-0.00386795363778907,0.0344645230955541));
#1377=CARTESIAN_POINT('',(0.0222355010347701,-0.00209332142431774,0.0344645230955541));
#1378=CARTESIAN_POINT('',(0.0226518885549677,5.26761908351531E-19,0.0344645230955541));
#1379=CARTESIAN_POINT('',(0.0222355010347701,0.00209332142431774,0.034464523095554));
#1380=CARTESIAN_POINT('',(0.0222390119090978,-0.00209477567608006,0.0351672609492327));
#1381=CARTESIAN_POINT('',(0.0226556886979562,5.00229727030313E-19,0.0351672609492327));
#1382=CARTESIAN_POINT('',(0.0222390119090978,0.00209477567608005,0.0351672609492327));
#1383=CARTESIAN_POINT('',(0.0210524168064418,0.00387064074466571,0.0351672609492327));
#1384=CARTESIAN_POINT('',(0.0192765517378561,0.00505723584732174,0.0351672609492328));
#1385=CARTESIAN_POINT('',(0.017181776061776,0.00547391263618014,0.0351672609492327));
#1386=CARTESIAN_POINT('',(0.015087000385696,0.00505723584732173,0.0351672609492327));
#1387=CARTESIAN_POINT('',(0.0133111353171103,0.00387064074466571,0.0351672609492327));
#1388=CARTESIAN_POINT('',(0.0121245402144543,0.00209477567608005,0.0351672609492327));
#1389=CARTESIAN_POINT('',(0.0117078634255959,6.43906137672881E-19,0.0351672609492327));
#1390=CARTESIAN_POINT('',(0.0121245402144543,-0.00209477567608005,0.0351672609492328));
#1391=CARTESIAN_POINT('',(0.0133111353171103,-0.00387064074466571,0.0351672609492327));
#1392=CARTESIAN_POINT('',(0.015087000385696,-0.00505723584732173,0.0351672609492327));
#1393=CARTESIAN_POINT('',(0.0171817760617761,-0.00547391263618014,0.0351672609492327));
#1394=CARTESIAN_POINT('',(0.0192765517378561,-0.00505723584732174,0.0351672609492328));
#1395=CARTESIAN_POINT('',(0.0210524168064418,-0.00387064074466571,0.0351672609492328));
#1396=CARTESIAN_POINT('',(0.0222390119090978,-0.00209477567608006,0.0351672609492327));
#1397=CARTESIAN_POINT('',(0.0226556886979562,5.00229727030313E-19,0.0351672609492327));
#1398=CARTESIAN_POINT('',(0.0222390119090978,0.00209477567608005,0.0351672609492327));
#1399=CARTESIAN_POINT('',(0.0222544318569174,-0.00210116282759801,0.0359700833006921));
#1400=CARTESIAN_POINT('',(0.022672379129205,3.37266137021075E-19,0.0359700833006921));
#1401=CARTESIAN_POINT('',(0.0222544318569174,0.00210116282759801,0.0359700833006921));
#1402=CARTESIAN_POINT('',(0.0210642187235587,0.00388244266178269,0.0359700833006921));
#1403=CARTESIAN_POINT('',(0.0192829388893741,0.00507265579514132,0.0359700833006921));
#1404=CARTESIAN_POINT('',(0.0171817760617761,0.00549060306742897,0.0359700833006921));
#1405=CARTESIAN_POINT('',(0.015080613234178,0.00507265579514132,0.0359700833006921));
#1406=CARTESIAN_POINT('',(0.0132993333999934,0.00388244266178269,0.0359700833006921));
#1407=CARTESIAN_POINT('',(0.0121091202666347,0.00210116282759801,0.0359700833006921));
#1408=CARTESIAN_POINT('',(0.0116911729943471,9.10212110751445E-19,0.0359700833006921));
#1409=CARTESIAN_POINT('',(0.0121091202666347,-0.00210116282759801,0.0359700833006921));
#1410=CARTESIAN_POINT('',(0.0132993333999934,-0.00388244266178269,0.0359700833006921));
#1411=CARTESIAN_POINT('',(0.015080613234178,-0.00507265579514132,0.0359700833006921));
#1412=CARTESIAN_POINT('',(0.0171817760617761,-0.00549060306742898,0.0359700833006921));
#1413=CARTESIAN_POINT('',(0.0192829388893741,-0.00507265579514132,0.0359700833006921));
#1414=CARTESIAN_POINT('',(0.0210642187235587,-0.00388244266178269,0.0359700833006921));
#1415=CARTESIAN_POINT('',(0.0222544318569174,-0.00210116282759801,0.0359700833006921));
#1416=CARTESIAN_POINT('',(0.022672379129205,3.37266137021075E-19,0.0359700833006921));
#1417=CARTESIAN_POINT('',(0.0222544318569174,0.00210116282759801,0.0359700833006921));
#1418=CARTESIAN_POINT('',(0.0222885781155028,-0.00211530667100841,0.0370242606316279));
#1419=CARTESIAN_POINT('',(0.0227093387731671,4.92582417454081E-19,0.0370242606316279));
#1420=CARTESIAN_POINT('',(0.0222885781155028,0.00211530667100841,0.0370242606316279));
#1421=CARTESIAN_POINT('',(0.0210903531384346,0.00390857707665851,0.0370242606316279));
#1422=CARTESIAN_POINT('',(0.0192970827327845,0.00510680205372678,0.037024260631628));
#1423=CARTESIAN_POINT('',(0.0171817760617761,0.00552756271139105,0.0370242606316279));
#1424=CARTESIAN_POINT('',(0.0150664693907676,0.00510680205372678,0.037024260631628));
#1425=CARTESIAN_POINT('',(0.0132731989851175,0.00390857707665851,0.0370242606316279));
#1426=CARTESIAN_POINT('',(0.0120749740080493,0.00211530667100841,0.0370242606316279));
#1427=CARTESIAN_POINT('',(0.011654213350385,6.42738460893707E-19,0.0370242606316279));
#1428=CARTESIAN_POINT('',(0.0120749740080493,-0.00211530667100841,0.0370242606316279));
#1429=CARTESIAN_POINT('',(0.0132731989851175,-0.00390857707665851,0.0370242606316279));
#1430=CARTESIAN_POINT('',(0.0150664693907676,-0.00510680205372678,0.0370242606316279));
#1431=CARTESIAN_POINT('',(0.017181776061776,-0.00552756271139105,0.0370242606316279));
#1432=CARTESIAN_POINT('',(0.0192970827327845,-0.00510680205372678,0.037024260631628));
#1433=CARTESIAN_POINT('',(0.0210903531384346,-0.00390857707665851,0.0370242606316279));
#1434=CARTESIAN_POINT('',(0.0222885781155028,-0.00211530667100841,0.0370242606316279));
#1435=CARTESIAN_POINT('',(0.0227093387731671,4.92582417454081E-19,0.0370242606316279));
#1436=CARTESIAN_POINT('',(0.0222885781155028,0.00211530667100841,0.0370242606316279));
#1437=CARTESIAN_POINT('',(0.0223365692100516,-0.00213518523324366,0.0381502315369842));
#1438=CARTESIAN_POINT('',(0.0227612839595902,8.14906449920859E-19,0.0381502315369842));
#1439=CARTESIAN_POINT('',(0.0223365692100517,0.00213518523324366,0.0381502315369842));
#1440=CARTESIAN_POINT('',(0.0211270839320044,0.0039453078702283,0.0381502315369842));
#1441=CARTESIAN_POINT('',(0.0193169612950197,0.0051547931482756,0.0381502315369842));
#1442=CARTESIAN_POINT('',(0.017181776061776,0.00557950789781418,0.0381502315369842));
#1443=CARTESIAN_POINT('',(0.0150465908285324,0.0051547931482756,0.0381502315369842));
#1444=CARTESIAN_POINT('',(0.0132364681915477,0.0039453078702283,0.0381502315369842));
#1445=CARTESIAN_POINT('',(0.0120269829135005,0.00213518523324366,0.0381502315369842));
#1446=CARTESIAN_POINT('',(0.0116022681639619,7.68564202519335E-19,0.0381502315369842));
#1447=CARTESIAN_POINT('',(0.0120269829135005,-0.00213518523324366,0.0381502315369842));
#1448=CARTESIAN_POINT('',(0.0132364681915477,-0.0039453078702283,0.0381502315369842));
#1449=CARTESIAN_POINT('',(0.0150465908285324,-0.00515479314827559,0.0381502315369842));
#1450=CARTESIAN_POINT('',(0.0171817760617761,-0.00557950789781418,0.0381502315369842));
#1451=CARTESIAN_POINT('',(0.0193169612950197,-0.0051547931482756,0.0381502315369842));
#1452=CARTESIAN_POINT('',(0.0211270839320044,-0.0039453078702283,0.0381502315369842));
#1453=CARTESIAN_POINT('',(0.0223365692100516,-0.00213518523324366,0.0381502315369842));
#1454=CARTESIAN_POINT('',(0.0227612839595902,8.14906449920859E-19,0.0381502315369842));
#1455=CARTESIAN_POINT('',(0.0223365692100517,0.00213518523324366,0.0381502315369842));
#1456=CARTESIAN_POINT('',(0.0223898977399767,-0.00215727463360004,0.0390989538004984));
#1457=CARTESIAN_POINT('',(0.0228190063444342,4.33560254357603E-19,0.0390989538004984));
#1458=CARTESIAN_POINT('',(0.0223898977399767,0.00215727463360004,0.0390989538004984));
#1459=CARTESIAN_POINT('',(0.0211678998217538,0.00398612375997772,0.0390989538004984));
#1460=CARTESIAN_POINT('',(0.0193390506953761,0.00520812167820067,0.0390989538004984));
#1461=CARTESIAN_POINT('',(0.017181776061776,0.00563723028265813,0.0390989538004984));
#1462=CARTESIAN_POINT('',(0.015024501428176,0.00520812167820067,0.0390989538004984));
#1463=CARTESIAN_POINT('',(0.0131956523017983,0.00398612375997773,0.0390989538004984));
#1464=CARTESIAN_POINT('',(0.0119736543835754,0.00215727463360004,0.0390989538004984));
#1465=CARTESIAN_POINT('',(0.0115445457791179,5.09958376421911E-19,0.0390989538004984));
#1466=CARTESIAN_POINT('',(0.0119736543835754,-0.00215727463360004,0.0390989538004984));
#1467=CARTESIAN_POINT('',(0.0131956523017983,-0.00398612375997772,0.0390989538004984));
#1468=CARTESIAN_POINT('',(0.015024501428176,-0.00520812167820066,0.0390989538004984));
#1469=CARTESIAN_POINT('',(0.0171817760617761,-0.00563723028265814,0.0390989538004984));
#1470=CARTESIAN_POINT('',(0.0193390506953761,-0.00520812167820067,0.0390989538004984));
#1471=CARTESIAN_POINT('',(0.0211678998217538,-0.00398612375997773,0.0390989538004984));
#1472=CARTESIAN_POINT('',(0.0223898977399767,-0.00215727463360004,0.0390989538004984));
#1473=CARTESIAN_POINT('',(0.0228190063444342,4.33560254357603E-19,0.0390989538004984));
#1474=CARTESIAN_POINT('',(0.0223898977399767,0.00215727463360004,0.0390989538004984));
#1475=CARTESIAN_POINT('',(0.0224494012419173,-0.00218192179111252,0.0398252546351092));
#1476=CARTESIAN_POINT('',(0.0228834124708248,6.30870976367774E-19,0.0398252546351092));
#1477=CARTESIAN_POINT('',(0.0224494012419173,0.00218192179111252,0.0398252546351092));
#1478=CARTESIAN_POINT('',(0.0212134418304745,0.00403166576869845,0.0398252546351092));
#1479=CARTESIAN_POINT('',(0.0193636978528886,0.00526762518014125,0.0398252546351092));
#1480=CARTESIAN_POINT('',(0.017181776061776,0.0057016364090487,0.0398252546351092));
#1481=CARTESIAN_POINT('',(0.0149998542706635,0.00526762518014125,0.0398252546351092));
#1482=CARTESIAN_POINT('',(0.0131501102930776,0.00403166576869845,0.0398252546351092));
#1483=CARTESIAN_POINT('',(0.0119141508816348,0.00218192179111252,0.0398252546351092));
#1484=CARTESIAN_POINT('',(0.0114801396527274,5.31894139283888E-19,0.0398252546351092));
#1485=CARTESIAN_POINT('',(0.0119141508816348,-0.00218192179111252,0.0398252546351092));
#1486=CARTESIAN_POINT('',(0.0131501102930776,-0.00403166576869845,0.0398252546351092));
#1487=CARTESIAN_POINT('',(0.0149998542706635,-0.00526762518014124,0.0398252546351092));
#1488=CARTESIAN_POINT('',(0.017181776061776,-0.0057016364090487,0.0398252546351092));
#1489=CARTESIAN_POINT('',(0.0193636978528886,-0.00526762518014125,0.0398252546351093));
#1490=CARTESIAN_POINT('',(0.0212134418304745,-0.00403166576869845,0.0398252546351092));
#1491=CARTESIAN_POINT('',(0.0224494012419173,-0.00218192179111252,0.0398252546351092));
#1492=CARTESIAN_POINT('',(0.0228834124708248,6.30870976367774E-19,0.0398252546351092));
#1493=CARTESIAN_POINT('',(0.0224494012419173,0.00218192179111252,0.0398252546351092));
#1494=CARTESIAN_POINT('',(0.0224882133733131,-0.00219799830232126,0.0399884361270636));
#1495=CARTESIAN_POINT('',(0.0229254224191243,4.97485519202039E-19,0.0399884361270636));
#1496=CARTESIAN_POINT('',(0.0224882133733131,0.00219799830232126,0.0399884361270636));
#1497=CARTESIAN_POINT('',(0.0212431473497944,0.00406137128801833,0.0399884361270636));
#1498=CARTESIAN_POINT('',(0.0193797743640973,0.00530643731153703,0.0399884361270636));
#1499=CARTESIAN_POINT('',(0.017181776061776,0.00574364635734821,0.0399884361270636));
#1500=CARTESIAN_POINT('',(0.0149837777594548,0.00530643731153702,0.0399884361270636));
#1501=CARTESIAN_POINT('',(0.0131204047737577,0.00406137128801834,0.0399884361270636));
#1502=CARTESIAN_POINT('',(0.011875338750239,0.00219799830232126,0.0399884361270636));
#1503=CARTESIAN_POINT('',(0.0114381297044278,1.29865589695314E-18,0.0399884361270636));
#1504=CARTESIAN_POINT('',(0.011875338750239,-0.00219799830232126,0.0399884361270636));
#1505=CARTESIAN_POINT('',(0.0131204047737577,-0.00406137128801833,0.0399884361270636));
#1506=CARTESIAN_POINT('',(0.0149837777594548,-0.00530643731153702,0.0399884361270636));
#1507=CARTESIAN_POINT('',(0.0171817760617761,-0.00574364635734822,0.0399884361270636));
#1508=CARTESIAN_POINT('',(0.0193797743640973,-0.00530643731153702,0.0399884361270636));
#1509=CARTESIAN_POINT('',(0.0212431473497944,-0.00406137128801834,0.0399884361270637));
#1510=CARTESIAN_POINT('',(0.0224882133733131,-0.00219799830232126,0.0399884361270636));
#1511=CARTESIAN_POINT('',(0.0229254224191243,4.97485519202039E-19,0.0399884361270636));
#1512=CARTESIAN_POINT('',(0.0224882133733131,0.00219799830232126,0.0399884361270636));
#1513=CARTESIAN_POINT('',(0.0225094351392979,-0.00220678864560967,0.039949256926775));
#1514=CARTESIAN_POINT('',(0.0229483926931026,6.93889390390723E-19,0.039949256926775));
#1515=CARTESIAN_POINT('',(0.0225094351392979,0.00220678864560967,0.039949256926775));
#1516=CARTESIAN_POINT('',(0.0212593897862902,0.00407761372451415,0.039949256926775));
#1517=CARTESIAN_POINT('',(0.0193885647073857,0.00532765907752182,0.039949256926775));
#1518=CARTESIAN_POINT('',(0.017181776061776,0.00576661663132659,0.039949256926775));
#1519=CARTESIAN_POINT('',(0.0149749874161664,0.00532765907752182,0.039949256926775));
#1520=CARTESIAN_POINT('',(0.0131041623372619,0.00407761372451415,0.039949256926775));
#1521=CARTESIAN_POINT('',(0.0118541169842542,0.00220678864560967,0.039949256926775));
#1522=CARTESIAN_POINT('',(0.0114151594304495,7.35237856109203E-19,0.039949256926775));
#1523=CARTESIAN_POINT('',(0.0118541169842542,-0.00220678864560967,0.039949256926775));
#1524=CARTESIAN_POINT('',(0.0131041623372619,-0.00407761372451415,0.039949256926775));
#1525=CARTESIAN_POINT('',(0.0149749874161664,-0.00532765907752182,0.039949256926775));
#1526=CARTESIAN_POINT('',(0.0171817760617761,-0.00576661663132659,0.039949256926775));
#1527=CARTESIAN_POINT('',(0.0193885647073857,-0.00532765907752182,0.039949256926775));
#1528=CARTESIAN_POINT('',(0.0212593897862902,-0.00407761372451415,0.039949256926775));
#1529=CARTESIAN_POINT('',(0.0225094351392979,-0.00220678864560967,0.039949256926775));
#1530=CARTESIAN_POINT('',(0.0229483926931026,6.93889390390723E-19,0.039949256926775));
#1531=CARTESIAN_POINT('',(0.0225094351392979,0.00220678864560967,0.039949256926775));
#1532=CARTESIAN_POINT('',(0.0171817760617761,0.,0.039949256926775));
#1533=CARTESIAN_POINT('',(0.022802073508501,0.,0.039949256926775));
#1534=CARTESIAN_POINT('',(0.0225094351392979,-0.00220678864560966,0.039949256926775));
#1535=CARTESIAN_POINT('',(0.0229483926931026,-4.28259858131774E-18,0.039949256926775));
#1536=CARTESIAN_POINT('',(0.0225094351392979,0.00220678864560967,0.039949256926775));
#1537=CARTESIAN_POINT('',(0.0212593897862902,0.00407761372451415,0.039949256926775));
#1538=CARTESIAN_POINT('',(0.0193885647073857,0.00532765907752182,0.039949256926775));
#1539=CARTESIAN_POINT('',(0.0171817760617761,0.00576661663132659,0.039949256926775));
#1540=CARTESIAN_POINT('',(0.0149749874161664,0.00532765907752182,0.039949256926775));
#1541=CARTESIAN_POINT('',(0.0131041623372619,0.00407761372451416,0.039949256926775));
#1542=CARTESIAN_POINT('',(0.0118541169842542,0.00220678864560967,0.039949256926775));
#1543=CARTESIAN_POINT('',(0.0114151594304495,7.77013762762912E-19,0.039949256926775));
#1544=CARTESIAN_POINT('',(0.0118541169842542,-0.00220678864560967,0.039949256926775));
#1545=CARTESIAN_POINT('',(0.0131041623372619,-0.00407761372451415,0.039949256926775));
#1546=CARTESIAN_POINT('',(0.0149749874161664,-0.00532765907752182,0.039949256926775));
#1547=CARTESIAN_POINT('',(0.0171817760617761,-0.00576661663132659,0.039949256926775));
#1548=CARTESIAN_POINT('',(0.0193885647073857,-0.00532765907752182,0.039949256926775));
#1549=CARTESIAN_POINT('',(0.0212593897862902,-0.00407761372451415,0.039949256926775));
#1550=CARTESIAN_POINT('',(0.0225094351392979,-0.00220678864560966,0.039949256926775));
#1551=CARTESIAN_POINT('',(0.0229483926931026,-4.28259858131774E-18,0.039949256926775));
#1552=CARTESIAN_POINT('',(0.0225094351392979,0.00220678864560967,0.039949256926775));
#1553=CARTESIAN_POINT('',(0.0225656680185508,-0.00223008106684751,0.0406064147033152));
#1554=CARTESIAN_POINT('',(0.023009258723006,-4.55364912443912E-18,0.0406064147033152));
#1555=CARTESIAN_POINT('',(0.0225656680185508,0.00223008106684752,0.0406064147033152));
#1556=CARTESIAN_POINT('',(0.0213024285687788,0.00412065250700272,0.0406064147033152));
#1557=CARTESIAN_POINT('',(0.0194118571286236,0.00538389195677475,0.0406064147033152));
#1558=CARTESIAN_POINT('',(0.017181776061776,0.00582748266122994,0.0406064147033152));
#1559=CARTESIAN_POINT('',(0.0149516949949285,0.00538389195677475,0.0406064147033152));
#1560=CARTESIAN_POINT('',(0.0130611235547733,0.00412065250700272,0.0406064147033152));
#1561=CARTESIAN_POINT('',(0.0117978841050013,0.00223008106684752,0.0406064147033152));
#1562=CARTESIAN_POINT('',(0.0113542934005461,7.99278156130389E-19,0.0406064147033152));
#1563=CARTESIAN_POINT('',(0.0117978841050013,-0.00223008106684752,0.0406064147033152));
#1564=CARTESIAN_POINT('',(0.0130611235547733,-0.00412065250700272,0.0406064147033152));
#1565=CARTESIAN_POINT('',(0.0149516949949285,-0.00538389195677475,0.0406064147033152));
#1566=CARTESIAN_POINT('',(0.017181776061776,-0.00582748266122994,0.0406064147033152));
#1567=CARTESIAN_POINT('',(0.0194118571286236,-0.00538389195677475,0.0406064147033152));
#1568=CARTESIAN_POINT('',(0.0213024285687788,-0.00412065250700272,0.0406064147033152));
#1569=CARTESIAN_POINT('',(0.0225656680185508,-0.00223008106684751,0.0406064147033152));
#1570=CARTESIAN_POINT('',(0.023009258723006,-4.55364912443912E-18,0.0406064147033152));
#1571=CARTESIAN_POINT('',(0.0225656680185508,0.00223008106684752,0.0406064147033152));
#1572=CARTESIAN_POINT('',(0.0226992660959452,-0.00228541920241122,0.0419456652302419));
#1573=CARTESIAN_POINT('',(0.0231538642399517,-4.93311988480905E-18,0.0419456652302418));
#1574=CARTESIAN_POINT('',(0.0226992660959452,0.00228541920241123,0.0419456652302418));
#1575=CARTESIAN_POINT('',(0.0214046801104081,0.00422290404863201,0.0419456652302418));
#1576=CARTESIAN_POINT('',(0.0194671952641873,0.0055174900341691,0.0419456652302418));
#1577=CARTESIAN_POINT('',(0.0171817760617761,0.00597208817817564,0.0419456652302418));
#1578=CARTESIAN_POINT('',(0.0148963568593648,0.0055174900341691,0.0419456652302418));
#1579=CARTESIAN_POINT('',(0.0129588720131441,0.00422290404863201,0.0419456652302418));
#1580=CARTESIAN_POINT('',(0.011664286027607,0.00228541920241123,0.0419456652302418));
#1581=CARTESIAN_POINT('',(0.0112096878836004,1.11244873604297E-18,0.0419456652302418));
#1582=CARTESIAN_POINT('',(0.011664286027607,-0.00228541920241123,0.0419456652302418));
#1583=CARTESIAN_POINT('',(0.012958872013144,-0.00422290404863201,0.0419456652302418));
#1584=CARTESIAN_POINT('',(0.0148963568593648,-0.00551749003416909,0.0419456652302418));
#1585=CARTESIAN_POINT('',(0.0171817760617761,-0.00597208817817564,0.0419456652302418));
#1586=CARTESIAN_POINT('',(0.0194671952641873,-0.0055174900341691,0.0419456652302418));
#1587=CARTESIAN_POINT('',(0.0214046801104081,-0.00422290404863201,0.0419456652302418));
#1588=CARTESIAN_POINT('',(0.0226992660959452,-0.00228541920241122,0.0419456652302419));
#1589=CARTESIAN_POINT('',(0.0231538642399517,-4.93311988480905E-18,0.0419456652302418));
#1590=CARTESIAN_POINT('',(0.0226992660959452,0.00228541920241123,0.0419456652302418));
#1591=CARTESIAN_POINT('',(0.0232094473102444,-0.00249674318064194,0.0437292631437043));
#1592=CARTESIAN_POINT('',(0.0237060804070449,-5.0415401020576E-18,0.0437292631437043));
#1593=CARTESIAN_POINT('',(0.0232094473102444,0.00249674318064195,0.0437292631437043));
#1594=CARTESIAN_POINT('',(0.0217951559068405,0.00461337984506446,0.0437292631437043));
#1595=CARTESIAN_POINT('',(0.019678519242418,0.00602767124846833,0.0437292631437043));
#1596=CARTESIAN_POINT('',(0.017181776061776,0.00652430434526884,0.0437292631437043));
#1597=CARTESIAN_POINT('',(0.0146850328811341,0.00602767124846833,0.0437292631437043));
#1598=CARTESIAN_POINT('',(0.0125683962167116,0.00461337984506446,0.0437292631437043));
#1599=CARTESIAN_POINT('',(0.0111541048133077,0.00249674318064195,0.0437292631437043));
#1600=CARTESIAN_POINT('',(0.0106574717165072,6.74741151826855E-19,0.0437292631437043));
#1601=CARTESIAN_POINT('',(0.0111541048133077,-0.00249674318064195,0.0437292631437043));
#1602=CARTESIAN_POINT('',(0.0125683962167116,-0.00461337984506446,0.0437292631437043));
#1603=CARTESIAN_POINT('',(0.0146850328811341,-0.00602767124846833,0.0437292631437043));
#1604=CARTESIAN_POINT('',(0.017181776061776,-0.00652430434526884,0.0437292631437043));
#1605=CARTESIAN_POINT('',(0.019678519242418,-0.00602767124846834,0.0437292631437043));
#1606=CARTESIAN_POINT('',(0.0217951559068405,-0.00461337984506446,0.0437292631437043));
#1607=CARTESIAN_POINT('',(0.0232094473102444,-0.00249674318064194,0.0437292631437043));
#1608=CARTESIAN_POINT('',(0.0237060804070449,-5.0415401020576E-18,0.0437292631437043));
#1609=CARTESIAN_POINT('',(0.0232094473102444,0.00249674318064195,0.0437292631437043));
#1610=CARTESIAN_POINT('',(0.0234581599479135,-0.00259976332829805,0.0446135364472866));
#1611=CARTESIAN_POINT('',(0.023975285026172,-5.14996031930615E-18,0.0446135364472866));
#1612=CARTESIAN_POINT('',(0.0234581599479135,0.00259976332829807,0.0446135364472866));
#1613=CARTESIAN_POINT('',(0.0219855123185521,0.00480373625677601,0.0446135364472866));
#1614=CARTESIAN_POINT('',(0.0197815393900741,0.00627638388613741,0.0446135364472866));
#1615=CARTESIAN_POINT('',(0.0171817760617761,0.00679350896439599,0.0446135364472866));
#1616=CARTESIAN_POINT('',(0.014582012733478,0.00627638388613741,0.0446135364472866));
#1617=CARTESIAN_POINT('',(0.012378039805,0.00480373625677601,0.0446135364472866));
#1618=CARTESIAN_POINT('',(0.0109053921756386,0.00259976332829807,0.0446135364472866));
#1619=CARTESIAN_POINT('',(0.0103882670973801,9.28381197415215E-19,0.0446135364472866));
#1620=CARTESIAN_POINT('',(0.0109053921756386,-0.00259976332829807,0.0446135364472866));
#1621=CARTESIAN_POINT('',(0.012378039805,-0.00480373625677601,0.0446135364472866));
#1622=CARTESIAN_POINT('',(0.014582012733478,-0.00627638388613741,0.0446135364472866));
#1623=CARTESIAN_POINT('',(0.0171817760617761,-0.006793508964396,0.0446135364472866));
#1624=CARTESIAN_POINT('',(0.0197815393900741,-0.00627638388613741,0.0446135364472866));
#1625=CARTESIAN_POINT('',(0.0219855123185521,-0.00480373625677601,0.0446135364472866));
#1626=CARTESIAN_POINT('',(0.0234581599479135,-0.00259976332829805,0.0446135364472866));
#1627=CARTESIAN_POINT('',(0.023975285026172,-5.14996031930615E-18,0.0446135364472866));
#1628=CARTESIAN_POINT('',(0.0234581599479135,0.00259976332829807,0.0446135364472866));
#1629=CARTESIAN_POINT('',(0.0171817760617761,0.,0.0446135364472866));
#1630=CARTESIAN_POINT('',(0.0238029100000858,0.,0.0446135364472866));
#1631=CARTESIAN_POINT('',(0.0234581599479135,-0.00259976332829805,0.0446135364472866));
#1632=CARTESIAN_POINT('',(0.023975285026172,-5.14996031930615E-18,0.0446135364472866));
#1633=CARTESIAN_POINT('',(0.0234581599479135,0.00259976332829807,0.0446135364472866));
#1634=CARTESIAN_POINT('',(0.0219855123185521,0.00480373625677601,0.0446135364472866));
#1635=CARTESIAN_POINT('',(0.0197815393900741,0.00627638388613741,0.0446135364472866));
#1636=CARTESIAN_POINT('',(0.0171817760617761,0.00679350896439599,0.0446135364472866));
#1637=CARTESIAN_POINT('',(0.014582012733478,0.00627638388613741,0.0446135364472866));
#1638=CARTESIAN_POINT('',(0.012378039805,0.00480373625677601,0.0446135364472866));
#1639=CARTESIAN_POINT('',(0.0109053921756386,0.00259976332829807,0.0446135364472866));
#1640=CARTESIAN_POINT('',(0.0103882670973801,9.28381197415215E-19,0.0446135364472866));
#1641=CARTESIAN_POINT('',(0.0109053921756386,-0.00259976332829807,0.0446135364472866));
#1642=CARTESIAN_POINT('',(0.012378039805,-0.00480373625677601,0.0446135364472866));
#1643=CARTESIAN_POINT('',(0.014582012733478,-0.00627638388613741,0.0446135364472866));
#1644=CARTESIAN_POINT('',(0.0171817760617761,-0.006793508964396,0.0446135364472866));
#1645=CARTESIAN_POINT('',(0.0197815393900741,-0.00627638388613741,0.0446135364472866));
#1646=CARTESIAN_POINT('',(0.0219855123185521,-0.00480373625677601,0.0446135364472866));
#1647=CARTESIAN_POINT('',(0.0234581599479135,-0.00259976332829805,0.0446135364472866));
#1648=CARTESIAN_POINT('',(0.023975285026172,-5.14996031930615E-18,0.0446135364472866));
#1649=CARTESIAN_POINT('',(0.0234581599479135,0.00259976332829807,0.0446135364472866));
#1650=CARTESIAN_POINT('',(0.0238950136258701,-0.00278071404648025,0.0445786432806776));
#1651=CARTESIAN_POINT('',(0.0244481320398613,-5.31259064517897E-18,0.0445786432806776));
#1652=CARTESIAN_POINT('',(0.0238950136258701,0.00278071404648027,0.0445786432806776));
#1653=CARTESIAN_POINT('',(0.0223198656483956,0.00513808958661952,0.0445786432806776));
#1654=CARTESIAN_POINT('',(0.0199624901082563,0.00671323756409403,0.0445786432806776));
#1655=CARTESIAN_POINT('',(0.017181776061776,0.00726635597808529,0.0445786432806776));
#1656=CARTESIAN_POINT('',(0.0144010620152958,0.00671323756409403,0.0445786432806776));
#1657=CARTESIAN_POINT('',(0.0120436864751565,0.00513808958661952,0.0445786432806776));
#1658=CARTESIAN_POINT('',(0.010468538497682,0.00278071404648027,0.0445786432806776));
#1659=CARTESIAN_POINT('',(0.00991542008369075,8.67259167592447E-19,0.0445786432806776));
#1660=CARTESIAN_POINT('',(0.010468538497682,-0.00278071404648027,0.0445786432806776));
#1661=CARTESIAN_POINT('',(0.0120436864751565,-0.00513808958661952,0.0445786432806776));
#1662=CARTESIAN_POINT('',(0.0144010620152958,-0.00671323756409403,0.0445786432806776));
#1663=CARTESIAN_POINT('',(0.0171817760617761,-0.0072663559780853,0.0445786432806776));
#1664=CARTESIAN_POINT('',(0.0199624901082563,-0.00671323756409403,0.0445786432806776));
#1665=CARTESIAN_POINT('',(0.0223198656483956,-0.00513808958661952,0.0445786432806776));
#1666=CARTESIAN_POINT('',(0.0238950136258701,-0.00278071404648025,0.0445786432806776));
#1667=CARTESIAN_POINT('',(0.0244481320398613,-5.31259064517897E-18,0.0445786432806776));
#1668=CARTESIAN_POINT('',(0.0238950136258701,0.00278071404648027,0.0445786432806776));
#1669=CARTESIAN_POINT('',(0.0247903312722361,-0.00315156675823699,0.044491598916742));
#1670=CARTESIAN_POINT('',(0.025417216877072,-5.63785129692462E-18,0.044491598916742));
#1671=CARTESIAN_POINT('',(0.0247903312722361,0.00315156675823701,0.044491598916742));
#1672=CARTESIAN_POINT('',(0.0230051121083323,0.00582333604655624,0.044491598916742));
#1673=CARTESIAN_POINT('',(0.0203333428200131,0.00760855521046,0.044491598916742));
#1674=CARTESIAN_POINT('',(0.017181776061776,0.00823544081529595,0.044491598916742));
#1675=CARTESIAN_POINT('',(0.0140302093035391,0.00760855521046,0.044491598916742));
#1676=CARTESIAN_POINT('',(0.0113584400152198,0.00582333604655624,0.044491598916742));
#1677=CARTESIAN_POINT('',(0.00957322085131607,0.00315156675823701,0.044491598916742));
#1678=CARTESIAN_POINT('',(0.0089463352464801,1.96878911954971E-18,0.044491598916742));
#1679=CARTESIAN_POINT('',(0.00957322085131606,-0.00315156675823701,0.044491598916742));
#1680=CARTESIAN_POINT('',(0.0113584400152198,-0.00582333604655623,0.044491598916742));
#1681=CARTESIAN_POINT('',(0.014030209303539,-0.00760855521046,0.044491598916742));
#1682=CARTESIAN_POINT('',(0.0171817760617761,-0.00823544081529595,0.044491598916742));
#1683=CARTESIAN_POINT('',(0.0203333428200131,-0.00760855521046,0.044491598916742));
#1684=CARTESIAN_POINT('',(0.0230051121083323,-0.00582333604655623,0.044491598916742));
#1685=CARTESIAN_POINT('',(0.0247903312722361,-0.00315156675823699,0.044491598916742));
#1686=CARTESIAN_POINT('',(0.025417216877072,-5.63785129692462E-18,0.044491598916742));
#1687=CARTESIAN_POINT('',(0.0247903312722361,0.00315156675823701,0.044491598916742));
#1688=CARTESIAN_POINT('',(0.0252412579575477,-0.003338346706929,0.0447594462592948));
#1689=CARTESIAN_POINT('',(0.025905296404157,-6.83047368665868E-18,0.0447594462592948));
#1690=CARTESIAN_POINT('',(0.0252412579575477,0.00333834670692902,0.0447594462592948));
#1691=CARTESIAN_POINT('',(0.0233502364516924,0.00616846038991635,0.0447594462592948));
#1692=CARTESIAN_POINT('',(0.0205201227687051,0.0080594818957716,0.0447594462592948));
#1693=CARTESIAN_POINT('',(0.0171817760617761,0.00872352034238094,0.0447594462592948));
#1694=CARTESIAN_POINT('',(0.013843429354847,0.0080594818957716,0.0447594462592948));
#1695=CARTESIAN_POINT('',(0.0110133156718597,0.00616846038991635,0.0447594462592948));
#1696=CARTESIAN_POINT('',(0.00912229416600445,0.00333834670692902,0.0447594462592948));
#1697=CARTESIAN_POINT('',(0.00845825571939512,1.07233047633414E-18,0.0447594462592948));
#1698=CARTESIAN_POINT('',(0.00912229416600445,-0.00333834670692902,0.0447594462592948));
#1699=CARTESIAN_POINT('',(0.0110133156718597,-0.00616846038991635,0.0447594462592948));
#1700=CARTESIAN_POINT('',(0.013843429354847,-0.0080594818957716,0.0447594462592948));
#1701=CARTESIAN_POINT('',(0.0171817760617761,-0.00872352034238094,0.0447594462592948));
#1702=CARTESIAN_POINT('',(0.0205201227687051,-0.0080594818957716,0.0447594462592948));
#1703=CARTESIAN_POINT('',(0.0233502364516924,-0.00616846038991635,0.0447594462592948));
#1704=CARTESIAN_POINT('',(0.0252412579575477,-0.003338346706929,0.0447594462592948));
#1705=CARTESIAN_POINT('',(0.025905296404157,-6.83047368665868E-18,0.0447594462592948));
#1706=CARTESIAN_POINT('',(0.0252412579575477,0.00333834670692902,0.0447594462592948));
#1707=CARTESIAN_POINT('',(0.0254414860047274,-0.00342128387963833,0.0449135228991509));
#1708=CARTESIAN_POINT('',(0.0261220216807041,-6.61363325216158E-18,0.0449135228991508));
#1709=CARTESIAN_POINT('',(0.0254414860047274,0.00342128387963835,0.0449135228991509));
#1710=CARTESIAN_POINT('',(0.0235034843643934,0.00632170830261736,0.0449135228991508));
#1711=CARTESIAN_POINT('',(0.0206030599414144,0.00825970994295135,0.0449135228991509));
#1712=CARTESIAN_POINT('',(0.0171817760617761,0.00894024561892807,0.0449135228991508));
#1713=CARTESIAN_POINT('',(0.0137604921821377,0.00825970994295135,0.0449135228991509));
#1714=CARTESIAN_POINT('',(0.0108600677591587,0.00632170830261736,0.0449135228991509));
#1715=CARTESIAN_POINT('',(0.0089220661188247,0.00342128387963835,0.0449135228991508));
#1716=CARTESIAN_POINT('',(0.00824153044284798,1.74619812543414E-18,0.0449135228991508));
#1717=CARTESIAN_POINT('',(0.0089220661188247,-0.00342128387963835,0.0449135228991509));
#1718=CARTESIAN_POINT('',(0.0108600677591587,-0.00632170830261736,0.0449135228991508));
#1719=CARTESIAN_POINT('',(0.0137604921821377,-0.00825970994295135,0.0449135228991509));
#1720=CARTESIAN_POINT('',(0.0171817760617761,-0.00894024561892808,0.0449135228991509));
#1721=CARTESIAN_POINT('',(0.0206030599414144,-0.00825970994295135,0.0449135228991509));
#1722=CARTESIAN_POINT('',(0.0235034843643934,-0.00632170830261736,0.0449135228991508));
#1723=CARTESIAN_POINT('',(0.0254414860047274,-0.00342128387963833,0.0449135228991509));
#1724=CARTESIAN_POINT('',(0.0261220216807041,-6.61363325216158E-18,0.0449135228991508));
#1725=CARTESIAN_POINT('',(0.0254414860047274,0.00342128387963835,0.0449135228991509));
#1726=CARTESIAN_POINT('',(0.0171817760617761,0.,0.0449135228991508));
#1727=CARTESIAN_POINT('',(0.0258951764553785,0.,0.0449135228991508));
#1728=CARTESIAN_POINT('',(0.0171817760617761,0.,0.0449135228991508));
#1729=CARTESIAN_POINT('',(0.0171817760617761,0.,0.0454412549734116));
#1730=CARTESIAN_POINT('',(0.0262881685048342,0.,0.0454412549734116));
#1731=CARTESIAN_POINT('',(0.0258140156936848,-0.0035755907291911,0.0454412549734116));
#1732=CARTESIAN_POINT('',(0.0265252449104089,-7.10152422978005E-18,0.0454412549734116));
#1733=CARTESIAN_POINT('',(0.0258140156936848,0.00357559072919112,0.0454412549734116));
#1734=CARTESIAN_POINT('',(0.0237886062444496,0.00660683018267356,0.0454412549734116));
#1735=CARTESIAN_POINT('',(0.0207573667909672,0.00863223963190871,0.0454412549734116));
#1736=CARTESIAN_POINT('',(0.0171817760617761,0.00934346884863287,0.0454412549734116));
#1737=CARTESIAN_POINT('',(0.0136061853325849,0.0086322396319087,0.0454412549734116));
#1738=CARTESIAN_POINT('',(0.0105749458791025,0.00660683018267357,0.0454412549734116));
#1739=CARTESIAN_POINT('',(0.00854953642986735,0.00357559072919112,0.0454412549734116));
#1740=CARTESIAN_POINT('',(0.00783830721314318,9.97632758298155E-19,0.0454412549734116));
#1741=CARTESIAN_POINT('',(0.00854953642986735,-0.00357559072919112,0.0454412549734116));
#1742=CARTESIAN_POINT('',(0.0105749458791025,-0.00660683018267356,0.0454412549734116));
#1743=CARTESIAN_POINT('',(0.0136061853325849,-0.00863223963190871,0.0454412549734116));
#1744=CARTESIAN_POINT('',(0.0171817760617761,-0.00934346884863287,0.0454412549734116));
#1745=CARTESIAN_POINT('',(0.0207573667909672,-0.00863223963190871,0.0454412549734116));
#1746=CARTESIAN_POINT('',(0.0237886062444496,-0.00660683018267356,0.0454412549734116));
#1747=CARTESIAN_POINT('',(0.0258140156936848,-0.0035755907291911,0.0454412549734116));
#1748=CARTESIAN_POINT('',(0.0265252449104089,-7.10152422978005E-18,0.0454412549734116));
#1749=CARTESIAN_POINT('',(0.0258140156936848,0.00357559072919112,0.0454412549734116));
#1750=CARTESIAN_POINT('',(0.0258881318954619,-0.00360629066515876,0.0456601035695457));
#1751=CARTESIAN_POINT('',(0.0266054677091278,-6.72205346941013E-18,0.0456601035695456));
#1752=CARTESIAN_POINT('',(0.0258881318954619,0.00360629066515878,0.0456601035695456));
#1753=CARTESIAN_POINT('',(0.0238453323294295,0.00666355626765342,0.0456601035695456));
#1754=CARTESIAN_POINT('',(0.0207880667269348,0.00870635583368582,0.0456601035695456));
#1755=CARTESIAN_POINT('',(0.017181776061776,0.00942369164735172,0.0456601035695456));
#1756=CARTESIAN_POINT('',(0.0135754853966173,0.00870635583368582,0.0456601035695456));
#1757=CARTESIAN_POINT('',(0.0105182197941226,0.00666355626765343,0.0456601035695456));
#1758=CARTESIAN_POINT('',(0.00847542022809024,0.00360629066515878,0.0456601035695456));
#1759=CARTESIAN_POINT('',(0.00775808441442433,1.95371458006655E-18,0.0456601035695456));
#1760=CARTESIAN_POINT('',(0.00847542022809022,-0.00360629066515878,0.0456601035695456));
#1761=CARTESIAN_POINT('',(0.0105182197941226,-0.00666355626765342,0.0456601035695456));
#1762=CARTESIAN_POINT('',(0.0135754853966173,-0.00870635583368582,0.0456601035695456));
#1763=CARTESIAN_POINT('',(0.0171817760617761,-0.00942369164735172,0.0456601035695456));
#1764=CARTESIAN_POINT('',(0.0207880667269348,-0.00870635583368582,0.0456601035695457));
#1765=CARTESIAN_POINT('',(0.0238453323294295,-0.00666355626765342,0.0456601035695456));
#1766=CARTESIAN_POINT('',(0.0258881318954619,-0.00360629066515876,0.0456601035695457));
#1767=CARTESIAN_POINT('',(0.0266054677091278,-6.72205346941013E-18,0.0456601035695456));
#1768=CARTESIAN_POINT('',(0.0258881318954619,0.00360629066515878,0.0456601035695456));
#1769=CARTESIAN_POINT('',(0.0259998872751021,-0.00365258125907391,0.0460132024680254));
#1770=CARTESIAN_POINT('',(0.0267264308603911,-8.13151629364128E-18,0.0460132024680253));
#1771=CARTESIAN_POINT('',(0.0259998872751021,0.00365258125907393,0.0460132024680254));
#1772=CARTESIAN_POINT('',(0.0239308661939615,0.00674909013218542,0.0460132024680254));
#1773=CARTESIAN_POINT('',(0.02083435732085,0.00881811121332608,0.0460132024680254));
#1774=CARTESIAN_POINT('',(0.0171817760617761,0.00954465479861504,0.0460132024680254));
#1775=CARTESIAN_POINT('',(0.0135291948027021,0.00881811121332607,0.0460132024680254));
#1776=CARTESIAN_POINT('',(0.0104326859295907,0.00674909013218542,0.0460132024680254));
#1777=CARTESIAN_POINT('',(0.00836366484844997,0.00365258125907393,0.0460132024680254));
#1778=CARTESIAN_POINT('',(0.00763712126316102,1.30537703339238E-18,0.0460132024680254));
#1779=CARTESIAN_POINT('',(0.00836366484844998,-0.00365258125907393,0.0460132024680254));
#1780=CARTESIAN_POINT('',(0.0104326859295906,-0.00674909013218542,0.0460132024680254));
#1781=CARTESIAN_POINT('',(0.0135291948027021,-0.00881811121332607,0.0460132024680254));
#1782=CARTESIAN_POINT('',(0.0171817760617761,-0.00954465479861504,0.0460132024680254));
#1783=CARTESIAN_POINT('',(0.02083435732085,-0.00881811121332608,0.0460132024680254));
#1784=CARTESIAN_POINT('',(0.0239308661939615,-0.00674909013218542,0.0460132024680254));
#1785=CARTESIAN_POINT('',(0.0259998872751021,-0.00365258125907391,0.0460132024680254));
#1786=CARTESIAN_POINT('',(0.0267264308603911,-8.13151629364128E-18,0.0460132024680253));
#1787=CARTESIAN_POINT('',(0.0259998872751021,0.00365258125907393,0.0460132024680254));
#1788=CARTESIAN_POINT('',(0.0259668916157706,-0.00363891400947932,0.0467433503840063));
#1789=CARTESIAN_POINT('',(0.0266907166160871,-6.5594231435373E-18,0.0467433503840063));
#1790=CARTESIAN_POINT('',(0.0259668916157705,0.00363891400947934,0.0467433503840063));
#1791=CARTESIAN_POINT('',(0.0239056124096291,0.00672383634785309,0.0467433503840063));
#1792=CARTESIAN_POINT('',(0.0208206900712554,0.00878511555399449,0.0467433503840063));
#1793=CARTESIAN_POINT('',(0.0171817760617761,0.00950894055431102,0.0467433503840063));
#1794=CARTESIAN_POINT('',(0.0135428620522967,0.00878511555399449,0.0467433503840063));
#1795=CARTESIAN_POINT('',(0.010457939713923,0.00672383634785309,0.0467433503840063));
#1796=CARTESIAN_POINT('',(0.00839666050778158,0.00363891400947934,0.0467433503840063));
#1797=CARTESIAN_POINT('',(0.00767283550746503,1.5817016800994E-18,0.0467433503840063));
#1798=CARTESIAN_POINT('',(0.00839666050778157,-0.00363891400947934,0.0467433503840063));
#1799=CARTESIAN_POINT('',(0.010457939713923,-0.00672383634785309,0.0467433503840063));
#1800=CARTESIAN_POINT('',(0.0135428620522967,-0.00878511555399448,0.0467433503840063));
#1801=CARTESIAN_POINT('',(0.0171817760617761,-0.00950894055431102,0.0467433503840063));
#1802=CARTESIAN_POINT('',(0.0208206900712554,-0.00878511555399449,0.0467433503840063));
#1803=CARTESIAN_POINT('',(0.0239056124096292,-0.00672383634785309,0.0467433503840063));
#1804=CARTESIAN_POINT('',(0.0259668916157706,-0.00363891400947932,0.0467433503840063));
#1805=CARTESIAN_POINT('',(0.0266907166160871,-6.5594231435373E-18,0.0467433503840063));
#1806=CARTESIAN_POINT('',(0.0259668916157705,0.00363891400947934,0.0467433503840063));
#1807=CARTESIAN_POINT('',(0.0257898214137984,-0.00356556913033031,0.0472442711631255));
#1808=CARTESIAN_POINT('',(0.0264990572105682,-7.15573433840433E-18,0.0472442711631254));
#1809=CARTESIAN_POINT('',(0.0257898214137984,0.00356556913033033,0.0472442711631255));
#1810=CARTESIAN_POINT('',(0.0237700887443086,0.00658831268253252,0.0472442711631255));
#1811=CARTESIAN_POINT('',(0.0207473451921064,0.00860804535202233,0.0472442711631255));
#1812=CARTESIAN_POINT('',(0.0171817760617761,0.00931728114879215,0.0472442711631255));
#1813=CARTESIAN_POINT('',(0.0136162069314457,0.00860804535202232,0.0472442711631255));
#1814=CARTESIAN_POINT('',(0.0105934633792435,0.00658831268253252,0.0472442711631255));
#1815=CARTESIAN_POINT('',(0.00857373070975373,0.00356556913033033,0.0472442711631255));
#1816=CARTESIAN_POINT('',(0.0078644949129839,9.55949472870383E-19,0.0472442711631255));
#1817=CARTESIAN_POINT('',(0.00857373070975373,-0.00356556913033033,0.0472442711631255));
#1818=CARTESIAN_POINT('',(0.0105934633792435,-0.00658831268253252,0.0472442711631255));
#1819=CARTESIAN_POINT('',(0.0136162069314457,-0.00860804535202233,0.0472442711631255));
#1820=CARTESIAN_POINT('',(0.0171817760617761,-0.00931728114879216,0.0472442711631255));
#1821=CARTESIAN_POINT('',(0.0207473451921064,-0.00860804535202232,0.0472442711631255));
#1822=CARTESIAN_POINT('',(0.0237700887443086,-0.00658831268253252,0.0472442711631255));
#1823=CARTESIAN_POINT('',(0.0257898214137984,-0.00356556913033031,0.0472442711631255));
#1824=CARTESIAN_POINT('',(0.0264990572105682,-7.15573433840433E-18,0.0472442711631254));
#1825=CARTESIAN_POINT('',(0.0257898214137984,0.00356556913033033,0.0472442711631255));
#1826=CARTESIAN_POINT('',(0.0254312906075049,-0.00341706080783499,0.0476155361824782));
#1827=CARTESIAN_POINT('',(0.0261109862622716,-5.6920614055489E-18,0.0476155361824781));
#1828=CARTESIAN_POINT('',(0.0254312906075049,0.00341706080783501,0.0476155361824781));
#1829=CARTESIAN_POINT('',(0.0234956811451865,0.0063139050834105,0.0476155361824781));
#1830=CARTESIAN_POINT('',(0.0205988368696111,0.00824951454572884,0.0476155361824782));
#1831=CARTESIAN_POINT('',(0.017181776061776,0.00892921020049555,0.0476155361824781));
#1832=CARTESIAN_POINT('',(0.0137647152539411,0.00824951454572884,0.0476155361824781));
#1833=CARTESIAN_POINT('',(0.0108678709783656,0.0063139050834105,0.0476155361824782));
#1834=CARTESIAN_POINT('',(0.00893226151604721,0.00341706080783501,0.0476155361824781));
#1835=CARTESIAN_POINT('',(0.0082525658612805,1.24027461046201E-18,0.0476155361824781));
#1836=CARTESIAN_POINT('',(0.00893226151604721,-0.00341706080783501,0.0476155361824781));
#1837=CARTESIAN_POINT('',(0.0108678709783656,-0.0063139050834105,0.0476155361824781));
#1838=CARTESIAN_POINT('',(0.013764715253941,-0.00824951454572885,0.0476155361824781));
#1839=CARTESIAN_POINT('',(0.017181776061776,-0.00892921020049555,0.0476155361824781));
#1840=CARTESIAN_POINT('',(0.0205988368696111,-0.00824951454572885,0.0476155361824782));
#1841=CARTESIAN_POINT('',(0.0234956811451865,-0.00631390508341049,0.0476155361824781));
#1842=CARTESIAN_POINT('',(0.0254312906075049,-0.00341706080783499,0.0476155361824782));
#1843=CARTESIAN_POINT('',(0.0261109862622716,-5.6920614055489E-18,0.0476155361824781));
#1844=CARTESIAN_POINT('',(0.0254312906075049,0.00341706080783501,0.0476155361824781));
#1845=CARTESIAN_POINT('',(0.0248388158688786,-0.00317164973573252,0.0479230376394684));
#1846=CARTESIAN_POINT('',(0.0254696962263122,-6.45100292628875E-18,0.0479230376394684));
#1847=CARTESIAN_POINT('',(0.0248388158688786,0.00317164973573254,0.0479230376394684));
#1848=CARTESIAN_POINT('',(0.0230422206120523,0.00586044455027625,0.0479230376394684));
#1849=CARTESIAN_POINT('',(0.0203534257975086,0.00765703980710255,0.0479230376394684));
#1850=CARTESIAN_POINT('',(0.0171817760617761,0.00828792016453617,0.0479230376394684));
#1851=CARTESIAN_POINT('',(0.0140101263260435,0.00765703980710255,0.0479230376394684));
#1852=CARTESIAN_POINT('',(0.0113213315114998,0.00586044455027625,0.0479230376394684));
#1853=CARTESIAN_POINT('',(0.00952473625467351,0.00317164973573254,0.0479230376394684));
#1854=CARTESIAN_POINT('',(0.00889385589723988,1.24978387878392E-18,0.0479230376394684));
#1855=CARTESIAN_POINT('',(0.00952473625467351,-0.00317164973573254,0.0479230376394684));
#1856=CARTESIAN_POINT('',(0.0113213315114998,-0.00586044455027625,0.0479230376394684));
#1857=CARTESIAN_POINT('',(0.0140101263260435,-0.00765703980710254,0.0479230376394684));
#1858=CARTESIAN_POINT('',(0.0171817760617761,-0.00828792016453617,0.0479230376394684));
#1859=CARTESIAN_POINT('',(0.0203534257975086,-0.00765703980710254,0.0479230376394684));
#1860=CARTESIAN_POINT('',(0.0230422206120523,-0.00586044455027625,0.0479230376394684));
#1861=CARTESIAN_POINT('',(0.0248388158688786,-0.00317164973573252,0.0479230376394684));
#1862=CARTESIAN_POINT('',(0.0254696962263122,-6.45100292628875E-18,0.0479230376394684));
#1863=CARTESIAN_POINT('',(0.0248388158688786,0.00317164973573254,0.0479230376394684));
#1864=CARTESIAN_POINT('',(0.0243768444405133,-0.00298029490467476,0.0479291296502576));
#1865=CARTESIAN_POINT('',(0.0249696619554917,-6.17995238316738E-18,0.0479291296502576));
#1866=CARTESIAN_POINT('',(0.0243768444405133,0.00298029490467477,0.0479291296502576));
#1867=CARTESIAN_POINT('',(0.0226886429883294,0.0055068669265534,0.0479291296502576));
#1868=CARTESIAN_POINT('',(0.0201620709664508,0.00719506837873726,0.0479291296502576));
#1869=CARTESIAN_POINT('',(0.017181776061776,0.00778788589371566,0.0479291296502576));
#1870=CARTESIAN_POINT('',(0.0142014811571013,0.00719506837873726,0.0479291296502576));
#1871=CARTESIAN_POINT('',(0.0116749091352227,0.0055068669265534,0.0479291296502576));
#1872=CARTESIAN_POINT('',(0.00998670768303878,0.00298029490467477,0.0479291296502576));
#1873=CARTESIAN_POINT('',(0.0093938901680604,1.64425638674311E-18,0.0479291296502576));
#1874=CARTESIAN_POINT('',(0.00998670768303878,-0.00298029490467477,0.0479291296502576));
#1875=CARTESIAN_POINT('',(0.0116749091352227,-0.0055068669265534,0.0479291296502576));
#1876=CARTESIAN_POINT('',(0.0142014811571013,-0.00719506837873726,0.0479291296502576));
#1877=CARTESIAN_POINT('',(0.0171817760617761,-0.00778788589371566,0.0479291296502576));
#1878=CARTESIAN_POINT('',(0.0201620709664508,-0.00719506837873726,0.0479291296502576));
#1879=CARTESIAN_POINT('',(0.0226886429883294,-0.0055068669265534,0.0479291296502576));
#1880=CARTESIAN_POINT('',(0.0243768444405133,-0.00298029490467476,0.0479291296502576));
#1881=CARTESIAN_POINT('',(0.0249696619554917,-6.17995238316738E-18,0.0479291296502576));
#1882=CARTESIAN_POINT('',(0.0243768444405133,0.00298029490467477,0.0479291296502576));
#1883=CARTESIAN_POINT('',(0.0240684517413958,-0.00285255446616342,0.0479339435696602));
#1884=CARTESIAN_POINT('',(0.0246358601033397,-5.85469173142172E-18,0.0479339435696602));
#1885=CARTESIAN_POINT('',(0.0240684517413958,0.00285255446616344,0.0479339435696602));
#1886=CARTESIAN_POINT('',(0.0224526094351002,0.00527083337332411,0.0479339435696602));
#1887=CARTESIAN_POINT('',(0.0200343305279395,0.00688667567961971,0.0479339435696602));
#1888=CARTESIAN_POINT('',(0.0171817760617761,0.00745408404156369,0.0479339435696602));
#1889=CARTESIAN_POINT('',(0.0143292215956126,0.00688667567961971,0.0479339435696602));
#1890=CARTESIAN_POINT('',(0.0119109426884519,0.00527083337332411,0.0479339435696602));
#1891=CARTESIAN_POINT('',(0.0102951003821563,0.00285255446616344,0.0479339435696602));
#1892=CARTESIAN_POINT('',(0.00972769202021236,1.0537917044456E-18,0.0479339435696602));
#1893=CARTESIAN_POINT('',(0.0102951003821563,-0.00285255446616343,0.0479339435696602));
#1894=CARTESIAN_POINT('',(0.0119109426884519,-0.00527083337332411,0.0479339435696602));
#1895=CARTESIAN_POINT('',(0.0143292215956126,-0.00688667567961971,0.0479339435696602));
#1896=CARTESIAN_POINT('',(0.0171817760617761,-0.00745408404156369,0.0479339435696602));
#1897=CARTESIAN_POINT('',(0.0200343305279395,-0.00688667567961971,0.0479339435696602));
#1898=CARTESIAN_POINT('',(0.0224526094351002,-0.00527083337332411,0.0479339435696602));
#1899=CARTESIAN_POINT('',(0.0240684517413958,-0.00285255446616342,0.0479339435696602));
#1900=CARTESIAN_POINT('',(0.0246358601033397,-5.85469173142172E-18,0.0479339435696602));
#1901=CARTESIAN_POINT('',(0.0240684517413958,0.00285255446616344,0.0479339435696602));
#1902=CARTESIAN_POINT('',(0.0171817760617761,0.,0.0479339435696602));
#1903=CARTESIAN_POINT('',(0.0244467239826918,0.,0.0479339435696602));
#1904=CARTESIAN_POINT('',(0.0240684517413958,-0.00285255446616342,0.0479339435696602));
#1905=CARTESIAN_POINT('',(0.0246358601033397,-5.85469173142172E-18,0.0479339435696602));
#1906=CARTESIAN_POINT('',(0.0240684517413958,0.00285255446616344,0.0479339435696602));
#1907=CARTESIAN_POINT('',(0.0224526094351002,0.00527083337332411,0.0479339435696602));
#1908=CARTESIAN_POINT('',(0.0200343305279395,0.00688667567961971,0.0479339435696602));
#1909=CARTESIAN_POINT('',(0.0171817760617761,0.00745408404156369,0.0479339435696602));
#1910=CARTESIAN_POINT('',(0.0143292215956126,0.00688667567961971,0.0479339435696602));
#1911=CARTESIAN_POINT('',(0.0119109426884519,0.00527083337332411,0.0479339435696602));
#1912=CARTESIAN_POINT('',(0.0102951003821563,0.00285255446616344,0.0479339435696602));
#1913=CARTESIAN_POINT('',(0.00972769202021236,1.0537917044456E-18,0.0479339435696602));
#1914=CARTESIAN_POINT('',(0.0102951003821563,-0.00285255446616343,0.0479339435696602));
#1915=CARTESIAN_POINT('',(0.0119109426884519,-0.00527083337332411,0.0479339435696602));
#1916=CARTESIAN_POINT('',(0.0143292215956126,-0.00688667567961971,0.0479339435696602));
#1917=CARTESIAN_POINT('',(0.0171817760617761,-0.00745408404156369,0.0479339435696602));
#1918=CARTESIAN_POINT('',(0.0200343305279395,-0.00688667567961971,0.0479339435696602));
#1919=CARTESIAN_POINT('',(0.0224526094351002,-0.00527083337332411,0.0479339435696602));
#1920=CARTESIAN_POINT('',(0.0240684517413958,-0.00285255446616342,0.0479339435696602));
#1921=CARTESIAN_POINT('',(0.0246358601033397,-5.85469173142172E-18,0.0479339435696602));
#1922=CARTESIAN_POINT('',(0.0240684517413958,0.00285255446616344,0.0479339435696602));
#1923=CARTESIAN_POINT('',(0.0241902632144935,-0.00290301043037316,0.048008819175333));
#1924=CARTESIAN_POINT('',(0.0247677078917269,-5.74627151417317E-18,0.048008819175333));
#1925=CARTESIAN_POINT('',(0.0241902632144935,0.00290301043037318,0.048008819175333));
#1926=CARTESIAN_POINT('',(0.0225458399003532,0.00536406383857712,0.048008819175333));
#1927=CARTESIAN_POINT('',(0.0200847864921492,0.00700848715271749,0.048008819175333));
#1928=CARTESIAN_POINT('',(0.0171817760617761,0.00758593182995086,0.048008819175333));
#1929=CARTESIAN_POINT('',(0.0142787656314029,0.00700848715271749,0.048008819175333));
#1930=CARTESIAN_POINT('',(0.0118177122231989,0.00536406383857712,0.048008819175333));
#1931=CARTESIAN_POINT('',(0.0101732889090586,0.00290301043037318,0.048008819175333));
#1932=CARTESIAN_POINT('',(0.00959584423182519,8.47274483993166E-19,0.048008819175333));
#1933=CARTESIAN_POINT('',(0.0101732889090586,-0.00290301043037318,0.048008819175333));
#1934=CARTESIAN_POINT('',(0.0118177122231989,-0.00536406383857712,0.048008819175333));
#1935=CARTESIAN_POINT('',(0.0142787656314029,-0.00700848715271748,0.048008819175333));
#1936=CARTESIAN_POINT('',(0.0171817760617761,-0.00758593182995086,0.048008819175333));
#1937=CARTESIAN_POINT('',(0.0200847864921492,-0.00700848715271749,0.048008819175333));
#1938=CARTESIAN_POINT('',(0.0225458399003532,-0.00536406383857713,0.048008819175333));
#1939=CARTESIAN_POINT('',(0.0241902632144935,-0.00290301043037316,0.048008819175333));
#1940=CARTESIAN_POINT('',(0.0247677078917269,-5.74627151417317E-18,0.048008819175333));
#1941=CARTESIAN_POINT('',(0.0241902632144935,0.00290301043037318,0.048008819175333));
#1942=CARTESIAN_POINT('',(0.0243814286402585,-0.00298219374238182,0.0481254655812939));
#1943=CARTESIAN_POINT('',(0.0249746238575404,-5.58364118830035E-18,0.0481254655812938));
#1944=CARTESIAN_POINT('',(0.0243814286402585,0.00298219374238184,0.0481254655812938));
#1945=CARTESIAN_POINT('',(0.0226921515829157,0.00551037552113964,0.0481254655812938));
#1946=CARTESIAN_POINT('',(0.0201639698041579,0.00719965257848241,0.0481254655812938));
#1947=CARTESIAN_POINT('',(0.0171817760617761,0.00779284779576439,0.0481254655812938));
#1948=CARTESIAN_POINT('',(0.0141995823193942,0.00719965257848241,0.0481254655812938));
#1949=CARTESIAN_POINT('',(0.0116714005406364,0.00551037552113964,0.0481254655812938));
#1950=CARTESIAN_POINT('',(0.00998212348329365,0.00298219374238184,0.0481254655812938));
#1951=CARTESIAN_POINT('',(0.00938892826601168,8.50880991463897E-19,0.0481254655812938));
#1952=CARTESIAN_POINT('',(0.00998212348329365,-0.00298219374238184,0.0481254655812938));
#1953=CARTESIAN_POINT('',(0.0116714005406364,-0.00551037552113964,0.0481254655812938));
#1954=CARTESIAN_POINT('',(0.0141995823193942,-0.00719965257848241,0.0481254655812938));
#1955=CARTESIAN_POINT('',(0.0171817760617761,-0.00779284779576439,0.0481254655812938));
#1956=CARTESIAN_POINT('',(0.0201639698041579,-0.00719965257848242,0.0481254655812939));
#1957=CARTESIAN_POINT('',(0.0226921515829157,-0.00551037552113963,0.0481254655812938));
#1958=CARTESIAN_POINT('',(0.0243814286402585,-0.00298219374238182,0.0481254655812939));
#1959=CARTESIAN_POINT('',(0.0249746238575404,-5.58364118830035E-18,0.0481254655812938));
#1960=CARTESIAN_POINT('',(0.0243814286402585,0.00298219374238184,0.0481254655812938));
#1961=CARTESIAN_POINT('',(0.0246439663027337,-0.00309094040281278,0.0484171612192552));
#1962=CARTESIAN_POINT('',(0.0252587925756866,-6.23416249179165E-18,0.0484171612192551));
#1963=CARTESIAN_POINT('',(0.0246439663027337,0.0030909404028128,0.0484171612192552));
#1964=CARTESIAN_POINT('',(0.0228930892105179,0.00571131314874187,0.0484171612192552));
#1965=CARTESIAN_POINT('',(0.0202727164645889,0.00746219024095762,0.0484171612192552));
#1966=CARTESIAN_POINT('',(0.0171817760617761,0.00807701651391054,0.0484171612192552));
#1967=CARTESIAN_POINT('',(0.0140908356589633,0.00746219024095762,0.0484171612192552));
#1968=CARTESIAN_POINT('',(0.0114704629130342,0.00571131314874187,0.0484171612192552));
#1969=CARTESIAN_POINT('',(0.00971958582081844,0.0030909404028128,0.0484171612192552));
#1970=CARTESIAN_POINT('',(0.00910475954786552,1.38887595314594E-18,0.0484171612192552));
#1971=CARTESIAN_POINT('',(0.00971958582081844,-0.0030909404028128,0.0484171612192552));
#1972=CARTESIAN_POINT('',(0.0114704629130342,-0.00571131314874187,0.0484171612192552));
#1973=CARTESIAN_POINT('',(0.0140908356589633,-0.00746219024095762,0.0484171612192552));
#1974=CARTESIAN_POINT('',(0.0171817760617761,-0.00807701651391054,0.0484171612192552));
#1975=CARTESIAN_POINT('',(0.0202727164645888,-0.00746219024095762,0.0484171612192552));
#1976=CARTESIAN_POINT('',(0.0228930892105179,-0.00571131314874187,0.0484171612192552));
#1977=CARTESIAN_POINT('',(0.0246439663027337,-0.00309094040281278,0.0484171612192552));
#1978=CARTESIAN_POINT('',(0.0252587925756866,-6.23416249179165E-18,0.0484171612192551));
#1979=CARTESIAN_POINT('',(0.0246439663027337,0.0030909404028128,0.0484171612192552));
#1980=CARTESIAN_POINT('',(0.0247287585904282,-0.00312606251836048,0.0486952248660362));
#1981=CARTESIAN_POINT('',(0.0253505710865321,-6.3425827090402E-18,0.0486952248660362));
#1982=CARTESIAN_POINT('',(0.0247287585904282,0.0031260625183605,0.0486952248660362));
#1983=CARTESIAN_POINT('',(0.022957986417904,0.00577621035612791,0.0486952248660362));
#1984=CARTESIAN_POINT('',(0.0203078385801365,0.00754698252865211,0.0486952248660362));
#1985=CARTESIAN_POINT('',(0.0171817760617761,0.00816879502475601,0.0486952248660362));
#1986=CARTESIAN_POINT('',(0.0140557135434156,0.00754698252865211,0.0486952248660362));
#1987=CARTESIAN_POINT('',(0.0114055657056482,0.00577621035612791,0.0486952248660362));
#1988=CARTESIAN_POINT('',(0.00963479353312394,0.0031260625183605,0.0486952248660362));
#1989=CARTESIAN_POINT('',(0.00901298103702004,1.185515253911E-18,0.0486952248660362));
#1990=CARTESIAN_POINT('',(0.00963479353312394,-0.0031260625183605,0.0486952248660362));
#1991=CARTESIAN_POINT('',(0.0114055657056481,-0.00577621035612791,0.0486952248660362));
#1992=CARTESIAN_POINT('',(0.0140557135434156,-0.00754698252865211,0.0486952248660362));
#1993=CARTESIAN_POINT('',(0.0171817760617761,-0.00816879502475601,0.0486952248660362));
#1994=CARTESIAN_POINT('',(0.0203078385801366,-0.00754698252865211,0.0486952248660362));
#1995=CARTESIAN_POINT('',(0.022957986417904,-0.00577621035612791,0.0486952248660362));
#1996=CARTESIAN_POINT('',(0.0247287585904282,-0.00312606251836048,0.0486952248660362));
#1997=CARTESIAN_POINT('',(0.0253505710865321,-6.3425827090402E-18,0.0486952248660362));
#1998=CARTESIAN_POINT('',(0.0247287585904282,0.0031260625183605,0.0486952248660362));
#1999=CARTESIAN_POINT('',(0.0246590940467625,-0.00309720651955763,0.0490121241676772));
#2000=CARTESIAN_POINT('',(0.0252751667278314,-6.1257422745431E-18,0.0490121241676772));
#2001=CARTESIAN_POINT('',(0.0246590940467625,0.00309720651955765,0.0490121241676772));
#2002=CARTESIAN_POINT('',(0.0229046674845357,0.00572289142275966,0.0490121241676772));
#2003=CARTESIAN_POINT('',(0.0202789825813337,0.00747731798498644,0.0490121241676772));
#2004=CARTESIAN_POINT('',(0.0171817760617761,0.00809339066605536,0.0490121241676772));
#2005=CARTESIAN_POINT('',(0.0140845695422184,0.00747731798498644,0.0490121241676772));
#2006=CARTESIAN_POINT('',(0.0114588846390164,0.00572289142275966,0.0490121241676772));
#2007=CARTESIAN_POINT('',(0.00970445807678962,0.00309720651955765,0.0490121241676772));
#2008=CARTESIAN_POINT('',(0.00908838539572068,1.04654891100209E-18,0.0490121241676772));
#2009=CARTESIAN_POINT('',(0.00970445807678962,-0.00309720651955765,0.0490121241676772));
#2010=CARTESIAN_POINT('',(0.0114588846390164,-0.00572289142275966,0.0490121241676772));
#2011=CARTESIAN_POINT('',(0.0140845695422184,-0.00747731798498644,0.0490121241676772));
#2012=CARTESIAN_POINT('',(0.0171817760617761,-0.00809339066605536,0.0490121241676772));
#2013=CARTESIAN_POINT('',(0.0202789825813337,-0.00747731798498644,0.0490121241676772));
#2014=CARTESIAN_POINT('',(0.0229046674845357,-0.00572289142275965,0.0490121241676772));
#2015=CARTESIAN_POINT('',(0.0246590940467625,-0.00309720651955763,0.0490121241676772));
#2016=CARTESIAN_POINT('',(0.0252751667278314,-6.1257422745431E-18,0.0490121241676772));
#2017=CARTESIAN_POINT('',(0.0246590940467625,0.00309720651955765,0.0490121241676772));
#2018=CARTESIAN_POINT('',(0.0244216476498443,-0.00299885300161749,0.0493602814069648));
#2019=CARTESIAN_POINT('',(0.0250181565998196,-5.85469173142172E-18,0.0493602814069647));
#2020=CARTESIAN_POINT('',(0.0244216476498443,0.00299885300161751,0.0493602814069648));
#2021=CARTESIAN_POINT('',(0.0227229338801849,0.0055411578184089,0.0493602814069647));
#2022=CARTESIAN_POINT('',(0.0201806290633936,0.00723987158806825,0.0493602814069648));
#2023=CARTESIAN_POINT('',(0.0171817760617761,0.00783638053804359,0.0493602814069648));
#2024=CARTESIAN_POINT('',(0.0141829230601585,0.00723987158806825,0.0493602814069647));
#2025=CARTESIAN_POINT('',(0.0116406182433672,0.00554115781840891,0.0493602814069648));
#2026=CARTESIAN_POINT('',(0.0099419044737078,0.00299885300161751,0.0493602814069647));
#2027=CARTESIAN_POINT('',(0.00934539552373248,6.57601969534757E-19,0.0493602814069647));
#2028=CARTESIAN_POINT('',(0.0099419044737078,-0.00299885300161751,0.0493602814069648));
#2029=CARTESIAN_POINT('',(0.0116406182433672,-0.0055411578184089,0.0493602814069647));
#2030=CARTESIAN_POINT('',(0.0141829230601585,-0.00723987158806825,0.0493602814069648));
#2031=CARTESIAN_POINT('',(0.0171817760617761,-0.00783638053804359,0.0493602814069648));
#2032=CARTESIAN_POINT('',(0.0201806290633935,-0.00723987158806825,0.0493602814069648));
#2033=CARTESIAN_POINT('',(0.022722933880185,-0.0055411578184089,0.0493602814069648));
#2034=CARTESIAN_POINT('',(0.0244216476498443,-0.00299885300161749,0.0493602814069648));
#2035=CARTESIAN_POINT('',(0.0250181565998196,-5.85469173142172E-18,0.0493602814069647));
#2036=CARTESIAN_POINT('',(0.0244216476498443,0.00299885300161751,0.0493602814069648));
#2037=CARTESIAN_POINT('',(0.024130691598833,-0.00287833505923411,0.049465822691321));
#2038=CARTESIAN_POINT('',(0.0247032280395772,-5.4752209710518E-18,0.0494658226913209));
#2039=CARTESIAN_POINT('',(0.024130691598833,0.00287833505923412,0.0494658226913209));
#2040=CARTESIAN_POINT('',(0.0225002457596482,0.00531846969787213,0.0494658226913209));
#2041=CARTESIAN_POINT('',(0.0200601111210102,0.00694891553705698,0.0494658226913209));
#2042=CARTESIAN_POINT('',(0.0171817760617761,0.0075214519778011,0.0494658226913209));
#2043=CARTESIAN_POINT('',(0.0143034410025419,0.00694891553705698,0.0494658226913209));
#2044=CARTESIAN_POINT('',(0.0118633063639039,0.00531846969787213,0.0494658226913209));
#2045=CARTESIAN_POINT('',(0.0102328605247191,0.00287833505923412,0.0494658226913209));
#2046=CARTESIAN_POINT('',(0.00966032408397495,1.26165226621283E-18,0.0494658226913209));
#2047=CARTESIAN_POINT('',(0.0102328605247191,-0.00287833505923412,0.0494658226913209));
#2048=CARTESIAN_POINT('',(0.0118633063639039,-0.00531846969787213,0.0494658226913209));
#2049=CARTESIAN_POINT('',(0.0143034410025419,-0.00694891553705698,0.0494658226913209));
#2050=CARTESIAN_POINT('',(0.017181776061776,-0.0075214519778011,0.0494658226913209));
#2051=CARTESIAN_POINT('',(0.0200601111210102,-0.00694891553705698,0.049465822691321));
#2052=CARTESIAN_POINT('',(0.0225002457596482,-0.00531846969787213,0.0494658226913209));
#2053=CARTESIAN_POINT('',(0.024130691598833,-0.00287833505923411,0.049465822691321));
#2054=CARTESIAN_POINT('',(0.0247032280395772,-5.4752209710518E-18,0.0494658226913209));
#2055=CARTESIAN_POINT('',(0.024130691598833,0.00287833505923412,0.0494658226913209));
#2056=CARTESIAN_POINT('',(0.0239369188473702,-0.00279807175755985,0.0495383366942406));
#2057=CARTESIAN_POINT('',(0.0244934899247646,-5.42101086242752E-18,0.0495383366942406));
#2058=CARTESIAN_POINT('',(0.0239369188473702,0.00279807175755987,0.0495383366942406));
#2059=CARTESIAN_POINT('',(0.0223519385163909,0.00517016245461489,0.0495383366942406));
#2060=CARTESIAN_POINT('',(0.0199798478193359,0.00675514278559415,0.0495383366942406));
#2061=CARTESIAN_POINT('',(0.0171817760617761,0.00731171386298855,0.0495383366942406));
#2062=CARTESIAN_POINT('',(0.0143837043042162,0.00675514278559415,0.0495383366942406));
#2063=CARTESIAN_POINT('',(0.0120116136071612,0.00517016245461489,0.0495383366942406));
#2064=CARTESIAN_POINT('',(0.0104266332761819,0.00279807175755987,0.0495383366942406));
#2065=CARTESIAN_POINT('',(0.00987006219878751,9.68936208487465E-19,0.0495383366942406));
#2066=CARTESIAN_POINT('',(0.0104266332761819,-0.00279807175755987,0.0495383366942406));
#2067=CARTESIAN_POINT('',(0.0120116136071612,-0.00517016245461489,0.0495383366942406));
#2068=CARTESIAN_POINT('',(0.0143837043042162,-0.00675514278559415,0.0495383366942406));
#2069=CARTESIAN_POINT('',(0.0171817760617761,-0.00731171386298855,0.0495383366942406));
#2070=CARTESIAN_POINT('',(0.0199798478193359,-0.00675514278559416,0.0495383366942406));
#2071=CARTESIAN_POINT('',(0.0223519385163909,-0.00517016245461489,0.0495383366942406));
#2072=CARTESIAN_POINT('',(0.0239369188473702,-0.00279807175755985,0.0495383366942406));
#2073=CARTESIAN_POINT('',(0.0244934899247646,-5.42101086242752E-18,0.0495383366942406));
#2074=CARTESIAN_POINT('',(0.0239369188473702,0.00279807175755987,0.0495383366942406));
#2075=CARTESIAN_POINT('',(0.0171817760617761,0.,0.0495383366942406));
#2076=CARTESIAN_POINT('',(0.0243079662322998,0.,0.0495383366942406));
#2077=CARTESIAN_POINT('',(0.0171817760617761,0.,0.0495383366942406));
#2078=CARTESIAN_POINT('',(0.0171817760617761,0.,0.0495486466808069));
#2079=CARTESIAN_POINT('',(0.0225664915095095,0.,0.0495486466808069));
#2080=CARTESIAN_POINT('',(0.0171817760617761,0.,0.0495486466808069));
#2081=CARTESIAN_POINT('',(0.0171817760617761,0.,0.051043986141093));
#2082=CARTESIAN_POINT('',(0.0225753443108427,0.,0.051043986141093));
#2083=CARTESIAN_POINT('',(0.0222945113066193,-0.00211776427923697,0.051043986141093));
#2084=CARTESIAN_POINT('',(0.0227157608129543,-4.06575814682064E-18,0.051043986141093));
#2085=CARTESIAN_POINT('',(0.0222945113066192,0.00211776427923698,0.051043986141093));
#2086=CARTESIAN_POINT('',(0.0210948942063172,0.00391311814454112,0.051043986141093));
#2087=CARTESIAN_POINT('',(0.019299540341013,0.0051127352448432,0.051043986141093));
#2088=CARTESIAN_POINT('',(0.0171817760617761,0.0055339847511783,0.051043986141093));
#2089=CARTESIAN_POINT('',(0.0150640117825391,0.0051127352448432,0.051043986141093));
#2090=CARTESIAN_POINT('',(0.0132686579172349,0.00391311814454112,0.051043986141093));
#2091=CARTESIAN_POINT('',(0.0120690408169329,0.00211776427923698,0.051043986141093));
#2092=CARTESIAN_POINT('',(0.0116477913105978,7.0180650146959E-19,0.051043986141093));
#2093=CARTESIAN_POINT('',(0.0120690408169329,-0.00211776427923698,0.051043986141093));
#2094=CARTESIAN_POINT('',(0.0132686579172349,-0.00391311814454112,0.051043986141093));
#2095=CARTESIAN_POINT('',(0.0150640117825391,-0.0051127352448432,0.051043986141093));
#2096=CARTESIAN_POINT('',(0.0171817760617761,-0.0055339847511783,0.051043986141093));
#2097=CARTESIAN_POINT('',(0.019299540341013,-0.0051127352448432,0.051043986141093));
#2098=CARTESIAN_POINT('',(0.0210948942063172,-0.00391311814454112,0.051043986141093));
#2099=CARTESIAN_POINT('',(0.0222945113066193,-0.00211776427923697,0.051043986141093));
#2100=CARTESIAN_POINT('',(0.0227157608129543,-4.06575814682064E-18,0.051043986141093));
#2101=CARTESIAN_POINT('',(0.0222945113066192,0.00211776427923698,0.051043986141093));
#2102=CARTESIAN_POINT('',(0.0224460888697612,-0.00218054976164181,0.0510251164046453));
#2103=CARTESIAN_POINT('',(0.0228798271850385,-3.84891771232354E-18,0.0510251164046453));
#2104=CARTESIAN_POINT('',(0.0224460888697611,0.00218054976164182,0.0510251164046453));
#2105=CARTESIAN_POINT('',(0.0212109066505825,0.00402913058880648,0.0510251164046453));
#2106=CARTESIAN_POINT('',(0.0193623258234179,0.00526431280798509,0.0510251164046453));
#2107=CARTESIAN_POINT('',(0.017181776061776,0.00569805112326242,0.0510251164046453));
#2108=CARTESIAN_POINT('',(0.0150012263001342,0.00526431280798509,0.0510251164046453));
#2109=CARTESIAN_POINT('',(0.0131526454729696,0.00402913058880648,0.0510251164046453));
#2110=CARTESIAN_POINT('',(0.011917463253791,0.00218054976164182,0.0510251164046453));
#2111=CARTESIAN_POINT('',(0.0114837249385136,7.5389902772573E-19,0.0510251164046453));
#2112=CARTESIAN_POINT('',(0.011917463253791,-0.00218054976164182,0.0510251164046453));
#2113=CARTESIAN_POINT('',(0.0131526454729696,-0.00402913058880648,0.0510251164046453));
#2114=CARTESIAN_POINT('',(0.0150012263001342,-0.00526431280798509,0.0510251164046453));
#2115=CARTESIAN_POINT('',(0.017181776061776,-0.00569805112326242,0.0510251164046453));
#2116=CARTESIAN_POINT('',(0.0193623258234179,-0.0052643128079851,0.0510251164046453));
#2117=CARTESIAN_POINT('',(0.0212109066505825,-0.00402913058880648,0.0510251164046453));
#2118=CARTESIAN_POINT('',(0.0224460888697612,-0.00218054976164181,0.0510251164046453));
#2119=CARTESIAN_POINT('',(0.0228798271850385,-3.84891771232354E-18,0.0510251164046453));
#2120=CARTESIAN_POINT('',(0.0224460888697611,0.00218054976164182,0.0510251164046453));
#2121=CARTESIAN_POINT('',(0.0227038237709133,-0.0022873070531959,0.0509898144085286));
#2122=CARTESIAN_POINT('',(0.0231587974317887,-4.77048955893622E-18,0.0509898144085285));
#2123=CARTESIAN_POINT('',(0.0227038237709133,0.00228730705319592,0.0509898144085286));
#2124=CARTESIAN_POINT('',(0.0214081684038089,0.00422639234203283,0.0509898144085285));
#2125=CARTESIAN_POINT('',(0.019469083114972,0.00552204770913722,0.0509898144085286));
#2126=CARTESIAN_POINT('',(0.017181776061776,0.00597702137001261,0.0509898144085286));
#2127=CARTESIAN_POINT('',(0.0148944690085801,0.00552204770913722,0.0509898144085286));
#2128=CARTESIAN_POINT('',(0.0129553837197432,0.00422639234203283,0.0509898144085285));
#2129=CARTESIAN_POINT('',(0.0116597283526388,0.00228730705319592,0.0509898144085286));
#2130=CARTESIAN_POINT('',(0.0112047546917634,7.59573486727844E-19,0.0509898144085286));
#2131=CARTESIAN_POINT('',(0.0116597283526388,-0.00228730705319592,0.0509898144085286));
#2132=CARTESIAN_POINT('',(0.0129553837197432,-0.00422639234203283,0.0509898144085286));
#2133=CARTESIAN_POINT('',(0.0148944690085801,-0.00552204770913722,0.0509898144085286));
#2134=CARTESIAN_POINT('',(0.0171817760617761,-0.00597702137001261,0.0509898144085286));
#2135=CARTESIAN_POINT('',(0.019469083114972,-0.00552204770913722,0.0509898144085286));
#2136=CARTESIAN_POINT('',(0.0214081684038089,-0.00422639234203283,0.0509898144085286));
#2137=CARTESIAN_POINT('',(0.0227038237709133,-0.0022873070531959,0.0509898144085286));
#2138=CARTESIAN_POINT('',(0.0231587974317887,-4.77048955893622E-18,0.0509898144085285));
#2139=CARTESIAN_POINT('',(0.0227038237709133,0.00228730705319592,0.0509898144085286));
#2140=CARTESIAN_POINT('',(0.0230856190088962,-0.00244545181881789,0.0511368612400507));
#2141=CARTESIAN_POINT('',(0.0235720496194902,-4.55364912443912E-18,0.0511368612400506));
#2142=CARTESIAN_POINT('',(0.0230856190088962,0.00244545181881791,0.0511368612400506));
#2143=CARTESIAN_POINT('',(0.0217003818280728,0.00451860576629672,0.0511368612400506));
#2144=CARTESIAN_POINT('',(0.019627227880594,0.00590384294712014,0.0511368612400506));
#2145=CARTESIAN_POINT('',(0.0171817760617761,0.0063902735577141,0.0511368612400506));
#2146=CARTESIAN_POINT('',(0.0147363242429582,0.00590384294712014,0.0511368612400506));
#2147=CARTESIAN_POINT('',(0.0126631702954793,0.00451860576629672,0.0511368612400506));
#2148=CARTESIAN_POINT('',(0.0112779331146559,0.0024454518188179,0.0511368612400506));
#2149=CARTESIAN_POINT('',(0.010791502504062,1.33331919448442E-18,0.0511368612400506));
#2150=CARTESIAN_POINT('',(0.0112779331146559,-0.00244545181881791,0.0511368612400506));
#2151=CARTESIAN_POINT('',(0.0126631702954793,-0.00451860576629672,0.0511368612400506));
#2152=CARTESIAN_POINT('',(0.0147363242429582,-0.00590384294712014,0.0511368612400506));
#2153=CARTESIAN_POINT('',(0.0171817760617761,-0.0063902735577141,0.0511368612400506));
#2154=CARTESIAN_POINT('',(0.019627227880594,-0.00590384294712014,0.0511368612400506));
#2155=CARTESIAN_POINT('',(0.0217003818280728,-0.00451860576629672,0.0511368612400506));
#2156=CARTESIAN_POINT('',(0.0230856190088962,-0.00244545181881789,0.0511368612400507));
#2157=CARTESIAN_POINT('',(0.0235720496194902,-4.55364912443912E-18,0.0511368612400506));
#2158=CARTESIAN_POINT('',(0.0230856190088962,0.00244545181881791,0.0511368612400506));
#2159=CARTESIAN_POINT('',(0.0233622785607415,-0.00256004795735226,0.0514450227405958));
#2160=CARTESIAN_POINT('',(0.0238715037605439,-5.42101086242752E-18,0.0514450227405958));
#2161=CARTESIAN_POINT('',(0.0233622785607415,0.00256004795735228,0.0514450227405958));
#2162=CARTESIAN_POINT('',(0.0219121278818662,0.00473035182009019,0.0514450227405958));
#2163=CARTESIAN_POINT('',(0.0197418240191283,0.00618050249896541,0.0514450227405958));
#2164=CARTESIAN_POINT('',(0.017181776061776,0.00668972769876781,0.0514450227405958));
#2165=CARTESIAN_POINT('',(0.0146217281044238,0.00618050249896541,0.0514450227405958));
#2166=CARTESIAN_POINT('',(0.0124514242416859,0.00473035182009019,0.0514450227405958));
#2167=CARTESIAN_POINT('',(0.0110012735628106,0.00256004795735228,0.0514450227405958));
#2168=CARTESIAN_POINT('',(0.0104920483630082,7.15087713384742E-19,0.0514450227405958));
#2169=CARTESIAN_POINT('',(0.0110012735628106,-0.00256004795735228,0.0514450227405958));
#2170=CARTESIAN_POINT('',(0.0124514242416859,-0.00473035182009019,0.0514450227405958));
#2171=CARTESIAN_POINT('',(0.0146217281044238,-0.00618050249896541,0.0514450227405958));
#2172=CARTESIAN_POINT('',(0.017181776061776,-0.00668972769876781,0.0514450227405958));
#2173=CARTESIAN_POINT('',(0.0197418240191283,-0.00618050249896541,0.0514450227405958));
#2174=CARTESIAN_POINT('',(0.0219121278818663,-0.00473035182009019,0.0514450227405958));
#2175=CARTESIAN_POINT('',(0.0233622785607415,-0.00256004795735226,0.0514450227405958));
#2176=CARTESIAN_POINT('',(0.0238715037605439,-5.42101086242752E-18,0.0514450227405958));
#2177=CARTESIAN_POINT('',(0.0233622785607415,0.00256004795735228,0.0514450227405958));
#2178=CARTESIAN_POINT('',(0.0234526837364353,-0.00259749500723335,0.0518826045702781));
#2179=CARTESIAN_POINT('',(0.0239693576175809,-4.55364912443912E-18,0.051882604570278));
#2180=CARTESIAN_POINT('',(0.0234526837364353,0.00259749500723337,0.051882604570278));
#2181=CARTESIAN_POINT('',(0.0219813210077424,0.00479954494596633,0.051882604570278));
#2182=CARTESIAN_POINT('',(0.0197792710690094,0.0062709076746592,0.051882604570278));
#2183=CARTESIAN_POINT('',(0.0171817760617761,0.00678758155580483,0.051882604570278));
#2184=CARTESIAN_POINT('',(0.0145842810545427,0.0062709076746592,0.051882604570278));
#2185=CARTESIAN_POINT('',(0.0123822311158097,0.00479954494596633,0.051882604570278));
#2186=CARTESIAN_POINT('',(0.0109108683871169,0.00259749500723337,0.051882604570278));
#2187=CARTESIAN_POINT('',(0.0103941945059712,1.81764667802402E-19,0.051882604570278));
#2188=CARTESIAN_POINT('',(0.0109108683871169,-0.00259749500723336,0.0518826045702781));
#2189=CARTESIAN_POINT('',(0.0123822311158097,-0.00479954494596633,0.051882604570278));
#2190=CARTESIAN_POINT('',(0.0145842810545427,-0.00627090767465919,0.051882604570278));
#2191=CARTESIAN_POINT('',(0.0171817760617761,-0.00678758155580483,0.051882604570278));
#2192=CARTESIAN_POINT('',(0.0197792710690094,-0.0062709076746592,0.0518826045702781));
#2193=CARTESIAN_POINT('',(0.0219813210077424,-0.00479954494596633,0.051882604570278));
#2194=CARTESIAN_POINT('',(0.0234526837364353,-0.00259749500723335,0.0518826045702781));
#2195=CARTESIAN_POINT('',(0.0239693576175809,-4.55364912443912E-18,0.051882604570278));
#2196=CARTESIAN_POINT('',(0.0234526837364353,0.00259749500723337,0.051882604570278));
#2197=CARTESIAN_POINT('',(0.0233290020079587,-0.00254626435788063,0.0522637518667068));
#2198=CARTESIAN_POINT('',(0.0238354854793592,-5.0415401020576E-18,0.0522637518667068));
#2199=CARTESIAN_POINT('',(0.0233290020079587,0.00254626435788064,0.0522637518667068));
#2200=CARTESIAN_POINT('',(0.0218866591109939,0.00470488304921784,0.0522637518667068));
#2201=CARTESIAN_POINT('',(0.0197280404196567,0.00614722594618267,0.0522637518667068));
#2202=CARTESIAN_POINT('',(0.017181776061776,0.00665370941758315,0.0522637518667068));
#2203=CARTESIAN_POINT('',(0.0146355117038954,0.00614722594618267,0.0522637518667068));
#2204=CARTESIAN_POINT('',(0.0124768930125582,0.00470488304921784,0.0522637518667068));
#2205=CARTESIAN_POINT('',(0.0110345501155934,0.00254626435788064,0.0522637518667068));
#2206=CARTESIAN_POINT('',(0.0105280666441929,9.81820373708591E-19,0.0522637518667068));
#2207=CARTESIAN_POINT('',(0.0110345501155934,-0.00254626435788064,0.0522637518667068));
#2208=CARTESIAN_POINT('',(0.0124768930125582,-0.00470488304921784,0.0522637518667068));
#2209=CARTESIAN_POINT('',(0.0146355117038954,-0.00614722594618267,0.0522637518667068));
#2210=CARTESIAN_POINT('',(0.0171817760617761,-0.00665370941758315,0.0522637518667068));
#2211=CARTESIAN_POINT('',(0.0197280404196567,-0.00614722594618267,0.0522637518667068));
#2212=CARTESIAN_POINT('',(0.0218866591109939,-0.00470488304921784,0.0522637518667068));
#2213=CARTESIAN_POINT('',(0.0233290020079587,-0.00254626435788063,0.0522637518667068));
#2214=CARTESIAN_POINT('',(0.0238354854793592,-5.0415401020576E-18,0.0522637518667068));
#2215=CARTESIAN_POINT('',(0.0233290020079587,0.00254626435788064,0.0522637518667068));
#2216=CARTESIAN_POINT('',(0.0230320679293239,-0.00242327023537931,0.0525119390113816));
#2217=CARTESIAN_POINT('',(0.0235140863486438,-4.66206934168767E-18,0.0525119390113816));
#2218=CARTESIAN_POINT('',(0.0230320679293239,0.00242327023537932,0.0525119390113816));
#2219=CARTESIAN_POINT('',(0.0216593956061976,0.00447761954442153,0.0525119390113816));
#2220=CARTESIAN_POINT('',(0.0196050462971554,0.0058502918675478,0.0525119390113816));
#2221=CARTESIAN_POINT('',(0.0171817760617761,0.00633231028686776,0.0525119390113816));
#2222=CARTESIAN_POINT('',(0.0147585058263967,0.00585029186754781,0.0525119390113816));
#2223=CARTESIAN_POINT('',(0.0127041565173545,0.00447761954442153,0.0525119390113816));
#2224=CARTESIAN_POINT('',(0.0113314841942283,0.00242327023537932,0.0525119390113816));
#2225=CARTESIAN_POINT('',(0.0108494657749083,4.80317311929941E-19,0.0525119390113816));
#2226=CARTESIAN_POINT('',(0.0113314841942282,-0.00242327023537932,0.0525119390113816));
#2227=CARTESIAN_POINT('',(0.0127041565173545,-0.00447761954442153,0.0525119390113816));
#2228=CARTESIAN_POINT('',(0.0147585058263967,-0.0058502918675478,0.0525119390113816));
#2229=CARTESIAN_POINT('',(0.0171817760617761,-0.00633231028686776,0.0525119390113816));
#2230=CARTESIAN_POINT('',(0.0196050462971554,-0.00585029186754781,0.0525119390113816));
#2231=CARTESIAN_POINT('',(0.0216593956061976,-0.00447761954442153,0.0525119390113816));
#2232=CARTESIAN_POINT('',(0.0230320679293239,-0.00242327023537931,0.0525119390113816));
#2233=CARTESIAN_POINT('',(0.0235140863486438,-4.66206934168767E-18,0.0525119390113816));
#2234=CARTESIAN_POINT('',(0.0230320679293239,0.00242327023537932,0.0525119390113816));
#2235=CARTESIAN_POINT('',(0.0226456162683825,-0.00226319671621578,0.0526455621988834));
#2236=CARTESIAN_POINT('',(0.0230957940850508,-4.33680868994202E-18,0.0526455621988834));
#2237=CARTESIAN_POINT('',(0.0226456162683825,0.00226319671621579,0.0526455621988834));
#2238=CARTESIAN_POINT('',(0.0213636183100931,0.00418184224831705,0.0526455621988834));
#2239=CARTESIAN_POINT('',(0.0194449727779919,0.00546384020660642,0.0526455621988834));
#2240=CARTESIAN_POINT('',(0.017181776061776,0.00591401802327478,0.0526455621988834));
#2241=CARTESIAN_POINT('',(0.0149185793455603,0.00546384020660642,0.0526455621988834));
#2242=CARTESIAN_POINT('',(0.012999933813459,0.00418184224831706,0.0526455621988834));
#2243=CARTESIAN_POINT('',(0.0117179358551696,0.00226319671621579,0.0526455621988834));
#2244=CARTESIAN_POINT('',(0.0112677580385013,1.32919983503391E-18,0.0526455621988834));
#2245=CARTESIAN_POINT('',(0.0117179358551696,-0.00226319671621579,0.0526455621988834));
#2246=CARTESIAN_POINT('',(0.012999933813459,-0.00418184224831705,0.0526455621988834));
#2247=CARTESIAN_POINT('',(0.0149185793455603,-0.00546384020660642,0.0526455621988834));
#2248=CARTESIAN_POINT('',(0.0171817760617761,-0.00591401802327477,0.0526455621988834));
#2249=CARTESIAN_POINT('',(0.0194449727779919,-0.00546384020660643,0.0526455621988834));
#2250=CARTESIAN_POINT('',(0.0213636183100931,-0.00418184224831705,0.0526455621988834));
#2251=CARTESIAN_POINT('',(0.0226456162683825,-0.00226319671621578,0.0526455621988834));
#2252=CARTESIAN_POINT('',(0.0230957940850508,-4.33680868994202E-18,0.0526455621988834));
#2253=CARTESIAN_POINT('',(0.0226456162683825,0.00226319671621579,0.0526455621988834));
#2254=CARTESIAN_POINT('',(0.0224244466035584,-0.00217158524146013,0.0526430449415774));
#2255=CARTESIAN_POINT('',(0.0228564017649039,-4.49943901581484E-18,0.0526430449415774));
#2256=CARTESIAN_POINT('',(0.0224244466035584,0.00217158524146014,0.0526430449415774));
#2257=CARTESIAN_POINT('',(0.0211943423771533,0.00401256631537721,0.0526430449415774));
#2258=CARTESIAN_POINT('',(0.0193533613032362,0.00524267054178232,0.0526430449415774));
#2259=CARTESIAN_POINT('',(0.0171817760617761,0.00567462570312789,0.0526430449415774));
#2260=CARTESIAN_POINT('',(0.0150101908203159,0.00524267054178232,0.0526430449415774));
#2261=CARTESIAN_POINT('',(0.0131692097463988,0.00401256631537721,0.0526430449415774));
#2262=CARTESIAN_POINT('',(0.0119391055199937,0.00217158524146014,0.0526430449415774));
#2263=CARTESIAN_POINT('',(0.0115071503586482,2.04998516847792E-19,0.0526430449415774));
#2264=CARTESIAN_POINT('',(0.0119391055199937,-0.00217158524146014,0.0526430449415774));
#2265=CARTESIAN_POINT('',(0.0131692097463988,-0.00401256631537721,0.0526430449415774));
#2266=CARTESIAN_POINT('',(0.0150101908203159,-0.00524267054178232,0.0526430449415774));
#2267=CARTESIAN_POINT('',(0.0171817760617761,-0.00567462570312789,0.0526430449415774));
#2268=CARTESIAN_POINT('',(0.0193533613032362,-0.00524267054178232,0.0526430449415774));
#2269=CARTESIAN_POINT('',(0.0211943423771533,-0.00401256631537721,0.0526430449415774));
#2270=CARTESIAN_POINT('',(0.0224244466035584,-0.00217158524146013,0.0526430449415774));
#2271=CARTESIAN_POINT('',(0.0228564017649039,-4.49943901581484E-18,0.0526430449415774));
#2272=CARTESIAN_POINT('',(0.0224244466035584,0.00217158524146014,0.0526430449415774));
#2273=CARTESIAN_POINT('',(0.0222945113066193,-0.00211776427923697,0.0526417940855026));
#2274=CARTESIAN_POINT('',(0.0227157608129543,-4.17417836406919E-18,0.0526417940855026));
#2275=CARTESIAN_POINT('',(0.0222945113066193,0.00211776427923698,0.0526417940855026));
#2276=CARTESIAN_POINT('',(0.0210948942063172,0.00391311814454112,0.0526417940855026));
#2277=CARTESIAN_POINT('',(0.019299540341013,0.0051127352448432,0.0526417940855026));
#2278=CARTESIAN_POINT('',(0.0171817760617761,0.0055339847511783,0.0526417940855026));
#2279=CARTESIAN_POINT('',(0.0150640117825391,0.0051127352448432,0.0526417940855026));
#2280=CARTESIAN_POINT('',(0.0132686579172349,0.00391311814454112,0.0526417940855026));
#2281=CARTESIAN_POINT('',(0.0120690408169329,0.00211776427923698,0.0526417940855026));
#2282=CARTESIAN_POINT('',(0.0116477913105978,6.14658060853454E-19,0.0526417940855026));
#2283=CARTESIAN_POINT('',(0.0120690408169329,-0.00211776427923698,0.0526417940855026));
#2284=CARTESIAN_POINT('',(0.0132686579172349,-0.00391311814454112,0.0526417940855026));
#2285=CARTESIAN_POINT('',(0.0150640117825391,-0.0051127352448432,0.0526417940855026));
#2286=CARTESIAN_POINT('',(0.0171817760617761,-0.0055339847511783,0.0526417940855026));
#2287=CARTESIAN_POINT('',(0.019299540341013,-0.0051127352448432,0.0526417940855026));
#2288=CARTESIAN_POINT('',(0.0210948942063172,-0.00391311814454112,0.0526417940855026));
#2289=CARTESIAN_POINT('',(0.0222945113066193,-0.00211776427923697,0.0526417940855026));
#2290=CARTESIAN_POINT('',(0.0227157608129543,-4.17417836406919E-18,0.0526417940855026));
#2291=CARTESIAN_POINT('',(0.0222945113066193,0.00211776427923698,0.0526417940855026));
#2292=CARTESIAN_POINT('',(0.0171817760617761,0.,0.0526417940855026));
#2293=CARTESIAN_POINT('',(0.0225753443108427,0.,0.0526417940855026));
#2294=CARTESIAN_POINT('',(0.0171817760617761,0.,0.0526417940855026));
#2295=CARTESIAN_POINT('',(0.0171817760617761,0.,0.0616034273308016));
#2296=CARTESIAN_POINT('',(0.0264656317311609,0.,0.0616034273308016));
#2297=CARTESIAN_POINT('',(0.0171817760617761,0.,0.0616034273308016));
#2298=CARTESIAN_POINT('',(0.0171817760617761,0.,0.0646421786612141));
#2299=CARTESIAN_POINT('',(0.0194655898307623,0.,0.0646421786612141));
#2300=CARTESIAN_POINT('',(0.0189713990802403,-0.00178962301846426,0.0646421786612141));
#2301=CARTESIAN_POINT('',(0.0197126852060233,-5.96311194867027E-19,0.0646421786612141));
#2302=CARTESIAN_POINT('',(0.0189713990802403,0.00178962301846427,0.0646421786612141));
#2303=CARTESIAN_POINT('',(0.0171817760617761,0.00253090914424724,0.0646421786612141));
#2304=CARTESIAN_POINT('',(0.0153921530433118,0.00178962301846427,0.0646421786612141));
#2305=CARTESIAN_POINT('',(0.0146508669175288,2.31239994600424E-19,0.0646421786612141));
#2306=CARTESIAN_POINT('',(0.0153921530433118,-0.00178962301846427,0.0646421786612141));
#2307=CARTESIAN_POINT('',(0.0171817760617761,-0.00253090914424724,0.0646421786612141));
#2308=CARTESIAN_POINT('',(0.0189713990802403,-0.00178962301846426,0.0646421786612141));
#2309=CARTESIAN_POINT('',(0.0197126852060233,-5.96311194867027E-19,0.0646421786612141));
#2310=CARTESIAN_POINT('',(0.0189713990802403,0.00178962301846427,0.0646421786612141));
#2311=CARTESIAN_POINT('',(0.0190702748435683,-0.00188849878179228,0.0646179438286348));
#2312=CARTESIAN_POINT('',(0.0198525166515118,-3.25260651745651E-19,0.0646179438286348));
#2313=CARTESIAN_POINT('',(0.0190702748435683,0.00188849878179228,0.0646179438286348));
#2314=CARTESIAN_POINT('',(0.017181776061776,0.00267074058973572,0.0646179438286348));
#2315=CARTESIAN_POINT('',(0.0152932772799838,0.00188849878179228,0.0646179438286348));
#2316=CARTESIAN_POINT('',(0.0145110354720403,3.55330321373179E-19,0.0646179438286348));
#2317=CARTESIAN_POINT('',(0.0152932772799838,-0.00188849878179228,0.0646179438286348));
#2318=CARTESIAN_POINT('',(0.017181776061776,-0.00267074058973572,0.0646179438286348));
#2319=CARTESIAN_POINT('',(0.0190702748435683,-0.00188849878179228,0.0646179438286348));
#2320=CARTESIAN_POINT('',(0.0198525166515118,-3.25260651745651E-19,0.0646179438286348));
#2321=CARTESIAN_POINT('',(0.0190702748435683,0.00188849878179228,0.0646179438286348));
#2322=CARTESIAN_POINT('',(0.0192203840040022,-0.0020386079422261,0.0645791556462006));
#2323=CARTESIAN_POINT('',(0.0200648030620337,-8.13151629364128E-19,0.0645791556462006));
#2324=CARTESIAN_POINT('',(0.0192203840040022,0.00203860794222611,0.0645791556462006));
#2325=CARTESIAN_POINT('',(0.017181776061776,0.00288302700025767,0.0645791556462006));
#2326=CARTESIAN_POINT('',(0.0151431681195499,0.00203860794222611,0.0645791556462006));
#2327=CARTESIAN_POINT('',(0.0142987490615184,4.48927462044779E-19,0.0645791556462006));
#2328=CARTESIAN_POINT('',(0.0151431681195499,-0.00203860794222611,0.0645791556462006));
#2329=CARTESIAN_POINT('',(0.0171817760617761,-0.00288302700025767,0.0645791556462006));
#2330=CARTESIAN_POINT('',(0.0192203840040022,-0.0020386079422261,0.0645791556462006));
#2331=CARTESIAN_POINT('',(0.0200648030620337,-8.13151629364128E-19,0.0645791556462006));
#2332=CARTESIAN_POINT('',(0.0192203840040022,0.00203860794222611,0.0645791556462006));
#2333=CARTESIAN_POINT('',(0.0194246868445631,-0.00224291078278709,0.0647207252579612));
#2334=CARTESIAN_POINT('',(0.0203537309099864,-5.96311194867027E-19,0.0647207252579611));
#2335=CARTESIAN_POINT('',(0.0194246868445631,0.00224291078278709,0.0647207252579612));
#2336=CARTESIAN_POINT('',(0.017181776061776,0.00317195484821036,0.0647207252579611));
#2337=CARTESIAN_POINT('',(0.014938865278989,0.00224291078278709,0.0647207252579611));
#2338=CARTESIAN_POINT('',(0.0140098212135657,2.6003911480707E-19,0.0647207252579611));
#2339=CARTESIAN_POINT('',(0.014938865278989,-0.00224291078278709,0.0647207252579612));
#2340=CARTESIAN_POINT('',(0.017181776061776,-0.00317195484821036,0.0647207252579611));
#2341=CARTESIAN_POINT('',(0.0194246868445631,-0.00224291078278709,0.0647207252579612));
#2342=CARTESIAN_POINT('',(0.0203537309099864,-5.96311194867027E-19,0.0647207252579611));
#2343=CARTESIAN_POINT('',(0.0194246868445631,0.00224291078278709,0.0647207252579612));
#2344=CARTESIAN_POINT('',(0.0195680800437291,-0.00238630398195301,0.0649072690545442));
#2345=CARTESIAN_POINT('',(0.0205565195169989,-2.71050543121376E-19,0.0649072690545442));
#2346=CARTESIAN_POINT('',(0.0195680800437291,0.00238630398195301,0.0649072690545442));
#2347=CARTESIAN_POINT('',(0.0171817760617761,0.00337474345522288,0.0649072690545442));
#2348=CARTESIAN_POINT('',(0.014795472079823,0.00238630398195302,0.0649072690545442));
#2349=CARTESIAN_POINT('',(0.0138070326065532,5.43795152137261E-19,0.0649072690545442));
#2350=CARTESIAN_POINT('',(0.014795472079823,-0.00238630398195302,0.0649072690545442));
#2351=CARTESIAN_POINT('',(0.0171817760617761,-0.00337474345522288,0.0649072690545442));
#2352=CARTESIAN_POINT('',(0.0195680800437291,-0.00238630398195301,0.0649072690545442));
#2353=CARTESIAN_POINT('',(0.0205565195169989,-2.71050543121376E-19,0.0649072690545442));
#2354=CARTESIAN_POINT('',(0.0195680800437291,0.00238630398195301,0.0649072690545442));
#2355=CARTESIAN_POINT('',(0.0196862028415681,-0.00250442677979208,0.0651387906185807));
#2356=CARTESIAN_POINT('',(0.0207235703797284,-7.58941520739853E-19,0.0651387906185807));
#2357=CARTESIAN_POINT('',(0.0196862028415681,0.00250442677979208,0.0651387906185807));
#2358=CARTESIAN_POINT('',(0.0171817760617761,0.00354179431795234,0.0651387906185807));
#2359=CARTESIAN_POINT('',(0.014677349281984,0.00250442677979208,0.0651387906185807));
#2360=CARTESIAN_POINT('',(0.0136399817438237,2.49027686492764E-19,0.0651387906185807));
#2361=CARTESIAN_POINT('',(0.014677349281984,-0.00250442677979208,0.0651387906185807));
#2362=CARTESIAN_POINT('',(0.0171817760617761,-0.00354179431795234,0.0651387906185807));
#2363=CARTESIAN_POINT('',(0.0196862028415681,-0.00250442677979208,0.0651387906185807));
#2364=CARTESIAN_POINT('',(0.0207235703797284,-7.58941520739853E-19,0.0651387906185807));
#2365=CARTESIAN_POINT('',(0.0196862028415681,0.00250442677979208,0.0651387906185807));
#2366=CARTESIAN_POINT('',(0.0197909352003754,-0.00260915913859939,0.0654678922217336));
#2367=CARTESIAN_POINT('',(0.020871684301973,-3.25260651745651E-19,0.0654678922217336));
#2368=CARTESIAN_POINT('',(0.0197909352003754,0.00260915913859939,0.0654678922217336));
#2369=CARTESIAN_POINT('',(0.017181776061776,0.00368990824019696,0.0654678922217336));
#2370=CARTESIAN_POINT('',(0.0145726169231767,0.00260915913859939,0.0654678922217336));
#2371=CARTESIAN_POINT('',(0.0134918678215791,1.64324391767334E-19,0.0654678922217336));
#2372=CARTESIAN_POINT('',(0.0145726169231767,-0.00260915913859939,0.0654678922217336));
#2373=CARTESIAN_POINT('',(0.017181776061776,-0.00368990824019696,0.0654678922217336));
#2374=CARTESIAN_POINT('',(0.0197909352003754,-0.00260915913859939,0.0654678922217336));
#2375=CARTESIAN_POINT('',(0.020871684301973,-3.25260651745651E-19,0.0654678922217336));
#2376=CARTESIAN_POINT('',(0.0197909352003754,0.00260915913859939,0.0654678922217336));
#2377=CARTESIAN_POINT('',(0.019818075115267,-0.00263629905349093,0.065732866362335));
#2378=CARTESIAN_POINT('',(0.0209100659376943,-9.21571846612679E-19,0.065732866362335));
#2379=CARTESIAN_POINT('',(0.019818075115267,0.00263629905349094,0.065732866362335));
#2380=CARTESIAN_POINT('',(0.0171817760617761,0.00372828987591824,0.0657328663623351));
#2381=CARTESIAN_POINT('',(0.0145454770082851,0.00263629905349094,0.065732866362335));
#2382=CARTESIAN_POINT('',(0.0134534861858578,9.32583274926985E-19,0.0657328663623351));
#2383=CARTESIAN_POINT('',(0.0145454770082851,-0.00263629905349094,0.065732866362335));
#2384=CARTESIAN_POINT('',(0.0171817760617761,-0.00372828987591824,0.065732866362335));
#2385=CARTESIAN_POINT('',(0.019818075115267,-0.00263629905349093,0.065732866362335));
#2386=CARTESIAN_POINT('',(0.0209100659376943,-9.21571846612679E-19,0.065732866362335));
#2387=CARTESIAN_POINT('',(0.019818075115267,0.00263629905349094,0.065732866362335));
#2388=CARTESIAN_POINT('',(0.0198203523676526,-0.00263857630587655,0.0659135620817584));
#2389=CARTESIAN_POINT('',(0.020913286458903,-7.58941520739853E-19,0.0659135620817584));
#2390=CARTESIAN_POINT('',(0.0198203523676526,0.00263857630587655,0.0659135620817584));
#2391=CARTESIAN_POINT('',(0.0171817760617761,0.00373151039712692,0.0659135620817584));
#2392=CARTESIAN_POINT('',(0.0145431997558995,0.00263857630587655,0.0659135620817584));
#2393=CARTESIAN_POINT('',(0.0134502656646491,5.54806580451567E-19,0.0659135620817584));
#2394=CARTESIAN_POINT('',(0.0145431997558995,-0.00263857630587655,0.0659135620817584));
#2395=CARTESIAN_POINT('',(0.017181776061776,-0.00373151039712692,0.0659135620817584));
#2396=CARTESIAN_POINT('',(0.0198203523676526,-0.00263857630587655,0.0659135620817584));
#2397=CARTESIAN_POINT('',(0.020913286458903,-7.58941520739853E-19,0.0659135620817584));
#2398=CARTESIAN_POINT('',(0.0198203523676526,0.00263857630587655,0.0659135620817584));
#2399=CARTESIAN_POINT('',(0.0171817760617761,0.,0.0659135620817584));
#2400=CARTESIAN_POINT('',(0.0205489750951528,0.,0.0659135620817584));
#2401=CARTESIAN_POINT('',(0.0171817760617761,0.,0.0659135620817584));
#2402=CARTESIAN_POINT('',(0.0171817760617761,0.,0.0665058940649033));
#2403=CARTESIAN_POINT('',(0.0204019993543625,0.,0.0665058940649033));
#2404=CARTESIAN_POINT('',(0.0171817760617761,0.,0.0669505074620247));
#2405=CARTESIAN_POINT('',(0.0171817760617761,0.,0.0669505074620247));
#2406=CARTESIAN_POINT('',(0.0201320517808199,0.,0.0669505074620247));
#2407=CARTESIAN_POINT('',(0.0171817760617761,0.,0.0672620335076995));
#2408=CARTESIAN_POINT('',(0.0171817760617761,0.,0.0672620335076995));
#2409=CARTESIAN_POINT('',(0.0196359422295315,0.,0.0672620335076995));
#2410=CARTESIAN_POINT('',(0.0171817760617761,0.,0.0672147434505069));
#2411=CARTESIAN_POINT('',(0.0171817760617761,0.,0.0672147434505069));
#2412=CARTESIAN_POINT('',(0.0186765501326784,0.,0.0672147434505069));
#2413=CARTESIAN_POINT('',(0.0171817760617761,0.,0.0672147434505069));
#2414=CARTESIAN_POINT('',(0.0171817760617761,0.,0.0679359550186389));
#2415=CARTESIAN_POINT('',(0.0205573123463066,0.,0.0679359550186389));
#2416=CARTESIAN_POINT('',(0.0171817760617761,0.,0.0679359550186389));
#2417=CARTESIAN_POINT('',(0.0171817760617761,0.,0.0696370303630829));
#2418=CARTESIAN_POINT('',(0.0186877958476543,0.,0.0696370303630829));
#2419=CARTESIAN_POINT('',(0.0196983451023698,0.,0.0696370303630829));
#2420=CARTESIAN_POINT('',(0.0171817760617761,0.,0.0696370303630829));
#2421=CARTESIAN_POINT('',(0.0207088943570852,0.,0.0696370303630829));
#2422=CARTESIAN_POINT('',(0.0171817760617761,0.,0.0380291417241096));
#2423=CARTESIAN_POINT('',(0.0171817760617761,0.,0.0716749802231789));
#2424=CARTESIAN_POINT('',(0.0207088943570852,0.,0.0716749802231789));
#2425=CARTESIAN_POINT('',(0.0171817760617761,0.,0.0716749802231789));
#2426=CARTESIAN_POINT('',(0.0171817760617761,0.,0.0715009346604347));
#2427=CARTESIAN_POINT('',(0.0188000779598951,0.,0.0715009346604347));
#2428=CARTESIAN_POINT('',(0.0171817760617761,0.,0.0715009346604347));
#2429=CARTESIAN_POINT('',(0.0171817760617761,0.,0.0732469409704208));
#2430=CARTESIAN_POINT('',(0.0203945022076368,0.,0.0732469409704208));
#2431=CARTESIAN_POINT('',(0.0171817760617761,0.,0.0736250355839729));
#2432=CARTESIAN_POINT('',(0.0171817760617761,0.,0.0736250355839729));
#2433=CARTESIAN_POINT('',(0.0196957271546125,0.,0.0736250355839729));
#2434=CARTESIAN_POINT('',(0.0171817760617761,0.,0.0740101039409638));
#2435=CARTESIAN_POINT('',(0.0171817760617761,0.,0.0740101039409638));
#2436=CARTESIAN_POINT('',(0.0184690561145544,0.,0.0740101039409638));
#2437=CARTESIAN_POINT('',(0.0171817760617761,0.,0.0740778805950283));
#2438=CARTESIAN_POINT('',(0.0171817760617761,0.,0.0740778805950283));
#2439=CARTESIAN_POINT('',(0.0175104821160009,0.,0.0740778805950283));
#2440=CARTESIAN_POINT('',(0.0171817760617761,0.,0.0740778805950283));
#2441=CARTESIAN_POINT('',(0.0171817760617761,0.,0.0744815841317177));
#2442=CARTESIAN_POINT('',(0.0175104196316081,0.,0.0744815841317177));
#2443=CARTESIAN_POINT('',(0.0174393049835422,-0.000257528921766183,0.0744815841317177));
#2444=CARTESIAN_POINT('',(0.0175459769556411,-5.42101086242752E-20,0.0744815841317177));
#2445=CARTESIAN_POINT('',(0.0174393049835422,0.000257528921766183,0.0744815841317177));
#2446=CARTESIAN_POINT('',(0.0171817760617761,0.000364200893865056,0.0744815841317177));
#2447=CARTESIAN_POINT('',(0.0169242471400099,0.000257528921766183,0.0744815841317177));
#2448=CARTESIAN_POINT('',(0.016817575167911,5.65394492292245E-20,0.0744815841317177));
#2449=CARTESIAN_POINT('',(0.0169242471400099,-0.000257528921766183,0.0744815841317177));
#2450=CARTESIAN_POINT('',(0.0171817760617761,-0.000364200893865056,0.0744815841317177));
#2451=CARTESIAN_POINT('',(0.0174393049835422,-0.000257528921766183,0.0744815841317177));
#2452=CARTESIAN_POINT('',(0.0175459769556411,-5.42101086242752E-20,0.0744815841317177));
#2453=CARTESIAN_POINT('',(0.0174393049835422,0.000257528921766183,0.0744815841317177));
#2454=CARTESIAN_POINT('',(0.0175692760456083,-0.000387499983832218,0.0744737772365366));
#2455=CARTESIAN_POINT('',(0.0177297837943309,-1.01643953670516E-19,0.0744737772365366));
#2456=CARTESIAN_POINT('',(0.0175692760456083,0.000387499983832219,0.0744737772365366));
#2457=CARTESIAN_POINT('',(0.017181776061776,0.000548007732554879,0.0744737772365366));
#2458=CARTESIAN_POINT('',(0.0167942760779438,0.000387499983832219,0.0744737772365366));
#2459=CARTESIAN_POINT('',(0.0166337683292212,3.84341199816639E-20,0.0744737772365366));
#2460=CARTESIAN_POINT('',(0.0167942760779438,-0.000387499983832219,0.0744737772365367));
#2461=CARTESIAN_POINT('',(0.017181776061776,-0.000548007732554879,0.0744737772365366));
#2462=CARTESIAN_POINT('',(0.0175692760456083,-0.000387499983832218,0.0744737772365366));
#2463=CARTESIAN_POINT('',(0.0177297837943309,-1.01643953670516E-19,0.0744737772365366));
#2464=CARTESIAN_POINT('',(0.0175692760456083,0.000387499983832219,0.0744737772365366));
#2465=CARTESIAN_POINT('',(0.0177867850614757,-0.000605008999699615,0.0744219592844219));
#2466=CARTESIAN_POINT('',(0.018037387994509,-1.76182853028894E-19,0.0744219592844219));
#2467=CARTESIAN_POINT('',(0.0177867850614757,0.000605008999699616,0.0744219592844219));
#2468=CARTESIAN_POINT('',(0.017181776061776,0.000855611932732977,0.0744219592844219));
#2469=CARTESIAN_POINT('',(0.0165767670620764,0.000605008999699616,0.0744219592844219));
#2470=CARTESIAN_POINT('',(0.0163261641290431,1.58818677610181E-19,0.0744219592844219));
#2471=CARTESIAN_POINT('',(0.0165767670620764,-0.000605008999699616,0.0744219592844219));
#2472=CARTESIAN_POINT('',(0.0171817760617761,-0.000855611932732977,0.0744219592844219));
#2473=CARTESIAN_POINT('',(0.0177867850614757,-0.000605008999699615,0.0744219592844219));
#2474=CARTESIAN_POINT('',(0.018037387994509,-1.76182853028894E-19,0.0744219592844219));
#2475=CARTESIAN_POINT('',(0.0177867850614757,0.000605008999699616,0.0744219592844219));
#2476=CARTESIAN_POINT('',(0.0180866134842264,-0.000904837422450316,0.0745377099224767));
#2477=CARTESIAN_POINT('',(0.018461409416348,-1.62630325872826E-19,0.0745377099224767));
#2478=CARTESIAN_POINT('',(0.0180866134842264,0.000904837422450316,0.0745377099224767));
#2479=CARTESIAN_POINT('',(0.0171817760617761,0.00127963335457195,0.0745377099224767));
#2480=CARTESIAN_POINT('',(0.0162769386393257,0.000904837422450317,0.0745377099224767));
#2481=CARTESIAN_POINT('',(0.0159021427072041,1.09902524906245E-19,0.0745377099224767));
#2482=CARTESIAN_POINT('',(0.0162769386393257,-0.000904837422450316,0.0745377099224767));
#2483=CARTESIAN_POINT('',(0.0171817760617761,-0.00127963335457195,0.0745377099224767));
#2484=CARTESIAN_POINT('',(0.0180866134842264,-0.000904837422450316,0.0745377099224767));
#2485=CARTESIAN_POINT('',(0.018461409416348,-1.62630325872826E-19,0.0745377099224767));
#2486=CARTESIAN_POINT('',(0.0180866134842264,0.000904837422450316,0.0745377099224767));
#2487=CARTESIAN_POINT('',(0.0182942896149348,-0.00111251355315877,0.074851552553608));
#2488=CARTESIAN_POINT('',(0.0187551078169771,-2.98155597433514E-19,0.074851552553608));
#2489=CARTESIAN_POINT('',(0.0182942896149348,0.00111251355315877,0.0748515525536081));
#2490=CARTESIAN_POINT('',(0.017181776061776,0.00157333175520102,0.074851552553608));
#2491=CARTESIAN_POINT('',(0.0160692625086173,0.00111251355315877,0.074851552553608));
#2492=CARTESIAN_POINT('',(0.015608444306575,1.22396260878246E-19,0.074851552553608));
#2493=CARTESIAN_POINT('',(0.0160692625086173,-0.00111251355315877,0.0748515525536081));
#2494=CARTESIAN_POINT('',(0.017181776061776,-0.00157333175520102,0.074851552553608));
#2495=CARTESIAN_POINT('',(0.0182942896149348,-0.00111251355315877,0.074851552553608));
#2496=CARTESIAN_POINT('',(0.0187551078169771,-2.98155597433514E-19,0.074851552553608));
#2497=CARTESIAN_POINT('',(0.0182942896149348,0.00111251355315877,0.0748515525536081));
#2498=CARTESIAN_POINT('',(0.0182991247725728,-0.00111734871079677,0.0753275644955345));
#2499=CARTESIAN_POINT('',(0.0187619457624849,-3.52365706057789E-19,0.0753275644955345));
#2500=CARTESIAN_POINT('',(0.0182991247725728,0.00111734871079677,0.0753275644955345));
#2501=CARTESIAN_POINT('',(0.0171817760617761,0.00158016970070889,0.0753275644955345));
#2502=CARTESIAN_POINT('',(0.0160644273509793,0.00111734871079677,0.0753275644955345));
#2503=CARTESIAN_POINT('',(0.0156016063610672,2.90108784434598E-19,0.0753275644955345));
#2504=CARTESIAN_POINT('',(0.0160644273509793,-0.00111734871079677,0.0753275644955345));
#2505=CARTESIAN_POINT('',(0.0171817760617761,-0.00158016970070889,0.0753275644955345));
#2506=CARTESIAN_POINT('',(0.0182991247725728,-0.00111734871079677,0.0753275644955345));
#2507=CARTESIAN_POINT('',(0.0187619457624849,-3.52365706057789E-19,0.0753275644955345));
#2508=CARTESIAN_POINT('',(0.0182991247725728,0.00111734871079677,0.0753275644955345));
#2509=CARTESIAN_POINT('',(0.018165152396184,-0.000983376334407969,0.0757628446499024));
#2510=CARTESIAN_POINT('',(0.0185724802108125,-3.25260651745651E-19,0.0757628446499024));
#2511=CARTESIAN_POINT('',(0.018165152396184,0.000983376334407971,0.0757628446499024));
#2512=CARTESIAN_POINT('',(0.0171817760617761,0.00139070414903649,0.0757628446499024));
#2513=CARTESIAN_POINT('',(0.0161983997273681,0.000983376334407971,0.0757628446499024));
#2514=CARTESIAN_POINT('',(0.0157910719127396,8.27974705941079E-20,0.0757628446499024));
#2515=CARTESIAN_POINT('',(0.0161983997273681,-0.00098337633440797,0.0757628446499024));
#2516=CARTESIAN_POINT('',(0.017181776061776,-0.00139070414903649,0.0757628446499024));
#2517=CARTESIAN_POINT('',(0.018165152396184,-0.000983376334407969,0.0757628446499024));
#2518=CARTESIAN_POINT('',(0.0185724802108125,-3.25260651745651E-19,0.0757628446499024));
#2519=CARTESIAN_POINT('',(0.018165152396184,0.000983376334407971,0.0757628446499024));
#2520=CARTESIAN_POINT('',(0.0178711274358517,-0.000689351374075626,0.0761143024132852));
#2521=CARTESIAN_POINT('',(0.0181566661242343,-1.49077798716757E-19,0.0761143024132852));
#2522=CARTESIAN_POINT('',(0.0178711274358517,0.000689351374075627,0.0761143024132852));
#2523=CARTESIAN_POINT('',(0.0171817760617761,0.00097489006245828,0.0761143024132852));
#2524=CARTESIAN_POINT('',(0.0164924246877004,0.000689351374075627,0.0761143024132852));
#2525=CARTESIAN_POINT('',(0.0162068859993178,9.27501077243459E-20,0.0761143024132852));
#2526=CARTESIAN_POINT('',(0.0164924246877004,-0.000689351374075626,0.0761143024132852));
#2527=CARTESIAN_POINT('',(0.0171817760617761,-0.00097489006245828,0.0761143024132852));
#2528=CARTESIAN_POINT('',(0.0178711274358517,-0.000689351374075626,0.0761143024132852));
#2529=CARTESIAN_POINT('',(0.0181566661242343,-1.49077798716757E-19,0.0761143024132852));
#2530=CARTESIAN_POINT('',(0.0178711274358517,0.000689351374075627,0.0761143024132852));
#2531=CARTESIAN_POINT('',(0.0174521450796791,-0.000270369017903037,0.0760760759247614));
#2532=CARTESIAN_POINT('',(0.01756413559374,-9.48676900924816E-20,0.0760760759247614));
#2533=CARTESIAN_POINT('',(0.0174521450796791,0.000270369017903037,0.0760760759247614));
#2534=CARTESIAN_POINT('',(0.0171817760617761,0.000382359531963969,0.0760760759247614));
#2535=CARTESIAN_POINT('',(0.016911407043873,0.000270369017903037,0.0760760759247614));
#2536=CARTESIAN_POINT('',(0.0167994165298121,5.9292306307801E-20,0.0760760759247614));
#2537=CARTESIAN_POINT('',(0.016911407043873,-0.000270369017903037,0.0760760759247614));
#2538=CARTESIAN_POINT('',(0.0171817760617761,-0.000382359531963969,0.0760760759247614));
#2539=CARTESIAN_POINT('',(0.0174521450796791,-0.000270369017903037,0.0760760759247614));
#2540=CARTESIAN_POINT('',(0.01756413559374,-9.48676900924816E-20,0.0760760759247614));
#2541=CARTESIAN_POINT('',(0.0174521450796791,0.000270369017903037,0.0760760759247614));
#2542=CARTESIAN_POINT('',(0.0171817760617761,0.,0.0760582834482193));
#2543=CARTESIAN_POINT('',(0.0171817760617761,0.,0.0760582834482193));
#2544=CARTESIAN_POINT('',(0.0171817760617761,0.,0.0760582834482193));
#2545=CARTESIAN_POINT('',(0.0171817760617761,0.,0.0760582834482193));
#2546=CARTESIAN_POINT('',(0.0171817760617761,0.,0.0760582834482193));
#2547=CARTESIAN_POINT('',(0.0171817760617761,0.,0.0760582834482193));
#2548=CARTESIAN_POINT('',(0.0171817760617761,0.,0.0760582834482193));
#2549=CARTESIAN_POINT('',(0.0171817760617761,0.,0.0760582834482193));
#2550=CARTESIAN_POINT('',(0.0171817760617761,0.,0.0760582834482193));
#2551=CARTESIAN_POINT('',(0.0171817760617761,0.,0.0760582834482193));
#2552=CARTESIAN_POINT('',(0.0171817760617761,0.,0.0760582834482193));
#2553=CARTESIAN_POINT('',(0.0171817760617761,0.,0.0760582834482193));
#2554=CARTESIAN_POINT('',(0.0171817760617761,0.,0.));
#2555=CARTESIAN_POINT('',(0.0171817760617761,0.,0.000161326965679505));
#2556=CARTESIAN_POINT('',(0.0239243725142105,0.,0.000161326965679505));
#2557=CARTESIAN_POINT('',(0.0171817760617761,0.,0.));
#2558=CARTESIAN_POINT('',(0.0171817760617761,0.,0.0022258505065884));
#2559=CARTESIAN_POINT('',(0.0171817760617761,0.,0.000168394801309792));
#2560=CARTESIAN_POINT('',(0.0240526650263821,0.,0.000168394801309792));
#2561=CARTESIAN_POINT('',(0.0171817760617761,0.,0.000168394801309792));
#2562=CARTESIAN_POINT('',(0.0171817760617761,0.,0.000464570126496255));
#2563=CARTESIAN_POINT('',(0.0274820625782013,0.,0.000464570126496255));
#2564=CARTESIAN_POINT('',(0.0171817760617761,0.,0.000464570126496255));
#2565=CARTESIAN_POINT('',(0.0171817760617761,0.,0.00100085725533127));
#2566=CARTESIAN_POINT('',(0.0298466021518029,0.,0.00100085725533127));
#2567=CARTESIAN_POINT('',(0.0171817760617761,0.,0.00100085725533127));
#2568=CARTESIAN_POINT('',(0.0171817760617761,0.,0.00188261531992789));
#2569=CARTESIAN_POINT('',(0.0318814616510887,0.,0.00188261531992789));
#2570=CARTESIAN_POINT('',(0.0171817760617761,0.,0.00651834902126991));
#2571=CARTESIAN_POINT('',(0.0171817760617761,0.,0.00325416369881932));
#2572=CARTESIAN_POINT('',(0.0335036448305183,0.,0.00325416369881932));
#2573=CARTESIAN_POINT('',(0.0171817760617761,0.,0.00325416369881932));
#2574=CARTESIAN_POINT('',(0.0171817760617761,0.,0.00342189690097041));
#2575=CARTESIAN_POINT('',(0.0336355512081941,0.,0.00342189690097041));
#2576=CARTESIAN_POINT('',(0.0171817760617761,0.,0.00342189690097041));
#2577=CARTESIAN_POINT('',(0.0171817760617761,0.,0.00481992741980592));
#2578=CARTESIAN_POINT('',(0.034147680265171,0.,0.00481992741980592));
#2579=CARTESIAN_POINT('',(0.0171817760617761,0.,0.00481992741980592));
#2580=CARTESIAN_POINT('',(0.0171817760617761,0.,0.00498610356974531));
#2581=CARTESIAN_POINT('',(0.0341536460274555,0.,0.00498610356974531));
#2582=CARTESIAN_POINT('',(0.0311208907978115,-0.00577377037114051,0.0061603132635355));
#2583=CARTESIAN_POINT('',(0.0322693651310416,-1.14925430283463E-17,0.0061603132635355));
#2584=CARTESIAN_POINT('',(0.0311208907978115,0.00577377037114054,0.0061603132635355));
#2585=CARTESIAN_POINT('',(0.0278503126044097,0.0106685365426337,0.0061603132635355));
#2586=CARTESIAN_POINT('',(0.0229555464329166,0.0139391147360354,0.0061603132635355));
#2587=CARTESIAN_POINT('',(0.017181776061776,0.0150875890692655,0.0061603132635355));
#2588=CARTESIAN_POINT('',(0.0114080056906355,0.0139391147360354,0.0061603132635355));
#2589=CARTESIAN_POINT('',(0.00651323951914238,0.0106685365426337,0.0061603132635355));
#2590=CARTESIAN_POINT('',(0.00324266132574063,0.00577377037114054,0.0061603132635355));
#2591=CARTESIAN_POINT('',(0.00209418699251054,1.84678328792059E-18,0.0061603132635355));
#2592=CARTESIAN_POINT('',(0.00324266132574063,-0.00577377037114054,0.0061603132635355));
#2593=CARTESIAN_POINT('',(0.00651323951914238,-0.0106685365426337,0.0061603132635355));
#2594=CARTESIAN_POINT('',(0.0114080056906355,-0.0139391147360354,0.0061603132635355));
#2595=CARTESIAN_POINT('',(0.0171817760617761,-0.0150875890692655,0.0061603132635355));
#2596=CARTESIAN_POINT('',(0.0229555464329166,-0.0139391147360354,0.0061603132635355));
#2597=CARTESIAN_POINT('',(0.0278503126044097,-0.0106685365426337,0.0061603132635355));
#2598=CARTESIAN_POINT('',(0.0311208907978115,-0.00577377037114051,0.0061603132635355));
#2599=CARTESIAN_POINT('',(0.0322693651310416,-1.14925430283463E-17,0.0061603132635355));
#2600=CARTESIAN_POINT('',(0.0311208907978115,0.00577377037114054,0.0061603132635355));
#2601=CARTESIAN_POINT('',(0.031536397593673,-0.00594587892124456,0.00598047762919567));
#2602=CARTESIAN_POINT('',(0.0327191064460506,-1.10588621593521E-17,0.00598047762919567));
#2603=CARTESIAN_POINT('',(0.031536397593673,0.00594587892124459,0.00598047762919567));
#2604=CARTESIAN_POINT('',(0.0281683277380324,0.0109865516762563,0.00598047762919567));
#2605=CARTESIAN_POINT('',(0.0231276549830206,0.014354621531897,0.00598047762919567));
#2606=CARTESIAN_POINT('',(0.017181776061776,0.0155373303842745,0.00598047762919567));
#2607=CARTESIAN_POINT('',(0.0112358971405315,0.014354621531897,0.00598047762919567));
#2608=CARTESIAN_POINT('',(0.00619522438551972,0.0109865516762563,0.00598047762919567));
#2609=CARTESIAN_POINT('',(0.00282715452987906,0.00594587892124459,0.00598047762919567));
#2610=CARTESIAN_POINT('',(0.0016444456775015,2.01660677640018E-18,0.00598047762919567));
#2611=CARTESIAN_POINT('',(0.00282715452987905,-0.00594587892124458,0.00598047762919567));
#2612=CARTESIAN_POINT('',(0.00619522438551973,-0.0109865516762563,0.00598047762919567));
#2613=CARTESIAN_POINT('',(0.0112358971405315,-0.014354621531897,0.00598047762919567));
#2614=CARTESIAN_POINT('',(0.017181776061776,-0.0155373303842746,0.00598047762919567));
#2615=CARTESIAN_POINT('',(0.0231276549830206,-0.014354621531897,0.00598047762919567));
#2616=CARTESIAN_POINT('',(0.0281683277380324,-0.0109865516762563,0.00598047762919567));
#2617=CARTESIAN_POINT('',(0.031536397593673,-0.00594587892124456,0.00598047762919567));
#2618=CARTESIAN_POINT('',(0.0327191064460506,-1.10588621593521E-17,0.00598047762919567));
#2619=CARTESIAN_POINT('',(0.031536397593673,0.00594587892124459,0.00598047762919567));
#2620=CARTESIAN_POINT('',(0.0323733315977003,-0.00629254833652385,0.00562244482920907));
#2621=CARTESIAN_POINT('',(0.0336249972841691,-1.14925430283463E-17,0.00562244482920907));
#2622=CARTESIAN_POINT('',(0.0323733315977003,0.00629254833652388,0.00562244482920907));
#2623=CARTESIAN_POINT('',(0.0288088892926808,0.0116271132309047,0.00562244482920907));
#2624=CARTESIAN_POINT('',(0.0234743243982999,0.0151915555359242,0.00562244482920907));
#2625=CARTESIAN_POINT('',(0.0171817760617761,0.0164432212223931,0.00562244482920907));
#2626=CARTESIAN_POINT('',(0.0108892277252522,0.0151915555359242,0.00562244482920907));
#2627=CARTESIAN_POINT('',(0.00555466283087135,0.0116271132309047,0.00562244482920907));
#2628=CARTESIAN_POINT('',(0.00199022052585185,0.00629254833652388,0.00562244482920907));
#2629=CARTESIAN_POINT('',(0.000738554839382962,3.54074330331078E-18,0.00562244482920907));
#2630=CARTESIAN_POINT('',(0.00199022052585185,-0.00629254833652388,0.00562244482920907));
#2631=CARTESIAN_POINT('',(0.00555466283087134,-0.0116271132309047,0.00562244482920907));
#2632=CARTESIAN_POINT('',(0.0108892277252522,-0.0151915555359242,0.00562244482920907));
#2633=CARTESIAN_POINT('',(0.017181776061776,-0.0164432212223931,0.00562244482920907));
#2634=CARTESIAN_POINT('',(0.0234743243983,-0.0151915555359242,0.00562244482920907));
#2635=CARTESIAN_POINT('',(0.0288088892926808,-0.0116271132309047,0.00562244482920907));
#2636=CARTESIAN_POINT('',(0.0323733315977003,-0.00629254833652385,0.00562244482920907));
#2637=CARTESIAN_POINT('',(0.0336249972841691,-1.14925430283463E-17,0.00562244482920907));
#2638=CARTESIAN_POINT('',(0.0323733315977003,0.00629254833652388,0.00562244482920907));
#2639=CARTESIAN_POINT('',(0.0329738832355602,-0.00654130496983079,0.00519899342547196));
#2640=CARTESIAN_POINT('',(0.0342750296928615,-1.26851654180804E-17,0.00519899342547196));
#2641=CARTESIAN_POINT('',(0.0329738832355602,0.00654130496983083,0.00519899342547196));
#2642=CARTESIAN_POINT('',(0.0292685316168582,0.0120867555550821,0.00519899342547196));
#2643=CARTESIAN_POINT('',(0.0237230810316069,0.0157921071737841,0.00519899342547196));
#2644=CARTESIAN_POINT('',(0.0171817760617761,0.0170932536310855,0.00519899342547196));
#2645=CARTESIAN_POINT('',(0.0106404710919452,0.0157921071737841,0.00519899342547196));
#2646=CARTESIAN_POINT('',(0.00509502050669393,0.0120867555550821,0.00519899342547196));
#2647=CARTESIAN_POINT('',(0.00138966888799194,0.00654130496983083,0.00519899342547196));
#2648=CARTESIAN_POINT('',(8.85224306905714E-5,2.20208713951417E-18,0.00519899342547196));
#2649=CARTESIAN_POINT('',(0.00138966888799192,-0.00654130496983082,0.00519899342547196));
#2650=CARTESIAN_POINT('',(0.00509502050669393,-0.0120867555550821,0.00519899342547196));
#2651=CARTESIAN_POINT('',(0.0106404710919452,-0.0157921071737841,0.00519899342547196));
#2652=CARTESIAN_POINT('',(0.0171817760617761,-0.0170932536310855,0.00519899342547196));
#2653=CARTESIAN_POINT('',(0.0237230810316069,-0.0157921071737841,0.00519899342547196));
#2654=CARTESIAN_POINT('',(0.0292685316168582,-0.0120867555550821,0.00519899342547196));
#2655=CARTESIAN_POINT('',(0.0329738832355602,-0.00654130496983079,0.00519899342547196));
#2656=CARTESIAN_POINT('',(0.0342750296928615,-1.26851654180804E-17,0.00519899342547196));
#2657=CARTESIAN_POINT('',(0.0329738832355602,0.00654130496983083,0.00519899342547196));
#2658=CARTESIAN_POINT('',(0.0332699525225897,-0.00666394088392055,0.0049861035697453));
#2659=CARTESIAN_POINT('',(0.0345954927798884,-1.32272665043232E-17,0.0049861035697453));
#2660=CARTESIAN_POINT('',(0.0332699525225897,0.00666394088392059,0.0049861035697453));
#2661=CARTESIAN_POINT('',(0.0294951332388149,0.0123133571770388,0.0049861035697453));
#2662=CARTESIAN_POINT('',(0.0238457169456966,0.0160881764608136,0.0049861035697453));
#2663=CARTESIAN_POINT('',(0.0171817760617761,0.0174137167181124,0.0049861035697453));
#2664=CARTESIAN_POINT('',(0.0105178351778555,0.0160881764608136,0.0049861035697453));
#2665=CARTESIAN_POINT('',(0.00486841888473725,0.0123133571770388,0.0049861035697453));
#2666=CARTESIAN_POINT('',(0.00109359960096242,0.00666394088392059,0.0049861035697453));
#2667=CARTESIAN_POINT('',(-0.000231940656336312,2.93406918972969E-18,0.0049861035697453));
#2668=CARTESIAN_POINT('',(0.00109359960096242,-0.00666394088392059,0.0049861035697453));
#2669=CARTESIAN_POINT('',(0.00486841888473724,-0.0123133571770388,0.0049861035697453));
#2670=CARTESIAN_POINT('',(0.0105178351778555,-0.0160881764608136,0.0049861035697453));
#2671=CARTESIAN_POINT('',(0.017181776061776,-0.0174137167181124,0.0049861035697453));
#2672=CARTESIAN_POINT('',(0.0238457169456966,-0.0160881764608136,0.0049861035697453));
#2673=CARTESIAN_POINT('',(0.0294951332388149,-0.0123133571770388,0.0049861035697453));
#2674=CARTESIAN_POINT('',(0.0332699525225897,-0.00666394088392055,0.0049861035697453));
#2675=CARTESIAN_POINT('',(0.0345954927798884,-1.32272665043232E-17,0.0049861035697453));
#2676=CARTESIAN_POINT('',(0.0332699525225897,0.00666394088392059,0.0049861035697453));
#2677=MECHANICAL_DESIGN_GEOMETRIC_PRESENTATION_REPRESENTATION('',(#439),
#2678);
#2678=(
GEOMETRIC_REPRESENTATION_CONTEXT(3)
GLOBAL_UNCERTAINTY_ASSIGNED_CONTEXT((#2679))
GLOBAL_UNIT_ASSIGNED_CONTEXT((#2682,#2681,#2680))
REPRESENTATION_CONTEXT('King Piece','TOP_LEVEL_ASSEMBLY_PART')
);
#2679=UNCERTAINTY_MEASURE_WITH_UNIT(LENGTH_MEASURE(2.E-5),#2682,
'DISTANCE_ACCURACY_VALUE','Maximum Tolerance applied to model');
#2680=(
NAMED_UNIT(*)
SI_UNIT($,.STERADIAN.)
SOLID_ANGLE_UNIT()
);
#2681=(
NAMED_UNIT(*)
PLANE_ANGLE_UNIT()
SI_UNIT($,.RADIAN.)
);
#2682=(
LENGTH_UNIT()
NAMED_UNIT(*)
SI_UNIT($,.METRE.)
);
#2683=PRODUCT_DEFINITION_SHAPE('','',#2684);
#2684=PRODUCT_DEFINITION('','',#2686,#2685);
#2685=PRODUCT_DEFINITION_CONTEXT('',#2692,'design');
#2686=PRODUCT_DEFINITION_FORMATION_WITH_SPECIFIED_SOURCE('','',#2688,
 .NOT_KNOWN.);
#2687=PRODUCT_RELATED_PRODUCT_CATEGORY('','',(#2688));
#2688=PRODUCT('King Piece','King Piece','King Piece',(#2690));
#2689=PRODUCT_CATEGORY('','');
#2690=PRODUCT_CONTEXT('',#2692,'mechanical');
#2691=APPLICATION_PROTOCOL_DEFINITION('international standard',
'ap242_managed_model_based_3d_engineering',2020,#2692);
#2692=APPLICATION_CONTEXT('managed model based 3d engineering');
ENDSEC;
END-ISO-10303-21;
