ISO-10303-21;
HEADER;
/* Generated by software containing ST-Developer
 * from STEP Tools, Inc. (www.steptools.com) 
 */
/* OPTION: using custom renumber hook */

FILE_DESCRIPTION(
/* description */ ('STEP AP242 Edition 2',
'CAx-IF Rec.Pracs.---Representation and Presentation of Product Manufa
cturing Information (PMI)---4.0---2014-10-13',
'CAx-IF Rec.Pracs.---3D Tessellated Geometry---0.4---2014-09-14','2;1',
'CAx-IF Rec.Pracs.---User Defined Attributes---1.5---2016-08-15'),
/* implementation_level */ '2;1');

FILE_NAME(
/* name */ 'Part Studio 1',
/* time_stamp */ '2026-09-24T22:52:36Z',
/* author */ (''),
/* organization */ (''),
/* preprocessor_version */ 'ST-DEVELOPER v20',
/* originating_system */ 'ONSHAPE BY PTC INC, 1.221',
/* authorisation */ '  ');

FILE_SCHEMA (('AP242_MANAGED_MODEL_BASED_3D_ENGINEERING_MIM_LF { 1 0 10303 442 3 1 4 }'));
ENDSEC;

DATA;
#10=VERTEX_LOOP('',#1369);
#11=VERTEX_LOOP('',#1372);
#12=CONICAL_SURFACE('',#2441,0.00516881517811586,1.53531624654899);
#13=CONICAL_SURFACE('',#2443,0.,1.50819319618986);
#14=CONICAL_SURFACE('',#2445,0.00540555982887745,1.41021917096084);
#15=CONICAL_SURFACE('',#2447,0.0102171987950802,0.771315176304621);
#16=CONICAL_SURFACE('',#2449,0.0108101830542087,0.153423761815605);
#17=CONICAL_SURFACE('',#2451,0.010556047475338,1.41737256497929);
#18=SHAPE_REPRESENTATION_RELATIONSHIP('','',#2338,#20);
#19=SHAPE_REPRESENTATION_RELATIONSHIP('','',#2339,#21);
#20=ADVANCED_BREP_SHAPE_REPRESENTATION('',(#2334),#3979);
#21=ADVANCED_BREP_SHAPE_REPRESENTATION('',(#2335),#3980);
#22=ELLIPSE('',#2392,0.00156244911162603,0.000752653603954165);
#23=ELLIPSE('',#2394,0.00156244911162603,0.000752653603954165);
#24=B_SPLINE_CURVE_WITH_KNOTS('',2,(#2988,#2989,#2990),.UNSPECIFIED.,.F.,
 .F.,(3,3),(0.,0.437176211631139),.PIECEWISE_BEZIER_KNOTS.);
#25=B_SPLINE_CURVE_WITH_KNOTS('',2,(#2995,#2996,#2997),.UNSPECIFIED.,.F.,
 .F.,(3,3),(0.,0.437176211631139),.PIECEWISE_BEZIER_KNOTS.);
#26=B_SPLINE_CURVE_WITH_KNOTS('',2,(#3008,#3009,#3010),.UNSPECIFIED.,.F.,
 .F.,(3,3),(0.,0.437176211631139),.PIECEWISE_BEZIER_KNOTS.);
#27=B_SPLINE_CURVE_WITH_KNOTS('',2,(#3015,#3016,#3017),.UNSPECIFIED.,.F.,
 .F.,(3,3),(0.,0.437176211631139),.PIECEWISE_BEZIER_KNOTS.);
#28=B_SPLINE_CURVE_WITH_KNOTS('',2,(#3028,#3029,#3030),.UNSPECIFIED.,.F.,
 .F.,(3,3),(0.,0.479847773085758),.PIECEWISE_BEZIER_KNOTS.);
#29=B_SPLINE_CURVE_WITH_KNOTS('',2,(#3035,#3036,#3037),.UNSPECIFIED.,.F.,
 .F.,(3,3),(0.,0.479847773085758),.PIECEWISE_BEZIER_KNOTS.);
#30=B_SPLINE_CURVE_WITH_KNOTS('',2,(#3075,#3076,#3077),.UNSPECIFIED.,.F.,
 .F.,(3,3),(0.0208456811070576,0.569026968260689),
 .PIECEWISE_BEZIER_KNOTS.);
#31=B_SPLINE_CURVE_WITH_KNOTS('',2,(#3082,#3083,#3084),.UNSPECIFIED.,.F.,
 .F.,(3,3),(0.0208456811070576,0.569026968260689),
 .PIECEWISE_BEZIER_KNOTS.);
#32=B_SPLINE_CURVE_WITH_KNOTS('',2,(#3104,#3105,#3106),.UNSPECIFIED.,.F.,
 .F.,(3,3),(0.0506453081599851,0.543909049288644),
 .PIECEWISE_BEZIER_KNOTS.);
#33=B_SPLINE_CURVE_WITH_KNOTS('',2,(#3111,#3112,#3113),.UNSPECIFIED.,.F.,
 .F.,(3,3),(0.0506453081599851,0.543909049288644),
 .PIECEWISE_BEZIER_KNOTS.);
#34=B_SPLINE_CURVE_WITH_KNOTS('',2,(#3130,#3131,#3132),.UNSPECIFIED.,.F.,
 .F.,(3,3),(0.,0.506691726666075),.PIECEWISE_BEZIER_KNOTS.);
#35=B_SPLINE_CURVE_WITH_KNOTS('',2,(#3134,#3135,#3136),.UNSPECIFIED.,.F.,
 .F.,(3,3),(0.,0.506691726666075),.PIECEWISE_BEZIER_KNOTS.);
#36=B_SPLINE_CURVE_WITH_KNOTS('',3,(#3157,#3158,#3159,#3160,#3161,#3162),
 .UNSPECIFIED.,.F.,.F.,(4,1,1,4),(0.,0.20779431882053,0.513758755547565,
1.),.UNSPECIFIED.);
#37=B_SPLINE_CURVE_WITH_KNOTS('',3,(#3164,#3165,#3166,#3167,#3168,#3169),
 .UNSPECIFIED.,.F.,.F.,(4,1,1,4),(0.,0.20779431882053,0.513758755547565,
1.),.UNSPECIFIED.);
#38=B_SPLINE_CURVE_WITH_KNOTS('',2,(#3192,#3193,#3194),.UNSPECIFIED.,.F.,
 .F.,(3,3),(0.,1.),.PIECEWISE_BEZIER_KNOTS.);
#39=B_SPLINE_CURVE_WITH_KNOTS('',2,(#3196,#3197,#3198),.UNSPECIFIED.,.F.,
 .F.,(3,3),(0.,1.),.PIECEWISE_BEZIER_KNOTS.);
#40=B_SPLINE_CURVE_WITH_KNOTS('',2,(#3221,#3222,#3223),.UNSPECIFIED.,.F.,
 .F.,(3,3),(0.,0.341182481904024),.PIECEWISE_BEZIER_KNOTS.);
#41=B_SPLINE_CURVE_WITH_KNOTS('',2,(#3225,#3226,#3227),.UNSPECIFIED.,.F.,
 .F.,(3,3),(0.,0.341182481904024),.PIECEWISE_BEZIER_KNOTS.);
#42=B_SPLINE_CURVE_WITH_KNOTS('',2,(#3250,#3251,#3252),.UNSPECIFIED.,.F.,
 .F.,(3,3),(0.,0.470260177613839),.PIECEWISE_BEZIER_KNOTS.);
#43=B_SPLINE_CURVE_WITH_KNOTS('',2,(#3254,#3255,#3256),.UNSPECIFIED.,.F.,
 .F.,(3,3),(0.,0.470260177613839),.PIECEWISE_BEZIER_KNOTS.);
#44=B_SPLINE_CURVE_WITH_KNOTS('',2,(#3279,#3280,#3281),.UNSPECIFIED.,.F.,
 .F.,(3,3),(0.,0.514850712948769),.PIECEWISE_BEZIER_KNOTS.);
#45=B_SPLINE_CURVE_WITH_KNOTS('',2,(#3283,#3284,#3285),.UNSPECIFIED.,.F.,
 .F.,(3,3),(0.,0.514850712948769),.PIECEWISE_BEZIER_KNOTS.);
#46=B_SPLINE_CURVE_WITH_KNOTS('',2,(#3302,#3303,#3304),.UNSPECIFIED.,.F.,
 .F.,(3,3),(0.,1.),.PIECEWISE_BEZIER_KNOTS.);
#47=B_SPLINE_CURVE_WITH_KNOTS('',2,(#3306,#3307,#3308),.UNSPECIFIED.,.F.,
 .F.,(3,3),(0.,1.),.PIECEWISE_BEZIER_KNOTS.);
#48=B_SPLINE_CURVE_WITH_KNOTS('',2,(#3340,#3341,#3342),.UNSPECIFIED.,.F.,
 .F.,(3,3),(0.,1.),.PIECEWISE_BEZIER_KNOTS.);
#49=B_SPLINE_CURVE_WITH_KNOTS('',2,(#3344,#3345,#3346),.UNSPECIFIED.,.F.,
 .F.,(3,3),(0.,1.),.PIECEWISE_BEZIER_KNOTS.);
#50=B_SPLINE_CURVE_WITH_KNOTS('',2,(#3360,#3361,#3362),.UNSPECIFIED.,.F.,
 .F.,(3,3),(0.,0.479847773085758),.PIECEWISE_BEZIER_KNOTS.);
#51=B_SPLINE_CURVE_WITH_KNOTS('',2,(#3367,#3368,#3369),.UNSPECIFIED.,.F.,
 .F.,(3,3),(0.,0.479847773085758),.PIECEWISE_BEZIER_KNOTS.);
#52=B_SPLINE_CURVE_WITH_KNOTS('',2,(#3386,#3387,#3388),.UNSPECIFIED.,.F.,
 .F.,(3,3),(0.,1.),.PIECEWISE_BEZIER_KNOTS.);
#53=B_SPLINE_CURVE_WITH_KNOTS('',2,(#3390,#3391,#3392),.UNSPECIFIED.,.F.,
 .F.,(3,3),(0.,1.),.PIECEWISE_BEZIER_KNOTS.);
#54=B_SPLINE_CURVE_WITH_KNOTS('',2,(#3399,#3400,#3401),.UNSPECIFIED.,.F.,
 .F.,(3,3),(0.0208456811070576,0.569026968260689),
 .PIECEWISE_BEZIER_KNOTS.);
#55=B_SPLINE_CURVE_WITH_KNOTS('',2,(#3406,#3407,#3408),.UNSPECIFIED.,.F.,
 .F.,(3,3),(0.0208456811070576,0.569026968260689),
 .PIECEWISE_BEZIER_KNOTS.);
#56=B_SPLINE_CURVE_WITH_KNOTS('',3,(#3421,#3422,#3423,#3424,#3425),
 .UNSPECIFIED.,.F.,.F.,(4,1,4),(0.,0.429388018913638,1.),.UNSPECIFIED.);
#57=B_SPLINE_CURVE_WITH_KNOTS('',3,(#3427,#3428,#3429,#3430,#3431),
 .UNSPECIFIED.,.F.,.F.,(4,1,4),(0.,0.429388018913638,1.),.UNSPECIFIED.);
#58=B_SPLINE_CURVE_WITH_KNOTS('',2,(#3442,#3443,#3444),.UNSPECIFIED.,.F.,
 .F.,(3,3),(0.1383922066732,0.897649957559565),.PIECEWISE_BEZIER_KNOTS.);
#59=B_SPLINE_CURVE_WITH_KNOTS('',2,(#3446,#3447,#3448),.UNSPECIFIED.,.F.,
 .F.,(3,3),(0.1383922066732,0.897649957559565),.PIECEWISE_BEZIER_KNOTS.);
#60=B_SPLINE_CURVE_WITH_KNOTS('',2,(#3465,#3466,#3467),.UNSPECIFIED.,.F.,
 .F.,(3,3),(0.,0.365719836317499),.PIECEWISE_BEZIER_KNOTS.);
#61=B_SPLINE_CURVE_WITH_KNOTS('',2,(#3469,#3470,#3471),.UNSPECIFIED.,.F.,
 .F.,(3,3),(0.,0.365719836317499),.PIECEWISE_BEZIER_KNOTS.);
#62=B_SPLINE_CURVE_WITH_KNOTS('',2,(#3482,#3483,#3484),.UNSPECIFIED.,.F.,
 .F.,(3,3),(0.,0.499100154852509),.PIECEWISE_BEZIER_KNOTS.);
#63=B_SPLINE_CURVE_WITH_KNOTS('',2,(#3486,#3487,#3488),.UNSPECIFIED.,.F.,
 .F.,(3,3),(0.,0.499100154852509),.PIECEWISE_BEZIER_KNOTS.);
#64=B_SPLINE_CURVE_WITH_KNOTS('',2,(#3499,#3500,#3501),.UNSPECIFIED.,.F.,
 .F.,(3,3),(0.0367978865670523,0.518276602568888),
 .PIECEWISE_BEZIER_KNOTS.);
#65=B_SPLINE_CURVE_WITH_KNOTS('',2,(#3503,#3504,#3505),.UNSPECIFIED.,.F.,
 .F.,(3,3),(0.0367978865670523,0.518276602568888),
 .PIECEWISE_BEZIER_KNOTS.);
#66=B_SPLINE_CURVE_WITH_KNOTS('',2,(#3522,#3523,#3524),.UNSPECIFIED.,.F.,
 .F.,(3,3),(0.,0.503891640286829),.PIECEWISE_BEZIER_KNOTS.);
#67=B_SPLINE_CURVE_WITH_KNOTS('',2,(#3526,#3527,#3528),.UNSPECIFIED.,.F.,
 .F.,(3,3),(0.,0.503891640286829),.PIECEWISE_BEZIER_KNOTS.);
#68=B_SPLINE_CURVE_WITH_KNOTS('',2,(#3539,#3540,#3541),.UNSPECIFIED.,.F.,
 .F.,(3,3),(0.0106504779096647,0.449648454515341),
 .PIECEWISE_BEZIER_KNOTS.);
#69=B_SPLINE_CURVE_WITH_KNOTS('',2,(#3543,#3544,#3545),.UNSPECIFIED.,.F.,
 .F.,(3,3),(0.0106504779096647,0.449648454515341),
 .PIECEWISE_BEZIER_KNOTS.);
#70=B_SPLINE_CURVE_WITH_KNOTS('',2,(#3556,#3557,#3558),.UNSPECIFIED.,.F.,
 .F.,(3,3),(0.,0.729594634579765),.PIECEWISE_BEZIER_KNOTS.);
#71=B_SPLINE_CURVE_WITH_KNOTS('',2,(#3560,#3561,#3562),.UNSPECIFIED.,.F.,
 .F.,(3,3),(0.,0.729594634579765),.PIECEWISE_BEZIER_KNOTS.);
#72=B_SPLINE_CURVE_WITH_KNOTS('',2,(#3573,#3574,#3575),.UNSPECIFIED.,.F.,
 .F.,(3,3),(0.,0.344059402299177),.PIECEWISE_BEZIER_KNOTS.);
#73=B_SPLINE_CURVE_WITH_KNOTS('',2,(#3577,#3578,#3579),.UNSPECIFIED.,.F.,
 .F.,(3,3),(0.,0.344059402299177),.PIECEWISE_BEZIER_KNOTS.);
#74=B_SPLINE_CURVE_WITH_KNOTS('',2,(#3596,#3597,#3598),.UNSPECIFIED.,.F.,
 .F.,(3,3),(0.,1.),.PIECEWISE_BEZIER_KNOTS.);
#75=B_SPLINE_CURVE_WITH_KNOTS('',2,(#3600,#3601,#3602),.UNSPECIFIED.,.F.,
 .F.,(3,3),(0.,1.),.PIECEWISE_BEZIER_KNOTS.);
#76=B_SPLINE_CURVE_WITH_KNOTS('',2,(#3613,#3614,#3615),.UNSPECIFIED.,.F.,
 .F.,(3,3),(0.,1.),.PIECEWISE_BEZIER_KNOTS.);
#77=B_SPLINE_CURVE_WITH_KNOTS('',2,(#3617,#3618,#3619),.UNSPECIFIED.,.F.,
 .F.,(3,3),(0.,1.),.PIECEWISE_BEZIER_KNOTS.);
#78=B_SPLINE_CURVE_WITH_KNOTS('',2,(#3630,#3631,#3632),.UNSPECIFIED.,.F.,
 .F.,(3,3),(0.,0.63172150384815),.PIECEWISE_BEZIER_KNOTS.);
#79=B_SPLINE_CURVE_WITH_KNOTS('',2,(#3634,#3635,#3636),.UNSPECIFIED.,.F.,
 .F.,(3,3),(0.,0.63172150384815),.PIECEWISE_BEZIER_KNOTS.);
#80=B_SPLINE_CURVE_WITH_KNOTS('',2,(#3647,#3648,#3649),.UNSPECIFIED.,.F.,
 .F.,(3,3),(0.,0.502819568645535),.PIECEWISE_BEZIER_KNOTS.);
#81=B_SPLINE_CURVE_WITH_KNOTS('',2,(#3651,#3652,#3653),.UNSPECIFIED.,.F.,
 .F.,(3,3),(0.,0.502819568645535),.PIECEWISE_BEZIER_KNOTS.);
#82=B_SPLINE_CURVE_WITH_KNOTS('',2,(#3670,#3671,#3672),.UNSPECIFIED.,.F.,
 .F.,(3,3),(0.,1.),.PIECEWISE_BEZIER_KNOTS.);
#83=B_SPLINE_CURVE_WITH_KNOTS('',2,(#3674,#3675,#3676),.UNSPECIFIED.,.F.,
 .F.,(3,3),(0.,1.),.PIECEWISE_BEZIER_KNOTS.);
#84=B_SPLINE_CURVE_WITH_KNOTS('',2,(#3693,#3694,#3695),.UNSPECIFIED.,.F.,
 .F.,(3,3),(0.,0.498752942258778),.PIECEWISE_BEZIER_KNOTS.);
#85=B_SPLINE_CURVE_WITH_KNOTS('',2,(#3697,#3698,#3699),.UNSPECIFIED.,.F.,
 .F.,(3,3),(0.,0.498752942258778),.PIECEWISE_BEZIER_KNOTS.);
#86=B_SPLINE_SURFACE_WITH_KNOTS('',3,1,((#2980,#2981),(#2982,#2983),(#2984,
#2985),(#2986,#2987)),.SURF_OF_LINEAR_EXTRUSION.,.F.,.F.,.F.,(4,4),(2,2),
(0.182689602205943,0.304104484867869),(0.,1.),.PIECEWISE_BEZIER_KNOTS.);
#87=B_SPLINE_SURFACE_WITH_KNOTS('',3,1,((#3000,#3001),(#3002,#3003),(#3004,
#3005),(#3006,#3007)),.SURF_OF_LINEAR_EXTRUSION.,.F.,.F.,.F.,(4,4),(2,2),
(0.0289057829171866,0.125387521511356),(0.,1.),.PIECEWISE_BEZIER_KNOTS.);
#88=B_SPLINE_SURFACE_WITH_KNOTS('',3,1,((#3020,#3021),(#3022,#3023),(#3024,
#3025),(#3026,#3027)),.SURF_OF_LINEAR_EXTRUSION.,.F.,.F.,.F.,(4,4),(2,2),
(0.245227091441934,0.435785439578312),(0.,1.),.PIECEWISE_BEZIER_KNOTS.);
#89=B_SPLINE_SURFACE_WITH_KNOTS('',3,1,((#3067,#3068),(#3069,#3070),(#3071,
#3072),(#3073,#3074)),.SURF_OF_LINEAR_EXTRUSION.,.F.,.F.,.F.,(4,4),(2,2),
(0.152003420567671,0.226546659072486),(0.,1.),.PIECEWISE_BEZIER_KNOTS.);
#90=B_SPLINE_SURFACE_WITH_KNOTS('',3,1,((#3096,#3097),(#3098,#3099),(#3100,
#3101),(#3102,#3103)),.SURF_OF_LINEAR_EXTRUSION.,.F.,.F.,.F.,(4,4),(2,2),
(0.0506453081599851,0.543909049288644),(0.,1.),.PIECEWISE_BEZIER_KNOTS.);
#91=B_SPLINE_SURFACE_WITH_KNOTS('',3,1,((#3122,#3123),(#3124,#3125),(#3126,
#3127),(#3128,#3129)),.SURF_OF_LINEAR_EXTRUSION.,.F.,.F.,.F.,(4,4),(2,2),
(0.,0.506691726666075),(0.,1.),.PIECEWISE_BEZIER_KNOTS.);
#92=B_SPLINE_SURFACE_WITH_KNOTS('',3,1,((#3145,#3146),(#3147,#3148),(#3149,
#3150),(#3151,#3152),(#3153,#3154),(#3155,#3156)),
 .SURF_OF_LINEAR_EXTRUSION.,.F.,.F.,.F.,(4,1,1,4),(2,2),(0.,0.20779431882053,
0.513758755547565,1.),(0.,1.),.UNSPECIFIED.);
#93=B_SPLINE_SURFACE_WITH_KNOTS('',3,1,((#3184,#3185),(#3186,#3187),(#3188,
#3189),(#3190,#3191)),.SURF_OF_LINEAR_EXTRUSION.,.F.,.F.,.F.,(4,4),(2,2),
(0.,1.),(0.,1.),.PIECEWISE_BEZIER_KNOTS.);
#94=B_SPLINE_SURFACE_WITH_KNOTS('',3,1,((#3213,#3214),(#3215,#3216),(#3217,
#3218),(#3219,#3220)),.SURF_OF_LINEAR_EXTRUSION.,.F.,.F.,.F.,(4,4),(2,2),
(0.,0.341182481904024),(0.,1.),.PIECEWISE_BEZIER_KNOTS.);
#95=B_SPLINE_SURFACE_WITH_KNOTS('',3,1,((#3242,#3243),(#3244,#3245),(#3246,
#3247),(#3248,#3249)),.SURF_OF_LINEAR_EXTRUSION.,.F.,.F.,.F.,(4,4),(2,2),
(0.,0.470260177613839),(0.,1.),.PIECEWISE_BEZIER_KNOTS.);
#96=B_SPLINE_SURFACE_WITH_KNOTS('',3,1,((#3271,#3272),(#3273,#3274),(#3275,
#3276),(#3277,#3278)),.SURF_OF_LINEAR_EXTRUSION.,.F.,.F.,.F.,(4,4),(2,2),
(0.,0.514850712948769),(0.,1.),.PIECEWISE_BEZIER_KNOTS.);
#97=B_SPLINE_SURFACE_WITH_KNOTS('',3,1,((#3294,#3295),(#3296,#3297),(#3298,
#3299),(#3300,#3301)),.SURF_OF_LINEAR_EXTRUSION.,.F.,.F.,.F.,(4,4),(2,2),
(0.,1.),(0.,1.),.PIECEWISE_BEZIER_KNOTS.);
#98=B_SPLINE_SURFACE_WITH_KNOTS('',3,1,((#3332,#3333),(#3334,#3335),(#3336,
#3337),(#3338,#3339)),.SURF_OF_LINEAR_EXTRUSION.,.F.,.F.,.F.,(4,4),(2,2),
(0.,1.),(0.,1.),.PIECEWISE_BEZIER_KNOTS.);
#99=B_SPLINE_SURFACE_WITH_KNOTS('',3,1,((#3352,#3353),(#3354,#3355),(#3356,
#3357),(#3358,#3359)),.SURF_OF_LINEAR_EXTRUSION.,.F.,.F.,.F.,(4,4),(2,2),
(0.,0.143235248169668),(0.,1.),.PIECEWISE_BEZIER_KNOTS.);
#100=B_SPLINE_SURFACE_WITH_KNOTS('',3,1,((#3378,#3379),(#3380,#3381),(#3382,
#3383),(#3384,#3385)),.SURF_OF_LINEAR_EXTRUSION.,.F.,.F.,.F.,(4,4),(2,2),
(0.,1.),(0.,1.),.PIECEWISE_BEZIER_KNOTS.);
#101=B_SPLINE_SURFACE_WITH_KNOTS('',3,1,((#3411,#3412),(#3413,#3414),(#3415,
#3416),(#3417,#3418),(#3419,#3420)),.SURF_OF_LINEAR_EXTRUSION.,.F.,.F.,
 .F.,(4,1,4),(2,2),(0.,0.429388018913638,1.),(0.,1.),.UNSPECIFIED.);
#102=B_SPLINE_SURFACE_WITH_KNOTS('',3,1,((#3434,#3435),(#3436,#3437),(#3438,
#3439),(#3440,#3441)),.SURF_OF_LINEAR_EXTRUSION.,.F.,.F.,.F.,(4,4),(2,2),
(0.1383922066732,0.897649957559565),(0.,1.),.PIECEWISE_BEZIER_KNOTS.);
#103=B_SPLINE_SURFACE_WITH_KNOTS('',3,1,((#3457,#3458),(#3459,#3460),(#3461,
#3462),(#3463,#3464)),.SURF_OF_LINEAR_EXTRUSION.,.F.,.F.,.F.,(4,4),(2,2),
(0.,0.365719836317499),(0.,1.),.PIECEWISE_BEZIER_KNOTS.);
#104=B_SPLINE_SURFACE_WITH_KNOTS('',3,1,((#3474,#3475),(#3476,#3477),(#3478,
#3479),(#3480,#3481)),.SURF_OF_LINEAR_EXTRUSION.,.F.,.F.,.F.,(4,4),(2,2),
(0.,0.499100154852509),(0.,1.),.PIECEWISE_BEZIER_KNOTS.);
#105=B_SPLINE_SURFACE_WITH_KNOTS('',3,1,((#3491,#3492),(#3493,#3494),(#3495,
#3496),(#3497,#3498)),.SURF_OF_LINEAR_EXTRUSION.,.F.,.F.,.F.,(4,4),(2,2),
(0.0367978865670523,0.518276602568888),(0.,1.),.PIECEWISE_BEZIER_KNOTS.);
#106=B_SPLINE_SURFACE_WITH_KNOTS('',3,1,((#3514,#3515),(#3516,#3517),(#3518,
#3519),(#3520,#3521)),.SURF_OF_LINEAR_EXTRUSION.,.F.,.F.,.F.,(4,4),(2,2),
(0.,0.503891640286829),(0.,1.),.PIECEWISE_BEZIER_KNOTS.);
#107=B_SPLINE_SURFACE_WITH_KNOTS('',3,1,((#3531,#3532),(#3533,#3534),(#3535,
#3536),(#3537,#3538)),.SURF_OF_LINEAR_EXTRUSION.,.F.,.F.,.F.,(4,4),(2,2),
(0.0106504779096647,0.449648454515341),(0.,1.),.PIECEWISE_BEZIER_KNOTS.);
#108=B_SPLINE_SURFACE_WITH_KNOTS('',3,1,((#3548,#3549),(#3550,#3551),(#3552,
#3553),(#3554,#3555)),.SURF_OF_LINEAR_EXTRUSION.,.F.,.F.,.F.,(4,4),(2,2),
(0.,0.729594634579765),(0.,1.),.PIECEWISE_BEZIER_KNOTS.);
#109=B_SPLINE_SURFACE_WITH_KNOTS('',3,1,((#3565,#3566),(#3567,#3568),(#3569,
#3570),(#3571,#3572)),.SURF_OF_LINEAR_EXTRUSION.,.F.,.F.,.F.,(4,4),(2,2),
(0.,0.344059402299177),(0.,1.),.PIECEWISE_BEZIER_KNOTS.);
#110=B_SPLINE_SURFACE_WITH_KNOTS('',3,1,((#3588,#3589),(#3590,#3591),(#3592,
#3593),(#3594,#3595)),.SURF_OF_LINEAR_EXTRUSION.,.F.,.F.,.F.,(4,4),(2,2),
(0.,1.),(0.,1.),.PIECEWISE_BEZIER_KNOTS.);
#111=B_SPLINE_SURFACE_WITH_KNOTS('',3,1,((#3605,#3606),(#3607,#3608),(#3609,
#3610),(#3611,#3612)),.SURF_OF_LINEAR_EXTRUSION.,.F.,.F.,.F.,(4,4),(2,2),
(0.,1.),(0.,1.),.PIECEWISE_BEZIER_KNOTS.);
#112=B_SPLINE_SURFACE_WITH_KNOTS('',3,1,((#3622,#3623),(#3624,#3625),(#3626,
#3627),(#3628,#3629)),.SURF_OF_LINEAR_EXTRUSION.,.F.,.F.,.F.,(4,4),(2,2),
(0.,0.63172150384815),(0.,1.),.PIECEWISE_BEZIER_KNOTS.);
#113=B_SPLINE_SURFACE_WITH_KNOTS('',3,1,((#3639,#3640),(#3641,#3642),(#3643,
#3644),(#3645,#3646)),.SURF_OF_LINEAR_EXTRUSION.,.F.,.F.,.F.,(4,4),(2,2),
(0.,0.502819568645535),(0.,1.),.PIECEWISE_BEZIER_KNOTS.);
#114=B_SPLINE_SURFACE_WITH_KNOTS('',3,1,((#3662,#3663),(#3664,#3665),(#3666,
#3667),(#3668,#3669)),.SURF_OF_LINEAR_EXTRUSION.,.F.,.F.,.F.,(4,4),(2,2),
(0.,1.),(0.,1.),.PIECEWISE_BEZIER_KNOTS.);
#115=B_SPLINE_SURFACE_WITH_KNOTS('',3,1,((#3685,#3686),(#3687,#3688),(#3689,
#3690),(#3691,#3692)),.SURF_OF_LINEAR_EXTRUSION.,.F.,.F.,.F.,(4,4),(2,2),
(0.,0.498752942258778),(0.,1.),.PIECEWISE_BEZIER_KNOTS.);
#116=B_SPLINE_SURFACE_WITH_KNOTS('',3,1,((#3861,#3862),(#3863,#3864),(#3865,
#3866),(#3867,#3868),(#3869,#3870),(#3871,#3872),(#3873,#3874),(#3875,#3876),
(#3877,#3878),(#3879,#3880),(#3881,#3882)),.SURF_OF_LINEAR_EXTRUSION.,.T.,
 .F.,.F.,(1,1,1,1,1,1,1,1,1,1,1,1,1,1,1),(2,2),(3.92699081698724,4.71238898038469,
5.49778714378214,6.28318530717959,7.06858347057703,7.85398163397448,8.63937979737193,
9.42477796076938,10.2101761241668,10.9955742875643,11.7809724509617,12.5663706143592,
13.3517687777566,14.1371669411541,14.9225651045515),(0.,1.),
 .UNSPECIFIED.);
#117=CIRCLE('',#2347,0.00452556458329593);
#118=CIRCLE('',#2348,0.00452556458329593);
#119=CIRCLE('',#2350,0.00619431468063112);
#120=CIRCLE('',#2351,0.00619431468063112);
#121=CIRCLE('',#2353,0.00718965249777618);
#122=CIRCLE('',#2354,0.00718965249777618);
#123=CIRCLE('',#2356,0.00945294063549053);
#124=CIRCLE('',#2357,0.00945294063549053);
#125=CIRCLE('',#2359,0.0174737033477001);
#126=CIRCLE('',#2360,0.0174737033477001);
#127=CIRCLE('',#2362,0.00236933535855985);
#128=CIRCLE('',#2363,0.00236933535855985);
#129=CIRCLE('',#2382,0.000467895854801634);
#130=CIRCLE('',#2383,0.000467895854801634);
#131=CIRCLE('',#2385,0.000917871315499216);
#132=CIRCLE('',#2386,0.000917871315499216);
#133=CIRCLE('',#2442,0.00516881517811586);
#134=CIRCLE('',#2444,0.00540555982887745);
#135=CIRCLE('',#2446,0.0102171987950802);
#136=CIRCLE('',#2448,0.0108101830542087);
#137=CIRCLE('',#2450,0.010556047475338);
#138=CYLINDRICAL_SURFACE('',#2346,0.00452556458329593);
#139=CYLINDRICAL_SURFACE('',#2349,0.00619431468063112);
#140=CYLINDRICAL_SURFACE('',#2352,0.00718965249777618);
#141=CYLINDRICAL_SURFACE('',#2355,0.00945294063549053);
#142=CYLINDRICAL_SURFACE('',#2358,0.0174737033477001);
#143=CYLINDRICAL_SURFACE('',#2361,0.00236965569781785);
#144=CYLINDRICAL_SURFACE('',#2380,0.021073975684686);
#145=CYLINDRICAL_SURFACE('',#2381,0.000467895854801634);
#146=CYLINDRICAL_SURFACE('',#2384,0.000917871315499216);
#147=ORIENTED_EDGE('',*,*,#815,.F.);
#148=ORIENTED_EDGE('',*,*,#816,.T.);
#149=ORIENTED_EDGE('',*,*,#817,.T.);
#150=ORIENTED_EDGE('',*,*,#818,.F.);
#151=ORIENTED_EDGE('',*,*,#819,.F.);
#152=ORIENTED_EDGE('',*,*,#820,.T.);
#153=ORIENTED_EDGE('',*,*,#821,.F.);
#154=ORIENTED_EDGE('',*,*,#822,.F.);
#155=ORIENTED_EDGE('',*,*,#823,.T.);
#156=ORIENTED_EDGE('',*,*,#824,.T.);
#157=ORIENTED_EDGE('',*,*,#825,.F.);
#158=ORIENTED_EDGE('',*,*,#826,.F.);
#159=ORIENTED_EDGE('',*,*,#827,.T.);
#160=ORIENTED_EDGE('',*,*,#828,.T.);
#161=ORIENTED_EDGE('',*,*,#829,.F.);
#162=ORIENTED_EDGE('',*,*,#830,.F.);
#163=ORIENTED_EDGE('',*,*,#831,.T.);
#164=ORIENTED_EDGE('',*,*,#832,.T.);
#165=ORIENTED_EDGE('',*,*,#833,.F.);
#166=ORIENTED_EDGE('',*,*,#834,.F.);
#167=ORIENTED_EDGE('',*,*,#835,.F.);
#168=ORIENTED_EDGE('',*,*,#836,.T.);
#169=ORIENTED_EDGE('',*,*,#837,.F.);
#170=ORIENTED_EDGE('',*,*,#838,.F.);
#171=ORIENTED_EDGE('',*,*,#839,.T.);
#172=ORIENTED_EDGE('',*,*,#840,.T.);
#173=ORIENTED_EDGE('',*,*,#841,.F.);
#174=ORIENTED_EDGE('',*,*,#842,.F.);
#175=ORIENTED_EDGE('',*,*,#843,.T.);
#176=ORIENTED_EDGE('',*,*,#844,.T.);
#177=ORIENTED_EDGE('',*,*,#845,.F.);
#178=ORIENTED_EDGE('',*,*,#846,.F.);
#179=ORIENTED_EDGE('',*,*,#847,.T.);
#180=ORIENTED_EDGE('',*,*,#848,.T.);
#181=ORIENTED_EDGE('',*,*,#849,.F.);
#182=ORIENTED_EDGE('',*,*,#850,.F.);
#183=ORIENTED_EDGE('',*,*,#851,.F.);
#184=ORIENTED_EDGE('',*,*,#852,.T.);
#185=ORIENTED_EDGE('',*,*,#853,.F.);
#186=ORIENTED_EDGE('',*,*,#854,.F.);
#187=ORIENTED_EDGE('',*,*,#855,.T.);
#188=ORIENTED_EDGE('',*,*,#856,.T.);
#189=ORIENTED_EDGE('',*,*,#857,.F.);
#190=ORIENTED_EDGE('',*,*,#858,.F.);
#191=ORIENTED_EDGE('',*,*,#859,.T.);
#192=ORIENTED_EDGE('',*,*,#860,.T.);
#193=ORIENTED_EDGE('',*,*,#861,.F.);
#194=ORIENTED_EDGE('',*,*,#862,.F.);
#195=ORIENTED_EDGE('',*,*,#863,.T.);
#196=ORIENTED_EDGE('',*,*,#864,.T.);
#197=ORIENTED_EDGE('',*,*,#865,.F.);
#198=ORIENTED_EDGE('',*,*,#866,.F.);
#199=ORIENTED_EDGE('',*,*,#867,.T.);
#200=ORIENTED_EDGE('',*,*,#868,.T.);
#201=ORIENTED_EDGE('',*,*,#869,.F.);
#202=ORIENTED_EDGE('',*,*,#870,.F.);
#203=ORIENTED_EDGE('',*,*,#871,.T.);
#204=ORIENTED_EDGE('',*,*,#872,.F.);
#205=ORIENTED_EDGE('',*,*,#873,.F.);
#206=ORIENTED_EDGE('',*,*,#874,.T.);
#207=ORIENTED_EDGE('',*,*,#875,.T.);
#208=ORIENTED_EDGE('',*,*,#874,.F.);
#209=ORIENTED_EDGE('',*,*,#876,.F.);
#210=ORIENTED_EDGE('',*,*,#877,.T.);
#211=ORIENTED_EDGE('',*,*,#878,.T.);
#212=ORIENTED_EDGE('',*,*,#877,.F.);
#213=ORIENTED_EDGE('',*,*,#879,.F.);
#214=ORIENTED_EDGE('',*,*,#880,.T.);
#215=ORIENTED_EDGE('',*,*,#881,.T.);
#216=ORIENTED_EDGE('',*,*,#880,.F.);
#217=ORIENTED_EDGE('',*,*,#882,.F.);
#218=ORIENTED_EDGE('',*,*,#883,.T.);
#219=ORIENTED_EDGE('',*,*,#884,.T.);
#220=ORIENTED_EDGE('',*,*,#883,.F.);
#221=ORIENTED_EDGE('',*,*,#885,.F.);
#222=ORIENTED_EDGE('',*,*,#886,.T.);
#223=ORIENTED_EDGE('',*,*,#887,.T.);
#224=ORIENTED_EDGE('',*,*,#886,.F.);
#225=ORIENTED_EDGE('',*,*,#888,.F.);
#226=ORIENTED_EDGE('',*,*,#889,.T.);
#227=ORIENTED_EDGE('',*,*,#890,.T.);
#228=ORIENTED_EDGE('',*,*,#889,.F.);
#229=ORIENTED_EDGE('',*,*,#891,.F.);
#230=ORIENTED_EDGE('',*,*,#892,.T.);
#231=ORIENTED_EDGE('',*,*,#893,.T.);
#232=ORIENTED_EDGE('',*,*,#892,.F.);
#233=ORIENTED_EDGE('',*,*,#894,.F.);
#234=ORIENTED_EDGE('',*,*,#895,.T.);
#235=ORIENTED_EDGE('',*,*,#896,.T.);
#236=ORIENTED_EDGE('',*,*,#895,.F.);
#237=ORIENTED_EDGE('',*,*,#897,.F.);
#238=ORIENTED_EDGE('',*,*,#898,.T.);
#239=ORIENTED_EDGE('',*,*,#899,.F.);
#240=ORIENTED_EDGE('',*,*,#898,.F.);
#241=ORIENTED_EDGE('',*,*,#900,.T.);
#242=ORIENTED_EDGE('',*,*,#901,.T.);
#243=ORIENTED_EDGE('',*,*,#902,.T.);
#244=ORIENTED_EDGE('',*,*,#901,.F.);
#245=ORIENTED_EDGE('',*,*,#903,.F.);
#246=ORIENTED_EDGE('',*,*,#904,.T.);
#247=ORIENTED_EDGE('',*,*,#905,.T.);
#248=ORIENTED_EDGE('',*,*,#904,.F.);
#249=ORIENTED_EDGE('',*,*,#906,.F.);
#250=ORIENTED_EDGE('',*,*,#907,.T.);
#251=ORIENTED_EDGE('',*,*,#908,.T.);
#252=ORIENTED_EDGE('',*,*,#907,.F.);
#253=ORIENTED_EDGE('',*,*,#909,.F.);
#254=ORIENTED_EDGE('',*,*,#910,.T.);
#255=ORIENTED_EDGE('',*,*,#911,.T.);
#256=ORIENTED_EDGE('',*,*,#910,.F.);
#257=ORIENTED_EDGE('',*,*,#912,.F.);
#258=ORIENTED_EDGE('',*,*,#913,.T.);
#259=ORIENTED_EDGE('',*,*,#914,.T.);
#260=ORIENTED_EDGE('',*,*,#913,.F.);
#261=ORIENTED_EDGE('',*,*,#915,.F.);
#262=ORIENTED_EDGE('',*,*,#916,.T.);
#263=ORIENTED_EDGE('',*,*,#917,.T.);
#264=ORIENTED_EDGE('',*,*,#916,.F.);
#265=ORIENTED_EDGE('',*,*,#918,.F.);
#266=ORIENTED_EDGE('',*,*,#919,.T.);
#267=ORIENTED_EDGE('',*,*,#920,.T.);
#268=ORIENTED_EDGE('',*,*,#919,.F.);
#269=ORIENTED_EDGE('',*,*,#921,.F.);
#270=ORIENTED_EDGE('',*,*,#922,.T.);
#271=ORIENTED_EDGE('',*,*,#923,.T.);
#272=ORIENTED_EDGE('',*,*,#922,.F.);
#273=ORIENTED_EDGE('',*,*,#924,.F.);
#274=ORIENTED_EDGE('',*,*,#925,.T.);
#275=ORIENTED_EDGE('',*,*,#926,.F.);
#276=ORIENTED_EDGE('',*,*,#925,.F.);
#277=ORIENTED_EDGE('',*,*,#927,.T.);
#278=ORIENTED_EDGE('',*,*,#928,.T.);
#279=ORIENTED_EDGE('',*,*,#929,.T.);
#280=ORIENTED_EDGE('',*,*,#930,.T.);
#281=ORIENTED_EDGE('',*,*,#931,.F.);
#282=ORIENTED_EDGE('',*,*,#821,.T.);
#283=ORIENTED_EDGE('',*,*,#932,.T.);
#284=ORIENTED_EDGE('',*,*,#933,.T.);
#285=ORIENTED_EDGE('',*,*,#934,.F.);
#286=ORIENTED_EDGE('',*,*,#935,.T.);
#287=ORIENTED_EDGE('',*,*,#936,.F.);
#288=ORIENTED_EDGE('',*,*,#935,.F.);
#289=ORIENTED_EDGE('',*,*,#937,.T.);
#290=ORIENTED_EDGE('',*,*,#938,.T.);
#291=ORIENTED_EDGE('',*,*,#939,.T.);
#292=ORIENTED_EDGE('',*,*,#938,.F.);
#293=ORIENTED_EDGE('',*,*,#940,.F.);
#294=ORIENTED_EDGE('',*,*,#941,.T.);
#295=ORIENTED_EDGE('',*,*,#942,.F.);
#296=ORIENTED_EDGE('',*,*,#941,.F.);
#297=ORIENTED_EDGE('',*,*,#943,.T.);
#298=ORIENTED_EDGE('',*,*,#837,.T.);
#299=ORIENTED_EDGE('',*,*,#944,.T.);
#300=ORIENTED_EDGE('',*,*,#945,.T.);
#301=ORIENTED_EDGE('',*,*,#946,.F.);
#302=ORIENTED_EDGE('',*,*,#947,.T.);
#303=ORIENTED_EDGE('',*,*,#948,.T.);
#304=ORIENTED_EDGE('',*,*,#947,.F.);
#305=ORIENTED_EDGE('',*,*,#949,.F.);
#306=ORIENTED_EDGE('',*,*,#950,.T.);
#307=ORIENTED_EDGE('',*,*,#951,.T.);
#308=ORIENTED_EDGE('',*,*,#950,.F.);
#309=ORIENTED_EDGE('',*,*,#952,.F.);
#310=ORIENTED_EDGE('',*,*,#953,.T.);
#311=ORIENTED_EDGE('',*,*,#954,.T.);
#312=ORIENTED_EDGE('',*,*,#953,.F.);
#313=ORIENTED_EDGE('',*,*,#955,.F.);
#314=ORIENTED_EDGE('',*,*,#853,.T.);
#315=ORIENTED_EDGE('',*,*,#956,.T.);
#316=ORIENTED_EDGE('',*,*,#957,.T.);
#317=ORIENTED_EDGE('',*,*,#958,.F.);
#318=ORIENTED_EDGE('',*,*,#959,.T.);
#319=ORIENTED_EDGE('',*,*,#960,.T.);
#320=ORIENTED_EDGE('',*,*,#959,.F.);
#321=ORIENTED_EDGE('',*,*,#961,.F.);
#322=ORIENTED_EDGE('',*,*,#962,.T.);
#323=ORIENTED_EDGE('',*,*,#963,.T.);
#324=ORIENTED_EDGE('',*,*,#962,.F.);
#325=ORIENTED_EDGE('',*,*,#964,.F.);
#326=ORIENTED_EDGE('',*,*,#965,.T.);
#327=ORIENTED_EDGE('',*,*,#966,.T.);
#328=ORIENTED_EDGE('',*,*,#965,.F.);
#329=ORIENTED_EDGE('',*,*,#967,.F.);
#330=ORIENTED_EDGE('',*,*,#968,.T.);
#331=ORIENTED_EDGE('',*,*,#969,.T.);
#332=ORIENTED_EDGE('',*,*,#968,.F.);
#333=ORIENTED_EDGE('',*,*,#970,.F.);
#334=ORIENTED_EDGE('',*,*,#971,.T.);
#335=ORIENTED_EDGE('',*,*,#972,.T.);
#336=ORIENTED_EDGE('',*,*,#971,.F.);
#337=ORIENTED_EDGE('',*,*,#973,.F.);
#338=ORIENTED_EDGE('',*,*,#974,.T.);
#339=ORIENTED_EDGE('',*,*,#975,.T.);
#340=ORIENTED_EDGE('',*,*,#974,.F.);
#341=ORIENTED_EDGE('',*,*,#976,.F.);
#342=ORIENTED_EDGE('',*,*,#977,.T.);
#343=ORIENTED_EDGE('',*,*,#978,.T.);
#344=ORIENTED_EDGE('',*,*,#977,.F.);
#345=ORIENTED_EDGE('',*,*,#979,.F.);
#346=ORIENTED_EDGE('',*,*,#980,.T.);
#347=ORIENTED_EDGE('',*,*,#981,.T.);
#348=ORIENTED_EDGE('',*,*,#980,.F.);
#349=ORIENTED_EDGE('',*,*,#982,.F.);
#350=ORIENTED_EDGE('',*,*,#983,.T.);
#351=ORIENTED_EDGE('',*,*,#984,.T.);
#352=ORIENTED_EDGE('',*,*,#983,.F.);
#353=ORIENTED_EDGE('',*,*,#985,.F.);
#354=ORIENTED_EDGE('',*,*,#986,.T.);
#355=ORIENTED_EDGE('',*,*,#987,.T.);
#356=ORIENTED_EDGE('',*,*,#986,.F.);
#357=ORIENTED_EDGE('',*,*,#988,.F.);
#358=ORIENTED_EDGE('',*,*,#989,.T.);
#359=ORIENTED_EDGE('',*,*,#990,.T.);
#360=ORIENTED_EDGE('',*,*,#989,.F.);
#361=ORIENTED_EDGE('',*,*,#991,.F.);
#362=ORIENTED_EDGE('',*,*,#992,.T.);
#363=ORIENTED_EDGE('',*,*,#993,.F.);
#364=ORIENTED_EDGE('',*,*,#992,.F.);
#365=ORIENTED_EDGE('',*,*,#994,.T.);
#366=ORIENTED_EDGE('',*,*,#995,.T.);
#367=ORIENTED_EDGE('',*,*,#996,.F.);
#368=ORIENTED_EDGE('',*,*,#995,.F.);
#369=ORIENTED_EDGE('',*,*,#997,.T.);
#370=ORIENTED_EDGE('',*,*,#998,.T.);
#371=ORIENTED_EDGE('',*,*,#999,.T.);
#372=ORIENTED_EDGE('',*,*,#998,.F.);
#373=ORIENTED_EDGE('',*,*,#1000,.F.);
#374=ORIENTED_EDGE('',*,*,#1001,.T.);
#375=ORIENTED_EDGE('',*,*,#1002,.T.);
#376=ORIENTED_EDGE('',*,*,#1001,.F.);
#377=ORIENTED_EDGE('',*,*,#1003,.F.);
#378=ORIENTED_EDGE('',*,*,#1004,.T.);
#379=ORIENTED_EDGE('',*,*,#1005,.T.);
#380=ORIENTED_EDGE('',*,*,#1004,.F.);
#381=ORIENTED_EDGE('',*,*,#1006,.F.);
#382=ORIENTED_EDGE('',*,*,#1007,.T.);
#383=ORIENTED_EDGE('',*,*,#1008,.T.);
#384=ORIENTED_EDGE('',*,*,#1007,.F.);
#385=ORIENTED_EDGE('',*,*,#1009,.F.);
#386=ORIENTED_EDGE('',*,*,#1010,.T.);
#387=ORIENTED_EDGE('',*,*,#1011,.T.);
#388=ORIENTED_EDGE('',*,*,#1010,.F.);
#389=ORIENTED_EDGE('',*,*,#1012,.F.);
#390=ORIENTED_EDGE('',*,*,#1013,.T.);
#391=ORIENTED_EDGE('',*,*,#1014,.T.);
#392=ORIENTED_EDGE('',*,*,#1013,.F.);
#393=ORIENTED_EDGE('',*,*,#1015,.F.);
#394=ORIENTED_EDGE('',*,*,#1016,.T.);
#395=ORIENTED_EDGE('',*,*,#1017,.T.);
#396=ORIENTED_EDGE('',*,*,#1016,.F.);
#397=ORIENTED_EDGE('',*,*,#1018,.F.);
#398=ORIENTED_EDGE('',*,*,#1019,.T.);
#399=ORIENTED_EDGE('',*,*,#1020,.T.);
#400=ORIENTED_EDGE('',*,*,#1019,.F.);
#401=ORIENTED_EDGE('',*,*,#1021,.F.);
#402=ORIENTED_EDGE('',*,*,#872,.T.);
#403=ORIENTED_EDGE('',*,*,#1022,.F.);
#404=ORIENTED_EDGE('',*,*,#1023,.F.);
#405=ORIENTED_EDGE('',*,*,#1024,.F.);
#406=ORIENTED_EDGE('',*,*,#822,.T.);
#407=ORIENTED_EDGE('',*,*,#931,.T.);
#408=ORIENTED_EDGE('',*,*,#1025,.F.);
#409=ORIENTED_EDGE('',*,*,#1026,.F.);
#410=ORIENTED_EDGE('',*,*,#1027,.F.);
#411=ORIENTED_EDGE('',*,*,#818,.T.);
#412=ORIENTED_EDGE('',*,*,#1028,.F.);
#413=ORIENTED_EDGE('',*,*,#1029,.F.);
#414=ORIENTED_EDGE('',*,*,#1030,.F.);
#415=ORIENTED_EDGE('',*,*,#927,.F.);
#416=ORIENTED_EDGE('',*,*,#924,.T.);
#417=ORIENTED_EDGE('',*,*,#921,.T.);
#418=ORIENTED_EDGE('',*,*,#918,.T.);
#419=ORIENTED_EDGE('',*,*,#915,.T.);
#420=ORIENTED_EDGE('',*,*,#912,.T.);
#421=ORIENTED_EDGE('',*,*,#909,.T.);
#422=ORIENTED_EDGE('',*,*,#906,.T.);
#423=ORIENTED_EDGE('',*,*,#903,.T.);
#424=ORIENTED_EDGE('',*,*,#900,.F.);
#425=ORIENTED_EDGE('',*,*,#897,.T.);
#426=ORIENTED_EDGE('',*,*,#894,.T.);
#427=ORIENTED_EDGE('',*,*,#891,.T.);
#428=ORIENTED_EDGE('',*,*,#888,.T.);
#429=ORIENTED_EDGE('',*,*,#885,.T.);
#430=ORIENTED_EDGE('',*,*,#882,.T.);
#431=ORIENTED_EDGE('',*,*,#879,.T.);
#432=ORIENTED_EDGE('',*,*,#876,.T.);
#433=ORIENTED_EDGE('',*,*,#873,.T.);
#434=ORIENTED_EDGE('',*,*,#1021,.T.);
#435=ORIENTED_EDGE('',*,*,#1018,.T.);
#436=ORIENTED_EDGE('',*,*,#1015,.T.);
#437=ORIENTED_EDGE('',*,*,#1012,.T.);
#438=ORIENTED_EDGE('',*,*,#1009,.T.);
#439=ORIENTED_EDGE('',*,*,#1006,.T.);
#440=ORIENTED_EDGE('',*,*,#1003,.T.);
#441=ORIENTED_EDGE('',*,*,#1000,.T.);
#442=ORIENTED_EDGE('',*,*,#997,.F.);
#443=ORIENTED_EDGE('',*,*,#994,.F.);
#444=ORIENTED_EDGE('',*,*,#991,.T.);
#445=ORIENTED_EDGE('',*,*,#988,.T.);
#446=ORIENTED_EDGE('',*,*,#985,.T.);
#447=ORIENTED_EDGE('',*,*,#982,.T.);
#448=ORIENTED_EDGE('',*,*,#979,.T.);
#449=ORIENTED_EDGE('',*,*,#976,.T.);
#450=ORIENTED_EDGE('',*,*,#973,.T.);
#451=ORIENTED_EDGE('',*,*,#970,.T.);
#452=ORIENTED_EDGE('',*,*,#967,.T.);
#453=ORIENTED_EDGE('',*,*,#964,.T.);
#454=ORIENTED_EDGE('',*,*,#961,.T.);
#455=ORIENTED_EDGE('',*,*,#958,.T.);
#456=ORIENTED_EDGE('',*,*,#1031,.F.);
#457=ORIENTED_EDGE('',*,*,#1032,.F.);
#458=ORIENTED_EDGE('',*,*,#1033,.F.);
#459=ORIENTED_EDGE('',*,*,#869,.T.);
#460=ORIENTED_EDGE('',*,*,#1034,.F.);
#461=ORIENTED_EDGE('',*,*,#1035,.F.);
#462=ORIENTED_EDGE('',*,*,#1036,.F.);
#463=ORIENTED_EDGE('',*,*,#865,.T.);
#464=ORIENTED_EDGE('',*,*,#1037,.F.);
#465=ORIENTED_EDGE('',*,*,#1038,.F.);
#466=ORIENTED_EDGE('',*,*,#1039,.F.);
#467=ORIENTED_EDGE('',*,*,#861,.T.);
#468=ORIENTED_EDGE('',*,*,#1040,.F.);
#469=ORIENTED_EDGE('',*,*,#1041,.F.);
#470=ORIENTED_EDGE('',*,*,#1042,.F.);
#471=ORIENTED_EDGE('',*,*,#857,.T.);
#472=ORIENTED_EDGE('',*,*,#1043,.F.);
#473=ORIENTED_EDGE('',*,*,#1044,.F.);
#474=ORIENTED_EDGE('',*,*,#1045,.F.);
#475=ORIENTED_EDGE('',*,*,#854,.T.);
#476=ORIENTED_EDGE('',*,*,#955,.T.);
#477=ORIENTED_EDGE('',*,*,#952,.T.);
#478=ORIENTED_EDGE('',*,*,#949,.T.);
#479=ORIENTED_EDGE('',*,*,#946,.T.);
#480=ORIENTED_EDGE('',*,*,#1046,.F.);
#481=ORIENTED_EDGE('',*,*,#1047,.F.);
#482=ORIENTED_EDGE('',*,*,#1048,.F.);
#483=ORIENTED_EDGE('',*,*,#849,.T.);
#484=ORIENTED_EDGE('',*,*,#1049,.F.);
#485=ORIENTED_EDGE('',*,*,#1050,.F.);
#486=ORIENTED_EDGE('',*,*,#1051,.F.);
#487=ORIENTED_EDGE('',*,*,#845,.T.);
#488=ORIENTED_EDGE('',*,*,#1052,.F.);
#489=ORIENTED_EDGE('',*,*,#1053,.F.);
#490=ORIENTED_EDGE('',*,*,#1054,.F.);
#491=ORIENTED_EDGE('',*,*,#841,.T.);
#492=ORIENTED_EDGE('',*,*,#1055,.F.);
#493=ORIENTED_EDGE('',*,*,#1056,.F.);
#494=ORIENTED_EDGE('',*,*,#1057,.F.);
#495=ORIENTED_EDGE('',*,*,#838,.T.);
#496=ORIENTED_EDGE('',*,*,#943,.F.);
#497=ORIENTED_EDGE('',*,*,#940,.T.);
#498=ORIENTED_EDGE('',*,*,#937,.F.);
#499=ORIENTED_EDGE('',*,*,#934,.T.);
#500=ORIENTED_EDGE('',*,*,#1058,.F.);
#501=ORIENTED_EDGE('',*,*,#1059,.F.);
#502=ORIENTED_EDGE('',*,*,#1060,.F.);
#503=ORIENTED_EDGE('',*,*,#833,.T.);
#504=ORIENTED_EDGE('',*,*,#1061,.F.);
#505=ORIENTED_EDGE('',*,*,#1062,.F.);
#506=ORIENTED_EDGE('',*,*,#1063,.F.);
#507=ORIENTED_EDGE('',*,*,#829,.T.);
#508=ORIENTED_EDGE('',*,*,#1064,.F.);
#509=ORIENTED_EDGE('',*,*,#1065,.F.);
#510=ORIENTED_EDGE('',*,*,#1066,.F.);
#511=ORIENTED_EDGE('',*,*,#825,.T.);
#512=ORIENTED_EDGE('',*,*,#1067,.F.);
#513=ORIENTED_EDGE('',*,*,#1068,.T.);
#514=ORIENTED_EDGE('',*,*,#1069,.T.);
#515=ORIENTED_EDGE('',*,*,#1070,.T.);
#516=ORIENTED_EDGE('',*,*,#823,.F.);
#517=ORIENTED_EDGE('',*,*,#1071,.T.);
#518=ORIENTED_EDGE('',*,*,#1072,.T.);
#519=ORIENTED_EDGE('',*,*,#1073,.T.);
#520=ORIENTED_EDGE('',*,*,#827,.F.);
#521=ORIENTED_EDGE('',*,*,#1074,.T.);
#522=ORIENTED_EDGE('',*,*,#1075,.T.);
#523=ORIENTED_EDGE('',*,*,#1076,.T.);
#524=ORIENTED_EDGE('',*,*,#831,.F.);
#525=ORIENTED_EDGE('',*,*,#1077,.T.);
#526=ORIENTED_EDGE('',*,*,#1078,.T.);
#527=ORIENTED_EDGE('',*,*,#1079,.T.);
#528=ORIENTED_EDGE('',*,*,#932,.F.);
#529=ORIENTED_EDGE('',*,*,#936,.T.);
#530=ORIENTED_EDGE('',*,*,#939,.F.);
#531=ORIENTED_EDGE('',*,*,#942,.T.);
#532=ORIENTED_EDGE('',*,*,#836,.F.);
#533=ORIENTED_EDGE('',*,*,#1080,.T.);
#534=ORIENTED_EDGE('',*,*,#1081,.T.);
#535=ORIENTED_EDGE('',*,*,#1082,.T.);
#536=ORIENTED_EDGE('',*,*,#839,.F.);
#537=ORIENTED_EDGE('',*,*,#1083,.T.);
#538=ORIENTED_EDGE('',*,*,#1084,.T.);
#539=ORIENTED_EDGE('',*,*,#1085,.T.);
#540=ORIENTED_EDGE('',*,*,#843,.F.);
#541=ORIENTED_EDGE('',*,*,#1086,.T.);
#542=ORIENTED_EDGE('',*,*,#1087,.T.);
#543=ORIENTED_EDGE('',*,*,#1088,.T.);
#544=ORIENTED_EDGE('',*,*,#847,.F.);
#545=ORIENTED_EDGE('',*,*,#1089,.T.);
#546=ORIENTED_EDGE('',*,*,#1090,.T.);
#547=ORIENTED_EDGE('',*,*,#1091,.T.);
#548=ORIENTED_EDGE('',*,*,#944,.F.);
#549=ORIENTED_EDGE('',*,*,#948,.F.);
#550=ORIENTED_EDGE('',*,*,#951,.F.);
#551=ORIENTED_EDGE('',*,*,#954,.F.);
#552=ORIENTED_EDGE('',*,*,#852,.F.);
#553=ORIENTED_EDGE('',*,*,#1092,.T.);
#554=ORIENTED_EDGE('',*,*,#1093,.T.);
#555=ORIENTED_EDGE('',*,*,#1094,.T.);
#556=ORIENTED_EDGE('',*,*,#855,.F.);
#557=ORIENTED_EDGE('',*,*,#1095,.T.);
#558=ORIENTED_EDGE('',*,*,#1096,.T.);
#559=ORIENTED_EDGE('',*,*,#1097,.T.);
#560=ORIENTED_EDGE('',*,*,#859,.F.);
#561=ORIENTED_EDGE('',*,*,#1098,.T.);
#562=ORIENTED_EDGE('',*,*,#1099,.T.);
#563=ORIENTED_EDGE('',*,*,#1100,.T.);
#564=ORIENTED_EDGE('',*,*,#863,.F.);
#565=ORIENTED_EDGE('',*,*,#1101,.T.);
#566=ORIENTED_EDGE('',*,*,#1102,.T.);
#567=ORIENTED_EDGE('',*,*,#1103,.T.);
#568=ORIENTED_EDGE('',*,*,#867,.F.);
#569=ORIENTED_EDGE('',*,*,#1104,.T.);
#570=ORIENTED_EDGE('',*,*,#1105,.T.);
#571=ORIENTED_EDGE('',*,*,#1106,.T.);
#572=ORIENTED_EDGE('',*,*,#956,.F.);
#573=ORIENTED_EDGE('',*,*,#960,.F.);
#574=ORIENTED_EDGE('',*,*,#963,.F.);
#575=ORIENTED_EDGE('',*,*,#966,.F.);
#576=ORIENTED_EDGE('',*,*,#969,.F.);
#577=ORIENTED_EDGE('',*,*,#972,.F.);
#578=ORIENTED_EDGE('',*,*,#975,.F.);
#579=ORIENTED_EDGE('',*,*,#978,.F.);
#580=ORIENTED_EDGE('',*,*,#981,.F.);
#581=ORIENTED_EDGE('',*,*,#984,.F.);
#582=ORIENTED_EDGE('',*,*,#987,.F.);
#583=ORIENTED_EDGE('',*,*,#990,.F.);
#584=ORIENTED_EDGE('',*,*,#993,.T.);
#585=ORIENTED_EDGE('',*,*,#996,.T.);
#586=ORIENTED_EDGE('',*,*,#999,.F.);
#587=ORIENTED_EDGE('',*,*,#1002,.F.);
#588=ORIENTED_EDGE('',*,*,#1005,.F.);
#589=ORIENTED_EDGE('',*,*,#1008,.F.);
#590=ORIENTED_EDGE('',*,*,#1011,.F.);
#591=ORIENTED_EDGE('',*,*,#1014,.F.);
#592=ORIENTED_EDGE('',*,*,#1017,.F.);
#593=ORIENTED_EDGE('',*,*,#1020,.F.);
#594=ORIENTED_EDGE('',*,*,#871,.F.);
#595=ORIENTED_EDGE('',*,*,#875,.F.);
#596=ORIENTED_EDGE('',*,*,#878,.F.);
#597=ORIENTED_EDGE('',*,*,#881,.F.);
#598=ORIENTED_EDGE('',*,*,#884,.F.);
#599=ORIENTED_EDGE('',*,*,#887,.F.);
#600=ORIENTED_EDGE('',*,*,#890,.F.);
#601=ORIENTED_EDGE('',*,*,#893,.F.);
#602=ORIENTED_EDGE('',*,*,#896,.F.);
#603=ORIENTED_EDGE('',*,*,#899,.T.);
#604=ORIENTED_EDGE('',*,*,#902,.F.);
#605=ORIENTED_EDGE('',*,*,#905,.F.);
#606=ORIENTED_EDGE('',*,*,#908,.F.);
#607=ORIENTED_EDGE('',*,*,#911,.F.);
#608=ORIENTED_EDGE('',*,*,#914,.F.);
#609=ORIENTED_EDGE('',*,*,#917,.F.);
#610=ORIENTED_EDGE('',*,*,#920,.F.);
#611=ORIENTED_EDGE('',*,*,#923,.F.);
#612=ORIENTED_EDGE('',*,*,#926,.T.);
#613=ORIENTED_EDGE('',*,*,#1107,.T.);
#614=ORIENTED_EDGE('',*,*,#1108,.T.);
#615=ORIENTED_EDGE('',*,*,#1109,.T.);
#616=ORIENTED_EDGE('',*,*,#816,.F.);
#617=ORIENTED_EDGE('',*,*,#1110,.T.);
#618=ORIENTED_EDGE('',*,*,#1111,.T.);
#619=ORIENTED_EDGE('',*,*,#1112,.T.);
#620=ORIENTED_EDGE('',*,*,#929,.F.);
#621=ORIENTED_EDGE('',*,*,#820,.F.);
#622=ORIENTED_EDGE('',*,*,#1113,.T.);
#623=ORIENTED_EDGE('',*,*,#1068,.F.);
#624=ORIENTED_EDGE('',*,*,#1067,.T.);
#625=ORIENTED_EDGE('',*,*,#1031,.T.);
#626=ORIENTED_EDGE('',*,*,#957,.F.);
#627=ORIENTED_EDGE('',*,*,#1106,.F.);
#628=ORIENTED_EDGE('',*,*,#1114,.T.);
#629=ORIENTED_EDGE('',*,*,#1032,.T.);
#630=ORIENTED_EDGE('',*,*,#1114,.F.);
#631=ORIENTED_EDGE('',*,*,#1105,.F.);
#632=ORIENTED_EDGE('',*,*,#1115,.T.);
#633=ORIENTED_EDGE('',*,*,#1033,.T.);
#634=ORIENTED_EDGE('',*,*,#1115,.F.);
#635=ORIENTED_EDGE('',*,*,#1104,.F.);
#636=ORIENTED_EDGE('',*,*,#870,.T.);
#637=ORIENTED_EDGE('',*,*,#1034,.T.);
#638=ORIENTED_EDGE('',*,*,#868,.F.);
#639=ORIENTED_EDGE('',*,*,#1103,.F.);
#640=ORIENTED_EDGE('',*,*,#1116,.T.);
#641=ORIENTED_EDGE('',*,*,#1035,.T.);
#642=ORIENTED_EDGE('',*,*,#1116,.F.);
#643=ORIENTED_EDGE('',*,*,#1102,.F.);
#644=ORIENTED_EDGE('',*,*,#1117,.T.);
#645=ORIENTED_EDGE('',*,*,#1036,.T.);
#646=ORIENTED_EDGE('',*,*,#1117,.F.);
#647=ORIENTED_EDGE('',*,*,#1101,.F.);
#648=ORIENTED_EDGE('',*,*,#866,.T.);
#649=ORIENTED_EDGE('',*,*,#1037,.T.);
#650=ORIENTED_EDGE('',*,*,#864,.F.);
#651=ORIENTED_EDGE('',*,*,#1100,.F.);
#652=ORIENTED_EDGE('',*,*,#1118,.T.);
#653=ORIENTED_EDGE('',*,*,#1038,.T.);
#654=ORIENTED_EDGE('',*,*,#1118,.F.);
#655=ORIENTED_EDGE('',*,*,#1099,.F.);
#656=ORIENTED_EDGE('',*,*,#1119,.T.);
#657=ORIENTED_EDGE('',*,*,#1039,.T.);
#658=ORIENTED_EDGE('',*,*,#1119,.F.);
#659=ORIENTED_EDGE('',*,*,#1098,.F.);
#660=ORIENTED_EDGE('',*,*,#862,.T.);
#661=ORIENTED_EDGE('',*,*,#1040,.T.);
#662=ORIENTED_EDGE('',*,*,#860,.F.);
#663=ORIENTED_EDGE('',*,*,#1097,.F.);
#664=ORIENTED_EDGE('',*,*,#1120,.T.);
#665=ORIENTED_EDGE('',*,*,#1041,.T.);
#666=ORIENTED_EDGE('',*,*,#1120,.F.);
#667=ORIENTED_EDGE('',*,*,#1096,.F.);
#668=ORIENTED_EDGE('',*,*,#1121,.T.);
#669=ORIENTED_EDGE('',*,*,#1042,.T.);
#670=ORIENTED_EDGE('',*,*,#1121,.F.);
#671=ORIENTED_EDGE('',*,*,#1095,.F.);
#672=ORIENTED_EDGE('',*,*,#858,.T.);
#673=ORIENTED_EDGE('',*,*,#1043,.T.);
#674=ORIENTED_EDGE('',*,*,#856,.F.);
#675=ORIENTED_EDGE('',*,*,#1094,.F.);
#676=ORIENTED_EDGE('',*,*,#1122,.T.);
#677=ORIENTED_EDGE('',*,*,#1044,.T.);
#678=ORIENTED_EDGE('',*,*,#1122,.F.);
#679=ORIENTED_EDGE('',*,*,#1093,.F.);
#680=ORIENTED_EDGE('',*,*,#1123,.T.);
#681=ORIENTED_EDGE('',*,*,#1045,.T.);
#682=ORIENTED_EDGE('',*,*,#1123,.F.);
#683=ORIENTED_EDGE('',*,*,#1092,.F.);
#684=ORIENTED_EDGE('',*,*,#851,.T.);
#685=ORIENTED_EDGE('',*,*,#1046,.T.);
#686=ORIENTED_EDGE('',*,*,#945,.F.);
#687=ORIENTED_EDGE('',*,*,#1091,.F.);
#688=ORIENTED_EDGE('',*,*,#1124,.T.);
#689=ORIENTED_EDGE('',*,*,#1047,.T.);
#690=ORIENTED_EDGE('',*,*,#1124,.F.);
#691=ORIENTED_EDGE('',*,*,#1090,.F.);
#692=ORIENTED_EDGE('',*,*,#1125,.T.);
#693=ORIENTED_EDGE('',*,*,#1048,.T.);
#694=ORIENTED_EDGE('',*,*,#1125,.F.);
#695=ORIENTED_EDGE('',*,*,#1089,.F.);
#696=ORIENTED_EDGE('',*,*,#850,.T.);
#697=ORIENTED_EDGE('',*,*,#1049,.T.);
#698=ORIENTED_EDGE('',*,*,#848,.F.);
#699=ORIENTED_EDGE('',*,*,#1088,.F.);
#700=ORIENTED_EDGE('',*,*,#1126,.T.);
#701=ORIENTED_EDGE('',*,*,#1050,.T.);
#702=ORIENTED_EDGE('',*,*,#1126,.F.);
#703=ORIENTED_EDGE('',*,*,#1087,.F.);
#704=ORIENTED_EDGE('',*,*,#1127,.T.);
#705=ORIENTED_EDGE('',*,*,#1051,.T.);
#706=ORIENTED_EDGE('',*,*,#1127,.F.);
#707=ORIENTED_EDGE('',*,*,#1086,.F.);
#708=ORIENTED_EDGE('',*,*,#846,.T.);
#709=ORIENTED_EDGE('',*,*,#1052,.T.);
#710=ORIENTED_EDGE('',*,*,#844,.F.);
#711=ORIENTED_EDGE('',*,*,#1085,.F.);
#712=ORIENTED_EDGE('',*,*,#1128,.T.);
#713=ORIENTED_EDGE('',*,*,#1053,.T.);
#714=ORIENTED_EDGE('',*,*,#1128,.F.);
#715=ORIENTED_EDGE('',*,*,#1084,.F.);
#716=ORIENTED_EDGE('',*,*,#1129,.T.);
#717=ORIENTED_EDGE('',*,*,#1054,.T.);
#718=ORIENTED_EDGE('',*,*,#1129,.F.);
#719=ORIENTED_EDGE('',*,*,#1083,.F.);
#720=ORIENTED_EDGE('',*,*,#842,.T.);
#721=ORIENTED_EDGE('',*,*,#1058,.T.);
#722=ORIENTED_EDGE('',*,*,#933,.F.);
#723=ORIENTED_EDGE('',*,*,#1079,.F.);
#724=ORIENTED_EDGE('',*,*,#1130,.T.);
#725=ORIENTED_EDGE('',*,*,#1059,.T.);
#726=ORIENTED_EDGE('',*,*,#1130,.F.);
#727=ORIENTED_EDGE('',*,*,#1078,.F.);
#728=ORIENTED_EDGE('',*,*,#1131,.T.);
#729=ORIENTED_EDGE('',*,*,#1060,.T.);
#730=ORIENTED_EDGE('',*,*,#1131,.F.);
#731=ORIENTED_EDGE('',*,*,#1077,.F.);
#732=ORIENTED_EDGE('',*,*,#834,.T.);
#733=ORIENTED_EDGE('',*,*,#1061,.T.);
#734=ORIENTED_EDGE('',*,*,#832,.F.);
#735=ORIENTED_EDGE('',*,*,#1076,.F.);
#736=ORIENTED_EDGE('',*,*,#1132,.T.);
#737=ORIENTED_EDGE('',*,*,#1062,.T.);
#738=ORIENTED_EDGE('',*,*,#1132,.F.);
#739=ORIENTED_EDGE('',*,*,#1075,.F.);
#740=ORIENTED_EDGE('',*,*,#1133,.T.);
#741=ORIENTED_EDGE('',*,*,#1063,.T.);
#742=ORIENTED_EDGE('',*,*,#1133,.F.);
#743=ORIENTED_EDGE('',*,*,#1074,.F.);
#744=ORIENTED_EDGE('',*,*,#830,.T.);
#745=ORIENTED_EDGE('',*,*,#1064,.T.);
#746=ORIENTED_EDGE('',*,*,#828,.F.);
#747=ORIENTED_EDGE('',*,*,#1073,.F.);
#748=ORIENTED_EDGE('',*,*,#1134,.T.);
#749=ORIENTED_EDGE('',*,*,#1065,.T.);
#750=ORIENTED_EDGE('',*,*,#1134,.F.);
#751=ORIENTED_EDGE('',*,*,#1072,.F.);
#752=ORIENTED_EDGE('',*,*,#1135,.T.);
#753=ORIENTED_EDGE('',*,*,#1066,.T.);
#754=ORIENTED_EDGE('',*,*,#1135,.F.);
#755=ORIENTED_EDGE('',*,*,#1071,.F.);
#756=ORIENTED_EDGE('',*,*,#826,.T.);
#757=ORIENTED_EDGE('',*,*,#1055,.T.);
#758=ORIENTED_EDGE('',*,*,#840,.F.);
#759=ORIENTED_EDGE('',*,*,#1082,.F.);
#760=ORIENTED_EDGE('',*,*,#1136,.T.);
#761=ORIENTED_EDGE('',*,*,#1056,.T.);
#762=ORIENTED_EDGE('',*,*,#1136,.F.);
#763=ORIENTED_EDGE('',*,*,#1081,.F.);
#764=ORIENTED_EDGE('',*,*,#1137,.T.);
#765=ORIENTED_EDGE('',*,*,#1057,.T.);
#766=ORIENTED_EDGE('',*,*,#1137,.F.);
#767=ORIENTED_EDGE('',*,*,#1080,.F.);
#768=ORIENTED_EDGE('',*,*,#835,.T.);
#769=ORIENTED_EDGE('',*,*,#1028,.T.);
#770=ORIENTED_EDGE('',*,*,#817,.F.);
#771=ORIENTED_EDGE('',*,*,#1109,.F.);
#772=ORIENTED_EDGE('',*,*,#1138,.T.);
#773=ORIENTED_EDGE('',*,*,#1029,.T.);
#774=ORIENTED_EDGE('',*,*,#1138,.F.);
#775=ORIENTED_EDGE('',*,*,#1108,.F.);
#776=ORIENTED_EDGE('',*,*,#1139,.T.);
#777=ORIENTED_EDGE('',*,*,#1030,.T.);
#778=ORIENTED_EDGE('',*,*,#1139,.F.);
#779=ORIENTED_EDGE('',*,*,#1107,.F.);
#780=ORIENTED_EDGE('',*,*,#928,.F.);
#781=ORIENTED_EDGE('',*,*,#1025,.T.);
#782=ORIENTED_EDGE('',*,*,#930,.F.);
#783=ORIENTED_EDGE('',*,*,#1112,.F.);
#784=ORIENTED_EDGE('',*,*,#1140,.T.);
#785=ORIENTED_EDGE('',*,*,#1026,.T.);
#786=ORIENTED_EDGE('',*,*,#1140,.F.);
#787=ORIENTED_EDGE('',*,*,#1111,.F.);
#788=ORIENTED_EDGE('',*,*,#1141,.T.);
#789=ORIENTED_EDGE('',*,*,#1027,.T.);
#790=ORIENTED_EDGE('',*,*,#1141,.F.);
#791=ORIENTED_EDGE('',*,*,#1110,.F.);
#792=ORIENTED_EDGE('',*,*,#815,.T.);
#793=ORIENTED_EDGE('',*,*,#1022,.T.);
#794=ORIENTED_EDGE('',*,*,#824,.F.);
#795=ORIENTED_EDGE('',*,*,#1070,.F.);
#796=ORIENTED_EDGE('',*,*,#1142,.T.);
#797=ORIENTED_EDGE('',*,*,#1023,.T.);
#798=ORIENTED_EDGE('',*,*,#1142,.F.);
#799=ORIENTED_EDGE('',*,*,#1069,.F.);
#800=ORIENTED_EDGE('',*,*,#1143,.T.);
#801=ORIENTED_EDGE('',*,*,#1024,.T.);
#802=ORIENTED_EDGE('',*,*,#1143,.F.);
#803=ORIENTED_EDGE('',*,*,#1113,.F.);
#804=ORIENTED_EDGE('',*,*,#819,.T.);
#805=ORIENTED_EDGE('',*,*,#1144,.T.);
#806=ORIENTED_EDGE('',*,*,#1145,.F.);
#807=ORIENTED_EDGE('',*,*,#1146,.F.);
#808=ORIENTED_EDGE('',*,*,#1145,.T.);
#809=ORIENTED_EDGE('',*,*,#1147,.F.);
#810=ORIENTED_EDGE('',*,*,#1146,.T.);
#811=ORIENTED_EDGE('',*,*,#1148,.F.);
#812=ORIENTED_EDGE('',*,*,#1147,.T.);
#813=ORIENTED_EDGE('',*,*,#1144,.F.);
#814=ORIENTED_EDGE('',*,*,#1148,.T.);
#815=EDGE_CURVE('',#1149,#1150,#1376,.T.);
#816=EDGE_CURVE('',#1149,#1151,#1377,.T.);
#817=EDGE_CURVE('',#1151,#1152,#1378,.T.);
#818=EDGE_CURVE('',#1150,#1152,#1379,.T.);
#819=EDGE_CURVE('',#1153,#1154,#1380,.T.);
#820=EDGE_CURVE('',#1153,#1155,#1381,.T.);
#821=EDGE_CURVE('',#1156,#1155,#1382,.T.);
#822=EDGE_CURVE('',#1154,#1156,#1383,.T.);
#823=EDGE_CURVE('',#1157,#1158,#1384,.T.);
#824=EDGE_CURVE('',#1158,#1159,#1385,.T.);
#825=EDGE_CURVE('',#1160,#1159,#1386,.T.);
#826=EDGE_CURVE('',#1157,#1160,#1387,.T.);
#827=EDGE_CURVE('',#1161,#1162,#1388,.T.);
#828=EDGE_CURVE('',#1162,#1163,#1389,.T.);
#829=EDGE_CURVE('',#1164,#1163,#1390,.T.);
#830=EDGE_CURVE('',#1161,#1164,#1391,.T.);
#831=EDGE_CURVE('',#1165,#1166,#1392,.T.);
#832=EDGE_CURVE('',#1166,#1167,#1393,.T.);
#833=EDGE_CURVE('',#1168,#1167,#1394,.T.);
#834=EDGE_CURVE('',#1165,#1168,#1395,.T.);
#835=EDGE_CURVE('',#1169,#1170,#1396,.T.);
#836=EDGE_CURVE('',#1169,#1171,#117,.T.);
#837=EDGE_CURVE('',#1172,#1171,#1397,.F.);
#838=EDGE_CURVE('',#1170,#1172,#118,.T.);
#839=EDGE_CURVE('',#1173,#1174,#24,.T.);
#840=EDGE_CURVE('',#1174,#1175,#1398,.T.);
#841=EDGE_CURVE('',#1176,#1175,#25,.T.);
#842=EDGE_CURVE('',#1173,#1176,#1399,.T.);
#843=EDGE_CURVE('',#1177,#1178,#26,.T.);
#844=EDGE_CURVE('',#1178,#1179,#1400,.T.);
#845=EDGE_CURVE('',#1180,#1179,#27,.T.);
#846=EDGE_CURVE('',#1177,#1180,#1401,.T.);
#847=EDGE_CURVE('',#1181,#1182,#28,.T.);
#848=EDGE_CURVE('',#1182,#1183,#1402,.T.);
#849=EDGE_CURVE('',#1184,#1183,#29,.T.);
#850=EDGE_CURVE('',#1181,#1184,#1403,.T.);
#851=EDGE_CURVE('',#1185,#1186,#1404,.T.);
#852=EDGE_CURVE('',#1185,#1187,#119,.T.);
#853=EDGE_CURVE('',#1188,#1187,#1405,.F.);
#854=EDGE_CURVE('',#1186,#1188,#120,.T.);
#855=EDGE_CURVE('',#1189,#1190,#121,.T.);
#856=EDGE_CURVE('',#1190,#1191,#1406,.T.);
#857=EDGE_CURVE('',#1192,#1191,#122,.T.);
#858=EDGE_CURVE('',#1189,#1192,#1407,.T.);
#859=EDGE_CURVE('',#1193,#1194,#123,.T.);
#860=EDGE_CURVE('',#1194,#1195,#1408,.T.);
#861=EDGE_CURVE('',#1196,#1195,#124,.T.);
#862=EDGE_CURVE('',#1193,#1196,#1409,.T.);
#863=EDGE_CURVE('',#1197,#1198,#30,.T.);
#864=EDGE_CURVE('',#1198,#1199,#1410,.T.);
#865=EDGE_CURVE('',#1200,#1199,#31,.T.);
#866=EDGE_CURVE('',#1197,#1200,#1411,.T.);
#867=EDGE_CURVE('',#1201,#1202,#125,.T.);
#868=EDGE_CURVE('',#1202,#1203,#1412,.T.);
#869=EDGE_CURVE('',#1204,#1203,#126,.T.);
#870=EDGE_CURVE('',#1201,#1204,#1413,.T.);
#871=EDGE_CURVE('',#1205,#1206,#32,.T.);
#872=EDGE_CURVE('',#1207,#1206,#1414,.T.);
#873=EDGE_CURVE('',#1208,#1207,#33,.T.);
#874=EDGE_CURVE('',#1208,#1205,#1415,.T.);
#875=EDGE_CURVE('',#1209,#1205,#127,.T.);
#876=EDGE_CURVE('',#1210,#1208,#128,.T.);
#877=EDGE_CURVE('',#1210,#1209,#1416,.T.);
#878=EDGE_CURVE('',#1211,#1209,#34,.T.);
#879=EDGE_CURVE('',#1212,#1210,#35,.T.);
#880=EDGE_CURVE('',#1212,#1211,#1417,.T.);
#881=EDGE_CURVE('',#1213,#1211,#1418,.T.);
#882=EDGE_CURVE('',#1214,#1212,#1419,.T.);
#883=EDGE_CURVE('',#1214,#1213,#1420,.T.);
#884=EDGE_CURVE('',#1215,#1213,#36,.T.);
#885=EDGE_CURVE('',#1216,#1214,#37,.T.);
#886=EDGE_CURVE('',#1216,#1215,#1421,.T.);
#887=EDGE_CURVE('',#1217,#1215,#1422,.T.);
#888=EDGE_CURVE('',#1218,#1216,#1423,.T.);
#889=EDGE_CURVE('',#1218,#1217,#1424,.T.);
#890=EDGE_CURVE('',#1219,#1217,#1425,.T.);
#891=EDGE_CURVE('',#1220,#1218,#1426,.T.);
#892=EDGE_CURVE('',#1220,#1219,#1427,.T.);
#893=EDGE_CURVE('',#1221,#1219,#38,.T.);
#894=EDGE_CURVE('',#1222,#1220,#39,.T.);
#895=EDGE_CURVE('',#1222,#1221,#1428,.T.);
#896=EDGE_CURVE('',#1223,#1221,#1429,.T.);
#897=EDGE_CURVE('',#1224,#1222,#1430,.T.);
#898=EDGE_CURVE('',#1224,#1223,#1431,.T.);
#899=EDGE_CURVE('',#1223,#1225,#1432,.T.);
#900=EDGE_CURVE('',#1224,#1226,#1433,.T.);
#901=EDGE_CURVE('',#1226,#1225,#1434,.T.);
#902=EDGE_CURVE('',#1227,#1225,#40,.T.);
#903=EDGE_CURVE('',#1228,#1226,#41,.T.);
#904=EDGE_CURVE('',#1228,#1227,#1435,.T.);
#905=EDGE_CURVE('',#1229,#1227,#1436,.T.);
#906=EDGE_CURVE('',#1230,#1228,#1437,.T.);
#907=EDGE_CURVE('',#1230,#1229,#1438,.T.);
#908=EDGE_CURVE('',#1231,#1229,#1439,.T.);
#909=EDGE_CURVE('',#1232,#1230,#1440,.T.);
#910=EDGE_CURVE('',#1232,#1231,#1441,.T.);
#911=EDGE_CURVE('',#1233,#1231,#42,.T.);
#912=EDGE_CURVE('',#1234,#1232,#43,.T.);
#913=EDGE_CURVE('',#1234,#1233,#1442,.T.);
#914=EDGE_CURVE('',#1235,#1233,#1443,.T.);
#915=EDGE_CURVE('',#1236,#1234,#1444,.T.);
#916=EDGE_CURVE('',#1236,#1235,#1445,.T.);
#917=EDGE_CURVE('',#1237,#1235,#1446,.T.);
#918=EDGE_CURVE('',#1238,#1236,#1447,.T.);
#919=EDGE_CURVE('',#1238,#1237,#1448,.T.);
#920=EDGE_CURVE('',#1239,#1237,#44,.T.);
#921=EDGE_CURVE('',#1240,#1238,#45,.T.);
#922=EDGE_CURVE('',#1240,#1239,#1449,.T.);
#923=EDGE_CURVE('',#1241,#1239,#1450,.T.);
#924=EDGE_CURVE('',#1242,#1240,#1451,.T.);
#925=EDGE_CURVE('',#1242,#1241,#1452,.T.);
#926=EDGE_CURVE('',#1241,#1243,#46,.T.);
#927=EDGE_CURVE('',#1242,#1244,#47,.T.);
#928=EDGE_CURVE('',#1244,#1243,#1453,.T.);
#929=EDGE_CURVE('',#1155,#1245,#1454,.T.);
#930=EDGE_CURVE('',#1245,#1246,#1455,.T.);
#931=EDGE_CURVE('',#1156,#1246,#1456,.T.);
#932=EDGE_CURVE('',#1247,#1248,#1457,.T.);
#933=EDGE_CURVE('',#1248,#1249,#1458,.T.);
#934=EDGE_CURVE('',#1250,#1249,#1459,.T.);
#935=EDGE_CURVE('',#1250,#1247,#1460,.T.);
#936=EDGE_CURVE('',#1247,#1251,#1461,.T.);
#937=EDGE_CURVE('',#1250,#1252,#1462,.T.);
#938=EDGE_CURVE('',#1252,#1251,#1463,.T.);
#939=EDGE_CURVE('',#1253,#1251,#48,.T.);
#940=EDGE_CURVE('',#1254,#1252,#49,.T.);
#941=EDGE_CURVE('',#1254,#1253,#1464,.T.);
#942=EDGE_CURVE('',#1253,#1171,#1465,.T.);
#943=EDGE_CURVE('',#1254,#1172,#1466,.T.);
#944=EDGE_CURVE('',#1255,#1256,#50,.T.);
#945=EDGE_CURVE('',#1256,#1257,#1467,.T.);
#946=EDGE_CURVE('',#1258,#1257,#51,.T.);
#947=EDGE_CURVE('',#1258,#1255,#1468,.T.);
#948=EDGE_CURVE('',#1259,#1255,#1469,.T.);
#949=EDGE_CURVE('',#1260,#1258,#1470,.T.);
#950=EDGE_CURVE('',#1260,#1259,#1471,.T.);
#951=EDGE_CURVE('',#1261,#1259,#52,.T.);
#952=EDGE_CURVE('',#1262,#1260,#53,.T.);
#953=EDGE_CURVE('',#1262,#1261,#1472,.T.);
#954=EDGE_CURVE('',#1187,#1261,#1473,.T.);
#955=EDGE_CURVE('',#1188,#1262,#1474,.T.);
#956=EDGE_CURVE('',#1263,#1264,#54,.T.);
#957=EDGE_CURVE('',#1264,#1265,#1475,.T.);
#958=EDGE_CURVE('',#1266,#1265,#55,.T.);
#959=EDGE_CURVE('',#1266,#1263,#1476,.T.);
#960=EDGE_CURVE('',#1267,#1263,#56,.T.);
#961=EDGE_CURVE('',#1268,#1266,#57,.T.);
#962=EDGE_CURVE('',#1268,#1267,#1477,.T.);
#963=EDGE_CURVE('',#1269,#1267,#58,.T.);
#964=EDGE_CURVE('',#1270,#1268,#59,.T.);
#965=EDGE_CURVE('',#1270,#1269,#1478,.T.);
#966=EDGE_CURVE('',#1271,#1269,#129,.T.);
#967=EDGE_CURVE('',#1272,#1270,#130,.T.);
#968=EDGE_CURVE('',#1272,#1271,#1479,.T.);
#969=EDGE_CURVE('',#1273,#1271,#60,.T.);
#970=EDGE_CURVE('',#1274,#1272,#61,.T.);
#971=EDGE_CURVE('',#1274,#1273,#1480,.T.);
#972=EDGE_CURVE('',#1275,#1273,#62,.T.);
#973=EDGE_CURVE('',#1276,#1274,#63,.T.);
#974=EDGE_CURVE('',#1276,#1275,#1481,.T.);
#975=EDGE_CURVE('',#1277,#1275,#64,.T.);
#976=EDGE_CURVE('',#1278,#1276,#65,.T.);
#977=EDGE_CURVE('',#1278,#1277,#1482,.T.);
#978=EDGE_CURVE('',#1279,#1277,#131,.T.);
#979=EDGE_CURVE('',#1280,#1278,#132,.T.);
#980=EDGE_CURVE('',#1280,#1279,#1483,.T.);
#981=EDGE_CURVE('',#1281,#1279,#66,.T.);
#982=EDGE_CURVE('',#1282,#1280,#67,.T.);
#983=EDGE_CURVE('',#1282,#1281,#1484,.T.);
#984=EDGE_CURVE('',#1283,#1281,#68,.T.);
#985=EDGE_CURVE('',#1284,#1282,#69,.T.);
#986=EDGE_CURVE('',#1284,#1283,#1485,.T.);
#987=EDGE_CURVE('',#1285,#1283,#70,.T.);
#988=EDGE_CURVE('',#1286,#1284,#71,.T.);
#989=EDGE_CURVE('',#1286,#1285,#1486,.T.);
#990=EDGE_CURVE('',#1287,#1285,#72,.T.);
#991=EDGE_CURVE('',#1288,#1286,#73,.T.);
#992=EDGE_CURVE('',#1288,#1287,#1487,.T.);
#993=EDGE_CURVE('',#1287,#1289,#1488,.T.);
#994=EDGE_CURVE('',#1288,#1290,#1489,.T.);
#995=EDGE_CURVE('',#1290,#1289,#1490,.T.);
#996=EDGE_CURVE('',#1289,#1291,#74,.T.);
#997=EDGE_CURVE('',#1290,#1292,#75,.T.);
#998=EDGE_CURVE('',#1292,#1291,#1491,.T.);
#999=EDGE_CURVE('',#1293,#1291,#76,.T.);
#1000=EDGE_CURVE('',#1294,#1292,#77,.T.);
#1001=EDGE_CURVE('',#1294,#1293,#1492,.T.);
#1002=EDGE_CURVE('',#1295,#1293,#78,.T.);
#1003=EDGE_CURVE('',#1296,#1294,#79,.T.);
#1004=EDGE_CURVE('',#1296,#1295,#1493,.T.);
#1005=EDGE_CURVE('',#1297,#1295,#80,.T.);
#1006=EDGE_CURVE('',#1298,#1296,#81,.T.);
#1007=EDGE_CURVE('',#1298,#1297,#1494,.T.);
#1008=EDGE_CURVE('',#1299,#1297,#1495,.T.);
#1009=EDGE_CURVE('',#1300,#1298,#1496,.T.);
#1010=EDGE_CURVE('',#1300,#1299,#1497,.T.);
#1011=EDGE_CURVE('',#1301,#1299,#82,.T.);
#1012=EDGE_CURVE('',#1302,#1300,#83,.T.);
#1013=EDGE_CURVE('',#1302,#1301,#1498,.T.);
#1014=EDGE_CURVE('',#1303,#1301,#1499,.T.);
#1015=EDGE_CURVE('',#1304,#1302,#1500,.T.);
#1016=EDGE_CURVE('',#1304,#1303,#1501,.T.);
#1017=EDGE_CURVE('',#1305,#1303,#84,.T.);
#1018=EDGE_CURVE('',#1306,#1304,#85,.T.);
#1019=EDGE_CURVE('',#1306,#1305,#1502,.T.);
#1020=EDGE_CURVE('',#1206,#1305,#1503,.T.);
#1021=EDGE_CURVE('',#1207,#1306,#1504,.T.);
#1022=EDGE_CURVE('',#1307,#1159,#1505,.T.);
#1023=EDGE_CURVE('',#1308,#1307,#1506,.T.);
#1024=EDGE_CURVE('',#1154,#1308,#1507,.T.);
#1025=EDGE_CURVE('',#1309,#1246,#1508,.T.);
#1026=EDGE_CURVE('',#1310,#1309,#1509,.T.);
#1027=EDGE_CURVE('',#1150,#1310,#1510,.T.);
#1028=EDGE_CURVE('',#1311,#1152,#1511,.T.);
#1029=EDGE_CURVE('',#1312,#1311,#1512,.T.);
#1030=EDGE_CURVE('',#1244,#1312,#1513,.T.);
#1031=EDGE_CURVE('',#1313,#1265,#1514,.T.);
#1032=EDGE_CURVE('',#1314,#1313,#1515,.T.);
#1033=EDGE_CURVE('',#1204,#1314,#1516,.T.);
#1034=EDGE_CURVE('',#1315,#1203,#1517,.T.);
#1035=EDGE_CURVE('',#1316,#1315,#1518,.T.);
#1036=EDGE_CURVE('',#1200,#1316,#1519,.T.);
#1037=EDGE_CURVE('',#1317,#1199,#1520,.T.);
#1038=EDGE_CURVE('',#1318,#1317,#1521,.T.);
#1039=EDGE_CURVE('',#1196,#1318,#1522,.T.);
#1040=EDGE_CURVE('',#1319,#1195,#1523,.T.);
#1041=EDGE_CURVE('',#1320,#1319,#1524,.T.);
#1042=EDGE_CURVE('',#1192,#1320,#1525,.T.);
#1043=EDGE_CURVE('',#1321,#1191,#1526,.T.);
#1044=EDGE_CURVE('',#1322,#1321,#1527,.T.);
#1045=EDGE_CURVE('',#1186,#1322,#1528,.T.);
#1046=EDGE_CURVE('',#1323,#1257,#1529,.T.);
#1047=EDGE_CURVE('',#1324,#1323,#1530,.T.);
#1048=EDGE_CURVE('',#1184,#1324,#1531,.T.);
#1049=EDGE_CURVE('',#1325,#1183,#1532,.T.);
#1050=EDGE_CURVE('',#1326,#1325,#1533,.T.);
#1051=EDGE_CURVE('',#1180,#1326,#1534,.T.);
#1052=EDGE_CURVE('',#1327,#1179,#1535,.T.);
#1053=EDGE_CURVE('',#1328,#1327,#1536,.T.);
#1054=EDGE_CURVE('',#1176,#1328,#1537,.T.);
#1055=EDGE_CURVE('',#1329,#1175,#1538,.T.);
#1056=EDGE_CURVE('',#1330,#1329,#1539,.T.);
#1057=EDGE_CURVE('',#1170,#1330,#1540,.T.);
#1058=EDGE_CURVE('',#1331,#1249,#1541,.T.);
#1059=EDGE_CURVE('',#1332,#1331,#1542,.T.);
#1060=EDGE_CURVE('',#1168,#1332,#1543,.T.);
#1061=EDGE_CURVE('',#1333,#1167,#1544,.T.);
#1062=EDGE_CURVE('',#1334,#1333,#1545,.T.);
#1063=EDGE_CURVE('',#1164,#1334,#1546,.T.);
#1064=EDGE_CURVE('',#1335,#1163,#1547,.T.);
#1065=EDGE_CURVE('',#1336,#1335,#1548,.T.);
#1066=EDGE_CURVE('',#1160,#1336,#1549,.T.);
#1067=EDGE_CURVE('',#1337,#1337,#22,.F.);
#1068=EDGE_CURVE('',#1338,#1338,#23,.F.);
#1069=EDGE_CURVE('',#1339,#1340,#1550,.T.);
#1070=EDGE_CURVE('',#1340,#1158,#1551,.T.);
#1071=EDGE_CURVE('',#1157,#1341,#1552,.T.);
#1072=EDGE_CURVE('',#1341,#1342,#1553,.T.);
#1073=EDGE_CURVE('',#1342,#1162,#1554,.T.);
#1074=EDGE_CURVE('',#1161,#1343,#1555,.T.);
#1075=EDGE_CURVE('',#1343,#1344,#1556,.T.);
#1076=EDGE_CURVE('',#1344,#1166,#1557,.T.);
#1077=EDGE_CURVE('',#1165,#1345,#1558,.T.);
#1078=EDGE_CURVE('',#1345,#1346,#1559,.T.);
#1079=EDGE_CURVE('',#1346,#1248,#1560,.T.);
#1080=EDGE_CURVE('',#1169,#1347,#1561,.T.);
#1081=EDGE_CURVE('',#1347,#1348,#1562,.T.);
#1082=EDGE_CURVE('',#1348,#1174,#1563,.T.);
#1083=EDGE_CURVE('',#1173,#1349,#1564,.T.);
#1084=EDGE_CURVE('',#1349,#1350,#1565,.T.);
#1085=EDGE_CURVE('',#1350,#1178,#1566,.T.);
#1086=EDGE_CURVE('',#1177,#1351,#1567,.T.);
#1087=EDGE_CURVE('',#1351,#1352,#1568,.T.);
#1088=EDGE_CURVE('',#1352,#1182,#1569,.T.);
#1089=EDGE_CURVE('',#1181,#1353,#1570,.T.);
#1090=EDGE_CURVE('',#1353,#1354,#1571,.T.);
#1091=EDGE_CURVE('',#1354,#1256,#1572,.T.);
#1092=EDGE_CURVE('',#1185,#1355,#1573,.T.);
#1093=EDGE_CURVE('',#1355,#1356,#1574,.T.);
#1094=EDGE_CURVE('',#1356,#1190,#1575,.T.);
#1095=EDGE_CURVE('',#1189,#1357,#1576,.T.);
#1096=EDGE_CURVE('',#1357,#1358,#1577,.T.);
#1097=EDGE_CURVE('',#1358,#1194,#1578,.T.);
#1098=EDGE_CURVE('',#1193,#1359,#1579,.T.);
#1099=EDGE_CURVE('',#1359,#1360,#1580,.T.);
#1100=EDGE_CURVE('',#1360,#1198,#1581,.T.);
#1101=EDGE_CURVE('',#1197,#1361,#1582,.T.);
#1102=EDGE_CURVE('',#1361,#1362,#1583,.T.);
#1103=EDGE_CURVE('',#1362,#1202,#1584,.T.);
#1104=EDGE_CURVE('',#1201,#1363,#1585,.T.);
#1105=EDGE_CURVE('',#1363,#1364,#1586,.T.);
#1106=EDGE_CURVE('',#1364,#1264,#1587,.T.);
#1107=EDGE_CURVE('',#1243,#1365,#1588,.T.);
#1108=EDGE_CURVE('',#1365,#1366,#1589,.T.);
#1109=EDGE_CURVE('',#1366,#1151,#1590,.T.);
#1110=EDGE_CURVE('',#1149,#1367,#1591,.T.);
#1111=EDGE_CURVE('',#1367,#1368,#1592,.T.);
#1112=EDGE_CURVE('',#1368,#1245,#1593,.T.);
#1113=EDGE_CURVE('',#1153,#1339,#1594,.T.);
#1114=EDGE_CURVE('',#1364,#1313,#1595,.T.);
#1115=EDGE_CURVE('',#1363,#1314,#1596,.T.);
#1116=EDGE_CURVE('',#1362,#1315,#1597,.T.);
#1117=EDGE_CURVE('',#1361,#1316,#1598,.T.);
#1118=EDGE_CURVE('',#1360,#1317,#1599,.T.);
#1119=EDGE_CURVE('',#1359,#1318,#1600,.T.);
#1120=EDGE_CURVE('',#1358,#1319,#1601,.T.);
#1121=EDGE_CURVE('',#1357,#1320,#1602,.T.);
#1122=EDGE_CURVE('',#1356,#1321,#1603,.T.);
#1123=EDGE_CURVE('',#1355,#1322,#1604,.T.);
#1124=EDGE_CURVE('',#1354,#1323,#1605,.T.);
#1125=EDGE_CURVE('',#1353,#1324,#1606,.T.);
#1126=EDGE_CURVE('',#1352,#1325,#1607,.T.);
#1127=EDGE_CURVE('',#1351,#1326,#1608,.T.);
#1128=EDGE_CURVE('',#1350,#1327,#1609,.T.);
#1129=EDGE_CURVE('',#1349,#1328,#1610,.T.);
#1130=EDGE_CURVE('',#1346,#1331,#1611,.T.);
#1131=EDGE_CURVE('',#1345,#1332,#1612,.T.);
#1132=EDGE_CURVE('',#1344,#1333,#1613,.T.);
#1133=EDGE_CURVE('',#1343,#1334,#1614,.T.);
#1134=EDGE_CURVE('',#1342,#1335,#1615,.T.);
#1135=EDGE_CURVE('',#1341,#1336,#1616,.T.);
#1136=EDGE_CURVE('',#1348,#1329,#1617,.T.);
#1137=EDGE_CURVE('',#1347,#1330,#1618,.T.);
#1138=EDGE_CURVE('',#1366,#1311,#1619,.T.);
#1139=EDGE_CURVE('',#1365,#1312,#1620,.T.);
#1140=EDGE_CURVE('',#1368,#1309,#1621,.T.);
#1141=EDGE_CURVE('',#1367,#1310,#1622,.T.);
#1142=EDGE_CURVE('',#1340,#1307,#1623,.T.);
#1143=EDGE_CURVE('',#1339,#1308,#1624,.T.);
#1144=EDGE_CURVE('',#1370,#1370,#133,.T.);
#1145=EDGE_CURVE('',#1371,#1371,#134,.T.);
#1146=EDGE_CURVE('',#1373,#1373,#135,.T.);
#1147=EDGE_CURVE('',#1374,#1374,#136,.T.);
#1148=EDGE_CURVE('',#1375,#1375,#137,.T.);
#1149=VERTEX_POINT('',#2928);
#1150=VERTEX_POINT('',#2929);
#1151=VERTEX_POINT('',#2931);
#1152=VERTEX_POINT('',#2933);
#1153=VERTEX_POINT('',#2937);
#1154=VERTEX_POINT('',#2938);
#1155=VERTEX_POINT('',#2940);
#1156=VERTEX_POINT('',#2942);
#1157=VERTEX_POINT('',#2946);
#1158=VERTEX_POINT('',#2947);
#1159=VERTEX_POINT('',#2949);
#1160=VERTEX_POINT('',#2951);
#1161=VERTEX_POINT('',#2955);
#1162=VERTEX_POINT('',#2956);
#1163=VERTEX_POINT('',#2958);
#1164=VERTEX_POINT('',#2960);
#1165=VERTEX_POINT('',#2964);
#1166=VERTEX_POINT('',#2965);
#1167=VERTEX_POINT('',#2967);
#1168=VERTEX_POINT('',#2969);
#1169=VERTEX_POINT('',#2973);
#1170=VERTEX_POINT('',#2974);
#1171=VERTEX_POINT('',#2976);
#1172=VERTEX_POINT('',#2978);
#1173=VERTEX_POINT('',#2991);
#1174=VERTEX_POINT('',#2992);
#1175=VERTEX_POINT('',#2994);
#1176=VERTEX_POINT('',#2998);
#1177=VERTEX_POINT('',#3011);
#1178=VERTEX_POINT('',#3012);
#1179=VERTEX_POINT('',#3014);
#1180=VERTEX_POINT('',#3018);
#1181=VERTEX_POINT('',#3031);
#1182=VERTEX_POINT('',#3032);
#1183=VERTEX_POINT('',#3034);
#1184=VERTEX_POINT('',#3038);
#1185=VERTEX_POINT('',#3042);
#1186=VERTEX_POINT('',#3043);
#1187=VERTEX_POINT('',#3045);
#1188=VERTEX_POINT('',#3047);
#1189=VERTEX_POINT('',#3051);
#1190=VERTEX_POINT('',#3052);
#1191=VERTEX_POINT('',#3054);
#1192=VERTEX_POINT('',#3056);
#1193=VERTEX_POINT('',#3060);
#1194=VERTEX_POINT('',#3061);
#1195=VERTEX_POINT('',#3063);
#1196=VERTEX_POINT('',#3065);
#1197=VERTEX_POINT('',#3078);
#1198=VERTEX_POINT('',#3079);
#1199=VERTEX_POINT('',#3081);
#1200=VERTEX_POINT('',#3085);
#1201=VERTEX_POINT('',#3089);
#1202=VERTEX_POINT('',#3090);
#1203=VERTEX_POINT('',#3092);
#1204=VERTEX_POINT('',#3094);
#1205=VERTEX_POINT('',#3107);
#1206=VERTEX_POINT('',#3108);
#1207=VERTEX_POINT('',#3110);
#1208=VERTEX_POINT('',#3114);
#1209=VERTEX_POINT('',#3118);
#1210=VERTEX_POINT('',#3120);
#1211=VERTEX_POINT('',#3133);
#1212=VERTEX_POINT('',#3137);
#1213=VERTEX_POINT('',#3141);
#1214=VERTEX_POINT('',#3143);
#1215=VERTEX_POINT('',#3163);
#1216=VERTEX_POINT('',#3170);
#1217=VERTEX_POINT('',#3174);
#1218=VERTEX_POINT('',#3176);
#1219=VERTEX_POINT('',#3180);
#1220=VERTEX_POINT('',#3182);
#1221=VERTEX_POINT('',#3195);
#1222=VERTEX_POINT('',#3199);
#1223=VERTEX_POINT('',#3203);
#1224=VERTEX_POINT('',#3205);
#1225=VERTEX_POINT('',#3209);
#1226=VERTEX_POINT('',#3211);
#1227=VERTEX_POINT('',#3224);
#1228=VERTEX_POINT('',#3228);
#1229=VERTEX_POINT('',#3232);
#1230=VERTEX_POINT('',#3234);
#1231=VERTEX_POINT('',#3238);
#1232=VERTEX_POINT('',#3240);
#1233=VERTEX_POINT('',#3253);
#1234=VERTEX_POINT('',#3257);
#1235=VERTEX_POINT('',#3261);
#1236=VERTEX_POINT('',#3263);
#1237=VERTEX_POINT('',#3267);
#1238=VERTEX_POINT('',#3269);
#1239=VERTEX_POINT('',#3282);
#1240=VERTEX_POINT('',#3286);
#1241=VERTEX_POINT('',#3290);
#1242=VERTEX_POINT('',#3292);
#1243=VERTEX_POINT('',#3305);
#1244=VERTEX_POINT('',#3309);
#1245=VERTEX_POINT('',#3313);
#1246=VERTEX_POINT('',#3315);
#1247=VERTEX_POINT('',#3319);
#1248=VERTEX_POINT('',#3320);
#1249=VERTEX_POINT('',#3322);
#1250=VERTEX_POINT('',#3324);
#1251=VERTEX_POINT('',#3328);
#1252=VERTEX_POINT('',#3330);
#1253=VERTEX_POINT('',#3343);
#1254=VERTEX_POINT('',#3347);
#1255=VERTEX_POINT('',#3363);
#1256=VERTEX_POINT('',#3364);
#1257=VERTEX_POINT('',#3366);
#1258=VERTEX_POINT('',#3370);
#1259=VERTEX_POINT('',#3374);
#1260=VERTEX_POINT('',#3376);
#1261=VERTEX_POINT('',#3389);
#1262=VERTEX_POINT('',#3393);
#1263=VERTEX_POINT('',#3402);
#1264=VERTEX_POINT('',#3403);
#1265=VERTEX_POINT('',#3405);
#1266=VERTEX_POINT('',#3409);
#1267=VERTEX_POINT('',#3426);
#1268=VERTEX_POINT('',#3432);
#1269=VERTEX_POINT('',#3445);
#1270=VERTEX_POINT('',#3449);
#1271=VERTEX_POINT('',#3453);
#1272=VERTEX_POINT('',#3455);
#1273=VERTEX_POINT('',#3468);
#1274=VERTEX_POINT('',#3472);
#1275=VERTEX_POINT('',#3485);
#1276=VERTEX_POINT('',#3489);
#1277=VERTEX_POINT('',#3502);
#1278=VERTEX_POINT('',#3506);
#1279=VERTEX_POINT('',#3510);
#1280=VERTEX_POINT('',#3512);
#1281=VERTEX_POINT('',#3525);
#1282=VERTEX_POINT('',#3529);
#1283=VERTEX_POINT('',#3542);
#1284=VERTEX_POINT('',#3546);
#1285=VERTEX_POINT('',#3559);
#1286=VERTEX_POINT('',#3563);
#1287=VERTEX_POINT('',#3576);
#1288=VERTEX_POINT('',#3580);
#1289=VERTEX_POINT('',#3584);
#1290=VERTEX_POINT('',#3586);
#1291=VERTEX_POINT('',#3599);
#1292=VERTEX_POINT('',#3603);
#1293=VERTEX_POINT('',#3616);
#1294=VERTEX_POINT('',#3620);
#1295=VERTEX_POINT('',#3633);
#1296=VERTEX_POINT('',#3637);
#1297=VERTEX_POINT('',#3650);
#1298=VERTEX_POINT('',#3654);
#1299=VERTEX_POINT('',#3658);
#1300=VERTEX_POINT('',#3660);
#1301=VERTEX_POINT('',#3673);
#1302=VERTEX_POINT('',#3677);
#1303=VERTEX_POINT('',#3681);
#1304=VERTEX_POINT('',#3683);
#1305=VERTEX_POINT('',#3696);
#1306=VERTEX_POINT('',#3700);
#1307=VERTEX_POINT('',#3707);
#1308=VERTEX_POINT('',#3709);
#1309=VERTEX_POINT('',#3712);
#1310=VERTEX_POINT('',#3714);
#1311=VERTEX_POINT('',#3717);
#1312=VERTEX_POINT('',#3719);
#1313=VERTEX_POINT('',#3722);
#1314=VERTEX_POINT('',#3724);
#1315=VERTEX_POINT('',#3727);
#1316=VERTEX_POINT('',#3729);
#1317=VERTEX_POINT('',#3732);
#1318=VERTEX_POINT('',#3734);
#1319=VERTEX_POINT('',#3737);
#1320=VERTEX_POINT('',#3739);
#1321=VERTEX_POINT('',#3742);
#1322=VERTEX_POINT('',#3744);
#1323=VERTEX_POINT('',#3747);
#1324=VERTEX_POINT('',#3749);
#1325=VERTEX_POINT('',#3752);
#1326=VERTEX_POINT('',#3754);
#1327=VERTEX_POINT('',#3757);
#1328=VERTEX_POINT('',#3759);
#1329=VERTEX_POINT('',#3762);
#1330=VERTEX_POINT('',#3764);
#1331=VERTEX_POINT('',#3767);
#1332=VERTEX_POINT('',#3769);
#1333=VERTEX_POINT('',#3772);
#1334=VERTEX_POINT('',#3774);
#1335=VERTEX_POINT('',#3777);
#1336=VERTEX_POINT('',#3779);
#1337=VERTEX_POINT('',#3782);
#1338=VERTEX_POINT('',#3785);
#1339=VERTEX_POINT('',#3787);
#1340=VERTEX_POINT('',#3788);
#1341=VERTEX_POINT('',#3791);
#1342=VERTEX_POINT('',#3793);
#1343=VERTEX_POINT('',#3796);
#1344=VERTEX_POINT('',#3798);
#1345=VERTEX_POINT('',#3801);
#1346=VERTEX_POINT('',#3803);
#1347=VERTEX_POINT('',#3806);
#1348=VERTEX_POINT('',#3808);
#1349=VERTEX_POINT('',#3811);
#1350=VERTEX_POINT('',#3813);
#1351=VERTEX_POINT('',#3816);
#1352=VERTEX_POINT('',#3818);
#1353=VERTEX_POINT('',#3821);
#1354=VERTEX_POINT('',#3823);
#1355=VERTEX_POINT('',#3826);
#1356=VERTEX_POINT('',#3828);
#1357=VERTEX_POINT('',#3831);
#1358=VERTEX_POINT('',#3833);
#1359=VERTEX_POINT('',#3836);
#1360=VERTEX_POINT('',#3838);
#1361=VERTEX_POINT('',#3841);
#1362=VERTEX_POINT('',#3843);
#1363=VERTEX_POINT('',#3846);
#1364=VERTEX_POINT('',#3848);
#1365=VERTEX_POINT('',#3851);
#1366=VERTEX_POINT('',#3853);
#1367=VERTEX_POINT('',#3856);
#1368=VERTEX_POINT('',#3858);
#1369=VERTEX_POINT('',#3960);
#1370=VERTEX_POINT('',#3962);
#1371=VERTEX_POINT('',#3965);
#1372=VERTEX_POINT('',#3966);
#1373=VERTEX_POINT('',#3969);
#1374=VERTEX_POINT('',#3972);
#1375=VERTEX_POINT('',#3975);
#1376=LINE('',#2927,#1625);
#1377=LINE('',#2930,#1626);
#1378=LINE('',#2932,#1627);
#1379=LINE('',#2934,#1628);
#1380=LINE('',#2936,#1629);
#1381=LINE('',#2939,#1630);
#1382=LINE('',#2941,#1631);
#1383=LINE('',#2943,#1632);
#1384=LINE('',#2945,#1633);
#1385=LINE('',#2948,#1634);
#1386=LINE('',#2950,#1635);
#1387=LINE('',#2952,#1636);
#1388=LINE('',#2954,#1637);
#1389=LINE('',#2957,#1638);
#1390=LINE('',#2959,#1639);
#1391=LINE('',#2961,#1640);
#1392=LINE('',#2963,#1641);
#1393=LINE('',#2966,#1642);
#1394=LINE('',#2968,#1643);
#1395=LINE('',#2970,#1644);
#1396=LINE('',#2972,#1645);
#1397=LINE('',#2977,#1646);
#1398=LINE('',#2993,#1647);
#1399=LINE('',#2999,#1648);
#1400=LINE('',#3013,#1649);
#1401=LINE('',#3019,#1650);
#1402=LINE('',#3033,#1651);
#1403=LINE('',#3039,#1652);
#1404=LINE('',#3041,#1653);
#1405=LINE('',#3046,#1654);
#1406=LINE('',#3053,#1655);
#1407=LINE('',#3057,#1656);
#1408=LINE('',#3062,#1657);
#1409=LINE('',#3066,#1658);
#1410=LINE('',#3080,#1659);
#1411=LINE('',#3086,#1660);
#1412=LINE('',#3091,#1661);
#1413=LINE('',#3095,#1662);
#1414=LINE('',#3109,#1663);
#1415=LINE('',#3115,#1664);
#1416=LINE('',#3121,#1665);
#1417=LINE('',#3138,#1666);
#1418=LINE('',#3140,#1667);
#1419=LINE('',#3142,#1668);
#1420=LINE('',#3144,#1669);
#1421=LINE('',#3171,#1670);
#1422=LINE('',#3173,#1671);
#1423=LINE('',#3175,#1672);
#1424=LINE('',#3177,#1673);
#1425=LINE('',#3179,#1674);
#1426=LINE('',#3181,#1675);
#1427=LINE('',#3183,#1676);
#1428=LINE('',#3200,#1677);
#1429=LINE('',#3202,#1678);
#1430=LINE('',#3204,#1679);
#1431=LINE('',#3206,#1680);
#1432=LINE('',#3208,#1681);
#1433=LINE('',#3210,#1682);
#1434=LINE('',#3212,#1683);
#1435=LINE('',#3229,#1684);
#1436=LINE('',#3231,#1685);
#1437=LINE('',#3233,#1686);
#1438=LINE('',#3235,#1687);
#1439=LINE('',#3237,#1688);
#1440=LINE('',#3239,#1689);
#1441=LINE('',#3241,#1690);
#1442=LINE('',#3258,#1691);
#1443=LINE('',#3260,#1692);
#1444=LINE('',#3262,#1693);
#1445=LINE('',#3264,#1694);
#1446=LINE('',#3266,#1695);
#1447=LINE('',#3268,#1696);
#1448=LINE('',#3270,#1697);
#1449=LINE('',#3287,#1698);
#1450=LINE('',#3289,#1699);
#1451=LINE('',#3291,#1700);
#1452=LINE('',#3293,#1701);
#1453=LINE('',#3310,#1702);
#1454=LINE('',#3312,#1703);
#1455=LINE('',#3314,#1704);
#1456=LINE('',#3316,#1705);
#1457=LINE('',#3318,#1706);
#1458=LINE('',#3321,#1707);
#1459=LINE('',#3323,#1708);
#1460=LINE('',#3325,#1709);
#1461=LINE('',#3327,#1710);
#1462=LINE('',#3329,#1711);
#1463=LINE('',#3331,#1712);
#1464=LINE('',#3348,#1713);
#1465=LINE('',#3350,#1714);
#1466=LINE('',#3351,#1715);
#1467=LINE('',#3365,#1716);
#1468=LINE('',#3371,#1717);
#1469=LINE('',#3373,#1718);
#1470=LINE('',#3375,#1719);
#1471=LINE('',#3377,#1720);
#1472=LINE('',#3394,#1721);
#1473=LINE('',#3396,#1722);
#1474=LINE('',#3397,#1723);
#1475=LINE('',#3404,#1724);
#1476=LINE('',#3410,#1725);
#1477=LINE('',#3433,#1726);
#1478=LINE('',#3450,#1727);
#1479=LINE('',#3456,#1728);
#1480=LINE('',#3473,#1729);
#1481=LINE('',#3490,#1730);
#1482=LINE('',#3507,#1731);
#1483=LINE('',#3513,#1732);
#1484=LINE('',#3530,#1733);
#1485=LINE('',#3547,#1734);
#1486=LINE('',#3564,#1735);
#1487=LINE('',#3581,#1736);
#1488=LINE('',#3583,#1737);
#1489=LINE('',#3585,#1738);
#1490=LINE('',#3587,#1739);
#1491=LINE('',#3604,#1740);
#1492=LINE('',#3621,#1741);
#1493=LINE('',#3638,#1742);
#1494=LINE('',#3655,#1743);
#1495=LINE('',#3657,#1744);
#1496=LINE('',#3659,#1745);
#1497=LINE('',#3661,#1746);
#1498=LINE('',#3678,#1747);
#1499=LINE('',#3680,#1748);
#1500=LINE('',#3682,#1749);
#1501=LINE('',#3684,#1750);
#1502=LINE('',#3701,#1751);
#1503=LINE('',#3703,#1752);
#1504=LINE('',#3704,#1753);
#1505=LINE('',#3706,#1754);
#1506=LINE('',#3708,#1755);
#1507=LINE('',#3710,#1756);
#1508=LINE('',#3711,#1757);
#1509=LINE('',#3713,#1758);
#1510=LINE('',#3715,#1759);
#1511=LINE('',#3716,#1760);
#1512=LINE('',#3718,#1761);
#1513=LINE('',#3720,#1762);
#1514=LINE('',#3721,#1763);
#1515=LINE('',#3723,#1764);
#1516=LINE('',#3725,#1765);
#1517=LINE('',#3726,#1766);
#1518=LINE('',#3728,#1767);
#1519=LINE('',#3730,#1768);
#1520=LINE('',#3731,#1769);
#1521=LINE('',#3733,#1770);
#1522=LINE('',#3735,#1771);
#1523=LINE('',#3736,#1772);
#1524=LINE('',#3738,#1773);
#1525=LINE('',#3740,#1774);
#1526=LINE('',#3741,#1775);
#1527=LINE('',#3743,#1776);
#1528=LINE('',#3745,#1777);
#1529=LINE('',#3746,#1778);
#1530=LINE('',#3748,#1779);
#1531=LINE('',#3750,#1780);
#1532=LINE('',#3751,#1781);
#1533=LINE('',#3753,#1782);
#1534=LINE('',#3755,#1783);
#1535=LINE('',#3756,#1784);
#1536=LINE('',#3758,#1785);
#1537=LINE('',#3760,#1786);
#1538=LINE('',#3761,#1787);
#1539=LINE('',#3763,#1788);
#1540=LINE('',#3765,#1789);
#1541=LINE('',#3766,#1790);
#1542=LINE('',#3768,#1791);
#1543=LINE('',#3770,#1792);
#1544=LINE('',#3771,#1793);
#1545=LINE('',#3773,#1794);
#1546=LINE('',#3775,#1795);
#1547=LINE('',#3776,#1796);
#1548=LINE('',#3778,#1797);
#1549=LINE('',#3780,#1798);
#1550=LINE('',#3786,#1799);
#1551=LINE('',#3789,#1800);
#1552=LINE('',#3790,#1801);
#1553=LINE('',#3792,#1802);
#1554=LINE('',#3794,#1803);
#1555=LINE('',#3795,#1804);
#1556=LINE('',#3797,#1805);
#1557=LINE('',#3799,#1806);
#1558=LINE('',#3800,#1807);
#1559=LINE('',#3802,#1808);
#1560=LINE('',#3804,#1809);
#1561=LINE('',#3805,#1810);
#1562=LINE('',#3807,#1811);
#1563=LINE('',#3809,#1812);
#1564=LINE('',#3810,#1813);
#1565=LINE('',#3812,#1814);
#1566=LINE('',#3814,#1815);
#1567=LINE('',#3815,#1816);
#1568=LINE('',#3817,#1817);
#1569=LINE('',#3819,#1818);
#1570=LINE('',#3820,#1819);
#1571=LINE('',#3822,#1820);
#1572=LINE('',#3824,#1821);
#1573=LINE('',#3825,#1822);
#1574=LINE('',#3827,#1823);
#1575=LINE('',#3829,#1824);
#1576=LINE('',#3830,#1825);
#1577=LINE('',#3832,#1826);
#1578=LINE('',#3834,#1827);
#1579=LINE('',#3835,#1828);
#1580=LINE('',#3837,#1829);
#1581=LINE('',#3839,#1830);
#1582=LINE('',#3840,#1831);
#1583=LINE('',#3842,#1832);
#1584=LINE('',#3844,#1833);
#1585=LINE('',#3845,#1834);
#1586=LINE('',#3847,#1835);
#1587=LINE('',#3849,#1836);
#1588=LINE('',#3850,#1837);
#1589=LINE('',#3852,#1838);
#1590=LINE('',#3854,#1839);
#1591=LINE('',#3855,#1840);
#1592=LINE('',#3857,#1841);
#1593=LINE('',#3859,#1842);
#1594=LINE('',#3860,#1843);
#1595=LINE('',#3884,#1844);
#1596=LINE('',#3886,#1845);
#1597=LINE('',#3889,#1846);
#1598=LINE('',#3891,#1847);
#1599=LINE('',#3894,#1848);
#1600=LINE('',#3896,#1849);
#1601=LINE('',#3899,#1850);
#1602=LINE('',#3901,#1851);
#1603=LINE('',#3904,#1852);
#1604=LINE('',#3906,#1853);
#1605=LINE('',#3909,#1854);
#1606=LINE('',#3911,#1855);
#1607=LINE('',#3914,#1856);
#1608=LINE('',#3916,#1857);
#1609=LINE('',#3919,#1858);
#1610=LINE('',#3921,#1859);
#1611=LINE('',#3924,#1860);
#1612=LINE('',#3926,#1861);
#1613=LINE('',#3929,#1862);
#1614=LINE('',#3931,#1863);
#1615=LINE('',#3934,#1864);
#1616=LINE('',#3936,#1865);
#1617=LINE('',#3939,#1866);
#1618=LINE('',#3941,#1867);
#1619=LINE('',#3944,#1868);
#1620=LINE('',#3946,#1869);
#1621=LINE('',#3949,#1870);
#1622=LINE('',#3951,#1871);
#1623=LINE('',#3954,#1872);
#1624=LINE('',#3956,#1873);
#1625=VECTOR('',#2456,1.);
#1626=VECTOR('',#2457,1.);
#1627=VECTOR('',#2458,1.);
#1628=VECTOR('',#2459,1.);
#1629=VECTOR('',#2462,1.);
#1630=VECTOR('',#2463,1.);
#1631=VECTOR('',#2464,1.);
#1632=VECTOR('',#2465,1.);
#1633=VECTOR('',#2468,1.);
#1634=VECTOR('',#2469,1.);
#1635=VECTOR('',#2470,1.);
#1636=VECTOR('',#2471,1.);
#1637=VECTOR('',#2474,1.);
#1638=VECTOR('',#2475,1.);
#1639=VECTOR('',#2476,1.);
#1640=VECTOR('',#2477,1.);
#1641=VECTOR('',#2480,1.);
#1642=VECTOR('',#2481,1.);
#1643=VECTOR('',#2482,1.);
#1644=VECTOR('',#2483,1.);
#1645=VECTOR('',#2486,1.);
#1646=VECTOR('',#2489,1.);
#1647=VECTOR('',#2492,1.);
#1648=VECTOR('',#2493,1.);
#1649=VECTOR('',#2494,1.);
#1650=VECTOR('',#2495,1.);
#1651=VECTOR('',#2496,1.);
#1652=VECTOR('',#2497,1.);
#1653=VECTOR('',#2500,1.);
#1654=VECTOR('',#2503,1.);
#1655=VECTOR('',#2510,1.);
#1656=VECTOR('',#2513,1.);
#1657=VECTOR('',#2518,1.);
#1658=VECTOR('',#2521,1.);
#1659=VECTOR('',#2522,1.);
#1660=VECTOR('',#2523,1.);
#1661=VECTOR('',#2528,1.);
#1662=VECTOR('',#2531,1.);
#1663=VECTOR('',#2532,1.);
#1664=VECTOR('',#2533,1.);
#1665=VECTOR('',#2540,1.);
#1666=VECTOR('',#2541,1.);
#1667=VECTOR('',#2544,1.);
#1668=VECTOR('',#2545,1.);
#1669=VECTOR('',#2546,1.);
#1670=VECTOR('',#2547,1.);
#1671=VECTOR('',#2550,1.);
#1672=VECTOR('',#2551,1.);
#1673=VECTOR('',#2552,1.);
#1674=VECTOR('',#2555,1.);
#1675=VECTOR('',#2556,1.);
#1676=VECTOR('',#2557,1.);
#1677=VECTOR('',#2558,1.);
#1678=VECTOR('',#2561,1.);
#1679=VECTOR('',#2562,1.);
#1680=VECTOR('',#2563,1.);
#1681=VECTOR('',#2566,1.);
#1682=VECTOR('',#2567,1.);
#1683=VECTOR('',#2568,1.);
#1684=VECTOR('',#2569,1.);
#1685=VECTOR('',#2572,1.);
#1686=VECTOR('',#2573,1.);
#1687=VECTOR('',#2574,1.);
#1688=VECTOR('',#2577,1.);
#1689=VECTOR('',#2578,1.);
#1690=VECTOR('',#2579,1.);
#1691=VECTOR('',#2580,1.);
#1692=VECTOR('',#2583,1.);
#1693=VECTOR('',#2584,1.);
#1694=VECTOR('',#2585,1.);
#1695=VECTOR('',#2588,1.);
#1696=VECTOR('',#2589,1.);
#1697=VECTOR('',#2590,1.);
#1698=VECTOR('',#2591,1.);
#1699=VECTOR('',#2594,1.);
#1700=VECTOR('',#2595,1.);
#1701=VECTOR('',#2596,1.);
#1702=VECTOR('',#2597,1.);
#1703=VECTOR('',#2600,1.);
#1704=VECTOR('',#2601,1.);
#1705=VECTOR('',#2602,1.);
#1706=VECTOR('',#2605,1.);
#1707=VECTOR('',#2606,1.);
#1708=VECTOR('',#2607,1.);
#1709=VECTOR('',#2608,1.);
#1710=VECTOR('',#2611,1.);
#1711=VECTOR('',#2612,1.);
#1712=VECTOR('',#2613,1.);
#1713=VECTOR('',#2614,1.);
#1714=VECTOR('',#2617,1.);
#1715=VECTOR('',#2618,1.);
#1716=VECTOR('',#2619,1.);
#1717=VECTOR('',#2620,1.);
#1718=VECTOR('',#2623,1.);
#1719=VECTOR('',#2624,1.);
#1720=VECTOR('',#2625,1.);
#1721=VECTOR('',#2626,1.);
#1722=VECTOR('',#2629,1.);
#1723=VECTOR('',#2630,1.);
#1724=VECTOR('',#2633,1.);
#1725=VECTOR('',#2634,1.);
#1726=VECTOR('',#2635,1.);
#1727=VECTOR('',#2636,1.);
#1728=VECTOR('',#2643,1.);
#1729=VECTOR('',#2644,1.);
#1730=VECTOR('',#2645,1.);
#1731=VECTOR('',#2646,1.);
#1732=VECTOR('',#2653,1.);
#1733=VECTOR('',#2654,1.);
#1734=VECTOR('',#2655,1.);
#1735=VECTOR('',#2656,1.);
#1736=VECTOR('',#2657,1.);
#1737=VECTOR('',#2660,1.);
#1738=VECTOR('',#2661,1.);
#1739=VECTOR('',#2662,1.);
#1740=VECTOR('',#2663,1.);
#1741=VECTOR('',#2664,1.);
#1742=VECTOR('',#2665,1.);
#1743=VECTOR('',#2666,1.);
#1744=VECTOR('',#2669,1.);
#1745=VECTOR('',#2670,1.);
#1746=VECTOR('',#2671,1.);
#1747=VECTOR('',#2672,1.);
#1748=VECTOR('',#2675,1.);
#1749=VECTOR('',#2676,1.);
#1750=VECTOR('',#2677,1.);
#1751=VECTOR('',#2678,1.);
#1752=VECTOR('',#2681,1.);
#1753=VECTOR('',#2682,1.);
#1754=VECTOR('',#2685,1.);
#1755=VECTOR('',#2686,1.);
#1756=VECTOR('',#2687,1.);
#1757=VECTOR('',#2688,1.);
#1758=VECTOR('',#2689,1.);
#1759=VECTOR('',#2690,1.);
#1760=VECTOR('',#2691,1.);
#1761=VECTOR('',#2692,1.);
#1762=VECTOR('',#2693,1.);
#1763=VECTOR('',#2694,1.);
#1764=VECTOR('',#2695,1.);
#1765=VECTOR('',#2696,1.);
#1766=VECTOR('',#2697,1.);
#1767=VECTOR('',#2698,1.);
#1768=VECTOR('',#2699,1.);
#1769=VECTOR('',#2700,1.);
#1770=VECTOR('',#2701,1.);
#1771=VECTOR('',#2702,1.);
#1772=VECTOR('',#2703,1.);
#1773=VECTOR('',#2704,1.);
#1774=VECTOR('',#2705,1.);
#1775=VECTOR('',#2706,1.);
#1776=VECTOR('',#2707,1.);
#1777=VECTOR('',#2708,1.);
#1778=VECTOR('',#2709,1.);
#1779=VECTOR('',#2710,1.);
#1780=VECTOR('',#2711,1.);
#1781=VECTOR('',#2712,1.);
#1782=VECTOR('',#2713,1.);
#1783=VECTOR('',#2714,1.);
#1784=VECTOR('',#2715,1.);
#1785=VECTOR('',#2716,1.);
#1786=VECTOR('',#2717,1.);
#1787=VECTOR('',#2718,1.);
#1788=VECTOR('',#2719,1.);
#1789=VECTOR('',#2720,1.);
#1790=VECTOR('',#2721,1.);
#1791=VECTOR('',#2722,1.);
#1792=VECTOR('',#2723,1.);
#1793=VECTOR('',#2724,1.);
#1794=VECTOR('',#2725,1.);
#1795=VECTOR('',#2726,1.);
#1796=VECTOR('',#2727,1.);
#1797=VECTOR('',#2728,1.);
#1798=VECTOR('',#2729,1.);
#1799=VECTOR('',#2736,1.);
#1800=VECTOR('',#2737,1.);
#1801=VECTOR('',#2738,1.);
#1802=VECTOR('',#2739,1.);
#1803=VECTOR('',#2740,1.);
#1804=VECTOR('',#2741,1.);
#1805=VECTOR('',#2742,1.);
#1806=VECTOR('',#2743,1.);
#1807=VECTOR('',#2744,1.);
#1808=VECTOR('',#2745,1.);
#1809=VECTOR('',#2746,1.);
#1810=VECTOR('',#2747,1.);
#1811=VECTOR('',#2748,1.);
#1812=VECTOR('',#2749,1.);
#1813=VECTOR('',#2750,1.);
#1814=VECTOR('',#2751,1.);
#1815=VECTOR('',#2752,1.);
#1816=VECTOR('',#2753,1.);
#1817=VECTOR('',#2754,1.);
#1818=VECTOR('',#2755,1.);
#1819=VECTOR('',#2756,1.);
#1820=VECTOR('',#2757,1.);
#1821=VECTOR('',#2758,1.);
#1822=VECTOR('',#2759,1.);
#1823=VECTOR('',#2760,1.);
#1824=VECTOR('',#2761,1.);
#1825=VECTOR('',#2762,1.);
#1826=VECTOR('',#2763,1.);
#1827=VECTOR('',#2764,1.);
#1828=VECTOR('',#2765,1.);
#1829=VECTOR('',#2766,1.);
#1830=VECTOR('',#2767,1.);
#1831=VECTOR('',#2768,1.);
#1832=VECTOR('',#2769,1.);
#1833=VECTOR('',#2770,1.);
#1834=VECTOR('',#2771,1.);
#1835=VECTOR('',#2772,1.);
#1836=VECTOR('',#2773,1.);
#1837=VECTOR('',#2774,1.);
#1838=VECTOR('',#2775,1.);
#1839=VECTOR('',#2776,1.);
#1840=VECTOR('',#2777,1.);
#1841=VECTOR('',#2778,1.);
#1842=VECTOR('',#2779,1.);
#1843=VECTOR('',#2780,1.);
#1844=VECTOR('',#2783,1.);
#1845=VECTOR('',#2786,1.);
#1846=VECTOR('',#2791,1.);
#1847=VECTOR('',#2794,1.);
#1848=VECTOR('',#2799,1.);
#1849=VECTOR('',#2802,1.);
#1850=VECTOR('',#2807,1.);
#1851=VECTOR('',#2810,1.);
#1852=VECTOR('',#2815,1.);
#1853=VECTOR('',#2818,1.);
#1854=VECTOR('',#2823,1.);
#1855=VECTOR('',#2826,1.);
#1856=VECTOR('',#2831,1.);
#1857=VECTOR('',#2834,1.);
#1858=VECTOR('',#2839,1.);
#1859=VECTOR('',#2842,1.);
#1860=VECTOR('',#2847,1.);
#1861=VECTOR('',#2850,1.);
#1862=VECTOR('',#2855,1.);
#1863=VECTOR('',#2858,1.);
#1864=VECTOR('',#2863,1.);
#1865=VECTOR('',#2866,1.);
#1866=VECTOR('',#2871,1.);
#1867=VECTOR('',#2874,1.);
#1868=VECTOR('',#2879,1.);
#1869=VECTOR('',#2882,1.);
#1870=VECTOR('',#2887,1.);
#1871=VECTOR('',#2890,1.);
#1872=VECTOR('',#2895,1.);
#1873=VECTOR('',#2898,1.);
#1874=EDGE_LOOP('',(#147,#148,#149,#150));
#1875=EDGE_LOOP('',(#151,#152,#153,#154));
#1876=EDGE_LOOP('',(#155,#156,#157,#158));
#1877=EDGE_LOOP('',(#159,#160,#161,#162));
#1878=EDGE_LOOP('',(#163,#164,#165,#166));
#1879=EDGE_LOOP('',(#167,#168,#169,#170));
#1880=EDGE_LOOP('',(#171,#172,#173,#174));
#1881=EDGE_LOOP('',(#175,#176,#177,#178));
#1882=EDGE_LOOP('',(#179,#180,#181,#182));
#1883=EDGE_LOOP('',(#183,#184,#185,#186));
#1884=EDGE_LOOP('',(#187,#188,#189,#190));
#1885=EDGE_LOOP('',(#191,#192,#193,#194));
#1886=EDGE_LOOP('',(#195,#196,#197,#198));
#1887=EDGE_LOOP('',(#199,#200,#201,#202));
#1888=EDGE_LOOP('',(#203,#204,#205,#206));
#1889=EDGE_LOOP('',(#207,#208,#209,#210));
#1890=EDGE_LOOP('',(#211,#212,#213,#214));
#1891=EDGE_LOOP('',(#215,#216,#217,#218));
#1892=EDGE_LOOP('',(#219,#220,#221,#222));
#1893=EDGE_LOOP('',(#223,#224,#225,#226));
#1894=EDGE_LOOP('',(#227,#228,#229,#230));
#1895=EDGE_LOOP('',(#231,#232,#233,#234));
#1896=EDGE_LOOP('',(#235,#236,#237,#238));
#1897=EDGE_LOOP('',(#239,#240,#241,#242));
#1898=EDGE_LOOP('',(#243,#244,#245,#246));
#1899=EDGE_LOOP('',(#247,#248,#249,#250));
#1900=EDGE_LOOP('',(#251,#252,#253,#254));
#1901=EDGE_LOOP('',(#255,#256,#257,#258));
#1902=EDGE_LOOP('',(#259,#260,#261,#262));
#1903=EDGE_LOOP('',(#263,#264,#265,#266));
#1904=EDGE_LOOP('',(#267,#268,#269,#270));
#1905=EDGE_LOOP('',(#271,#272,#273,#274));
#1906=EDGE_LOOP('',(#275,#276,#277,#278));
#1907=EDGE_LOOP('',(#279,#280,#281,#282));
#1908=EDGE_LOOP('',(#283,#284,#285,#286));
#1909=EDGE_LOOP('',(#287,#288,#289,#290));
#1910=EDGE_LOOP('',(#291,#292,#293,#294));
#1911=EDGE_LOOP('',(#295,#296,#297,#298));
#1912=EDGE_LOOP('',(#299,#300,#301,#302));
#1913=EDGE_LOOP('',(#303,#304,#305,#306));
#1914=EDGE_LOOP('',(#307,#308,#309,#310));
#1915=EDGE_LOOP('',(#311,#312,#313,#314));
#1916=EDGE_LOOP('',(#315,#316,#317,#318));
#1917=EDGE_LOOP('',(#319,#320,#321,#322));
#1918=EDGE_LOOP('',(#323,#324,#325,#326));
#1919=EDGE_LOOP('',(#327,#328,#329,#330));
#1920=EDGE_LOOP('',(#331,#332,#333,#334));
#1921=EDGE_LOOP('',(#335,#336,#337,#338));
#1922=EDGE_LOOP('',(#339,#340,#341,#342));
#1923=EDGE_LOOP('',(#343,#344,#345,#346));
#1924=EDGE_LOOP('',(#347,#348,#349,#350));
#1925=EDGE_LOOP('',(#351,#352,#353,#354));
#1926=EDGE_LOOP('',(#355,#356,#357,#358));
#1927=EDGE_LOOP('',(#359,#360,#361,#362));
#1928=EDGE_LOOP('',(#363,#364,#365,#366));
#1929=EDGE_LOOP('',(#367,#368,#369,#370));
#1930=EDGE_LOOP('',(#371,#372,#373,#374));
#1931=EDGE_LOOP('',(#375,#376,#377,#378));
#1932=EDGE_LOOP('',(#379,#380,#381,#382));
#1933=EDGE_LOOP('',(#383,#384,#385,#386));
#1934=EDGE_LOOP('',(#387,#388,#389,#390));
#1935=EDGE_LOOP('',(#391,#392,#393,#394));
#1936=EDGE_LOOP('',(#395,#396,#397,#398));
#1937=EDGE_LOOP('',(#399,#400,#401,#402));
#1938=EDGE_LOOP('',(#403,#404,#405,#406,#407,#408,#409,#410,#411,#412,#413,
#414,#415,#416,#417,#418,#419,#420,#421,#422,#423,#424,#425,#426,#427,#428,
#429,#430,#431,#432,#433,#434,#435,#436,#437,#438,#439,#440,#441,#442,#443,
#444,#445,#446,#447,#448,#449,#450,#451,#452,#453,#454,#455,#456,#457,#458,
#459,#460,#461,#462,#463,#464,#465,#466,#467,#468,#469,#470,#471,#472,#473,
#474,#475,#476,#477,#478,#479,#480,#481,#482,#483,#484,#485,#486,#487,#488,
#489,#490,#491,#492,#493,#494,#495,#496,#497,#498,#499,#500,#501,#502,#503,
#504,#505,#506,#507,#508,#509,#510,#511));
#1939=EDGE_LOOP('',(#512));
#1940=EDGE_LOOP('',(#513));
#1941=EDGE_LOOP('',(#514,#515,#516,#517,#518,#519,#520,#521,#522,#523,#524,
#525,#526,#527,#528,#529,#530,#531,#532,#533,#534,#535,#536,#537,#538,#539,
#540,#541,#542,#543,#544,#545,#546,#547,#548,#549,#550,#551,#552,#553,#554,
#555,#556,#557,#558,#559,#560,#561,#562,#563,#564,#565,#566,#567,#568,#569,
#570,#571,#572,#573,#574,#575,#576,#577,#578,#579,#580,#581,#582,#583,#584,
#585,#586,#587,#588,#589,#590,#591,#592,#593,#594,#595,#596,#597,#598,#599,
#600,#601,#602,#603,#604,#605,#606,#607,#608,#609,#610,#611,#612,#613,#614,
#615,#616,#617,#618,#619,#620,#621,#622));
#1942=EDGE_LOOP('',(#623));
#1943=EDGE_LOOP('',(#624));
#1944=EDGE_LOOP('',(#625,#626,#627,#628));
#1945=EDGE_LOOP('',(#629,#630,#631,#632));
#1946=EDGE_LOOP('',(#633,#634,#635,#636));
#1947=EDGE_LOOP('',(#637,#638,#639,#640));
#1948=EDGE_LOOP('',(#641,#642,#643,#644));
#1949=EDGE_LOOP('',(#645,#646,#647,#648));
#1950=EDGE_LOOP('',(#649,#650,#651,#652));
#1951=EDGE_LOOP('',(#653,#654,#655,#656));
#1952=EDGE_LOOP('',(#657,#658,#659,#660));
#1953=EDGE_LOOP('',(#661,#662,#663,#664));
#1954=EDGE_LOOP('',(#665,#666,#667,#668));
#1955=EDGE_LOOP('',(#669,#670,#671,#672));
#1956=EDGE_LOOP('',(#673,#674,#675,#676));
#1957=EDGE_LOOP('',(#677,#678,#679,#680));
#1958=EDGE_LOOP('',(#681,#682,#683,#684));
#1959=EDGE_LOOP('',(#685,#686,#687,#688));
#1960=EDGE_LOOP('',(#689,#690,#691,#692));
#1961=EDGE_LOOP('',(#693,#694,#695,#696));
#1962=EDGE_LOOP('',(#697,#698,#699,#700));
#1963=EDGE_LOOP('',(#701,#702,#703,#704));
#1964=EDGE_LOOP('',(#705,#706,#707,#708));
#1965=EDGE_LOOP('',(#709,#710,#711,#712));
#1966=EDGE_LOOP('',(#713,#714,#715,#716));
#1967=EDGE_LOOP('',(#717,#718,#719,#720));
#1968=EDGE_LOOP('',(#721,#722,#723,#724));
#1969=EDGE_LOOP('',(#725,#726,#727,#728));
#1970=EDGE_LOOP('',(#729,#730,#731,#732));
#1971=EDGE_LOOP('',(#733,#734,#735,#736));
#1972=EDGE_LOOP('',(#737,#738,#739,#740));
#1973=EDGE_LOOP('',(#741,#742,#743,#744));
#1974=EDGE_LOOP('',(#745,#746,#747,#748));
#1975=EDGE_LOOP('',(#749,#750,#751,#752));
#1976=EDGE_LOOP('',(#753,#754,#755,#756));
#1977=EDGE_LOOP('',(#757,#758,#759,#760));
#1978=EDGE_LOOP('',(#761,#762,#763,#764));
#1979=EDGE_LOOP('',(#765,#766,#767,#768));
#1980=EDGE_LOOP('',(#769,#770,#771,#772));
#1981=EDGE_LOOP('',(#773,#774,#775,#776));
#1982=EDGE_LOOP('',(#777,#778,#779,#780));
#1983=EDGE_LOOP('',(#781,#782,#783,#784));
#1984=EDGE_LOOP('',(#785,#786,#787,#788));
#1985=EDGE_LOOP('',(#789,#790,#791,#792));
#1986=EDGE_LOOP('',(#793,#794,#795,#796));
#1987=EDGE_LOOP('',(#797,#798,#799,#800));
#1988=EDGE_LOOP('',(#801,#802,#803,#804));
#1989=EDGE_LOOP('',(#805));
#1990=EDGE_LOOP('',(#806));
#1991=EDGE_LOOP('',(#807));
#1992=EDGE_LOOP('',(#808));
#1993=EDGE_LOOP('',(#809));
#1994=EDGE_LOOP('',(#810));
#1995=EDGE_LOOP('',(#811));
#1996=EDGE_LOOP('',(#812));
#1997=EDGE_LOOP('',(#813));
#1998=EDGE_LOOP('',(#814));
#1999=FACE_BOUND('',#1874,.T.);
#2000=FACE_BOUND('',#1875,.T.);
#2001=FACE_BOUND('',#1876,.T.);
#2002=FACE_BOUND('',#1877,.T.);
#2003=FACE_BOUND('',#1878,.T.);
#2004=FACE_BOUND('',#1879,.T.);
#2005=FACE_BOUND('',#1880,.T.);
#2006=FACE_BOUND('',#1881,.T.);
#2007=FACE_BOUND('',#1882,.T.);
#2008=FACE_BOUND('',#1883,.T.);
#2009=FACE_BOUND('',#1884,.T.);
#2010=FACE_BOUND('',#1885,.T.);
#2011=FACE_BOUND('',#1886,.T.);
#2012=FACE_BOUND('',#1887,.T.);
#2013=FACE_BOUND('',#1888,.T.);
#2014=FACE_BOUND('',#1889,.T.);
#2015=FACE_BOUND('',#1890,.T.);
#2016=FACE_BOUND('',#1891,.T.);
#2017=FACE_BOUND('',#1892,.T.);
#2018=FACE_BOUND('',#1893,.T.);
#2019=FACE_BOUND('',#1894,.T.);
#2020=FACE_BOUND('',#1895,.T.);
#2021=FACE_BOUND('',#1896,.T.);
#2022=FACE_BOUND('',#1897,.T.);
#2023=FACE_BOUND('',#1898,.T.);
#2024=FACE_BOUND('',#1899,.T.);
#2025=FACE_BOUND('',#1900,.T.);
#2026=FACE_BOUND('',#1901,.T.);
#2027=FACE_BOUND('',#1902,.T.);
#2028=FACE_BOUND('',#1903,.T.);
#2029=FACE_BOUND('',#1904,.T.);
#2030=FACE_BOUND('',#1905,.T.);
#2031=FACE_BOUND('',#1906,.T.);
#2032=FACE_BOUND('',#1907,.T.);
#2033=FACE_BOUND('',#1908,.T.);
#2034=FACE_BOUND('',#1909,.T.);
#2035=FACE_BOUND('',#1910,.T.);
#2036=FACE_BOUND('',#1911,.T.);
#2037=FACE_BOUND('',#1912,.T.);
#2038=FACE_BOUND('',#1913,.T.);
#2039=FACE_BOUND('',#1914,.T.);
#2040=FACE_BOUND('',#1915,.T.);
#2041=FACE_BOUND('',#1916,.T.);
#2042=FACE_BOUND('',#1917,.T.);
#2043=FACE_BOUND('',#1918,.T.);
#2044=FACE_BOUND('',#1919,.T.);
#2045=FACE_BOUND('',#1920,.T.);
#2046=FACE_BOUND('',#1921,.T.);
#2047=FACE_BOUND('',#1922,.T.);
#2048=FACE_BOUND('',#1923,.T.);
#2049=FACE_BOUND('',#1924,.T.);
#2050=FACE_BOUND('',#1925,.T.);
#2051=FACE_BOUND('',#1926,.T.);
#2052=FACE_BOUND('',#1927,.T.);
#2053=FACE_BOUND('',#1928,.T.);
#2054=FACE_BOUND('',#1929,.T.);
#2055=FACE_BOUND('',#1930,.T.);
#2056=FACE_BOUND('',#1931,.T.);
#2057=FACE_BOUND('',#1932,.T.);
#2058=FACE_BOUND('',#1933,.T.);
#2059=FACE_BOUND('',#1934,.T.);
#2060=FACE_BOUND('',#1935,.T.);
#2061=FACE_BOUND('',#1936,.T.);
#2062=FACE_BOUND('',#1937,.T.);
#2063=FACE_BOUND('',#1938,.T.);
#2064=FACE_BOUND('',#1939,.T.);
#2065=FACE_BOUND('',#1940,.T.);
#2066=FACE_BOUND('',#1941,.T.);
#2067=FACE_BOUND('',#1942,.T.);
#2068=FACE_BOUND('',#1943,.T.);
#2069=FACE_BOUND('',#1944,.T.);
#2070=FACE_BOUND('',#1945,.T.);
#2071=FACE_BOUND('',#1946,.T.);
#2072=FACE_BOUND('',#1947,.T.);
#2073=FACE_BOUND('',#1948,.T.);
#2074=FACE_BOUND('',#1949,.T.);
#2075=FACE_BOUND('',#1950,.T.);
#2076=FACE_BOUND('',#1951,.T.);
#2077=FACE_BOUND('',#1952,.T.);
#2078=FACE_BOUND('',#1953,.T.);
#2079=FACE_BOUND('',#1954,.T.);
#2080=FACE_BOUND('',#1955,.T.);
#2081=FACE_BOUND('',#1956,.T.);
#2082=FACE_BOUND('',#1957,.T.);
#2083=FACE_BOUND('',#1958,.T.);
#2084=FACE_BOUND('',#1959,.T.);
#2085=FACE_BOUND('',#1960,.T.);
#2086=FACE_BOUND('',#1961,.T.);
#2087=FACE_BOUND('',#1962,.T.);
#2088=FACE_BOUND('',#1963,.T.);
#2089=FACE_BOUND('',#1964,.T.);
#2090=FACE_BOUND('',#1965,.T.);
#2091=FACE_BOUND('',#1966,.T.);
#2092=FACE_BOUND('',#1967,.T.);
#2093=FACE_BOUND('',#1968,.T.);
#2094=FACE_BOUND('',#1969,.T.);
#2095=FACE_BOUND('',#1970,.T.);
#2096=FACE_BOUND('',#1971,.T.);
#2097=FACE_BOUND('',#1972,.T.);
#2098=FACE_BOUND('',#1973,.T.);
#2099=FACE_BOUND('',#1974,.T.);
#2100=FACE_BOUND('',#1975,.T.);
#2101=FACE_BOUND('',#1976,.T.);
#2102=FACE_BOUND('',#1977,.T.);
#2103=FACE_BOUND('',#1978,.T.);
#2104=FACE_BOUND('',#1979,.T.);
#2105=FACE_BOUND('',#1980,.T.);
#2106=FACE_BOUND('',#1981,.T.);
#2107=FACE_BOUND('',#1982,.T.);
#2108=FACE_BOUND('',#1983,.T.);
#2109=FACE_BOUND('',#1984,.T.);
#2110=FACE_BOUND('',#1985,.T.);
#2111=FACE_BOUND('',#1986,.T.);
#2112=FACE_BOUND('',#1987,.T.);
#2113=FACE_BOUND('',#1988,.T.);
#2114=FACE_BOUND('',#10,.T.);
#2115=FACE_BOUND('',#1989,.T.);
#2116=FACE_BOUND('',#1990,.T.);
#2117=FACE_BOUND('',#11,.T.);
#2118=FACE_BOUND('',#1991,.T.);
#2119=FACE_BOUND('',#1992,.T.);
#2120=FACE_BOUND('',#1993,.T.);
#2121=FACE_BOUND('',#1994,.T.);
#2122=FACE_BOUND('',#1995,.T.);
#2123=FACE_BOUND('',#1996,.T.);
#2124=FACE_BOUND('',#1997,.T.);
#2125=FACE_BOUND('',#1998,.T.);
#2126=PLANE('',#2341);
#2127=PLANE('',#2342);
#2128=PLANE('',#2343);
#2129=PLANE('',#2344);
#2130=PLANE('',#2345);
#2131=PLANE('',#2364);
#2132=PLANE('',#2365);
#2133=PLANE('',#2366);
#2134=PLANE('',#2367);
#2135=PLANE('',#2368);
#2136=PLANE('',#2369);
#2137=PLANE('',#2370);
#2138=PLANE('',#2371);
#2139=PLANE('',#2372);
#2140=PLANE('',#2373);
#2141=PLANE('',#2374);
#2142=PLANE('',#2375);
#2143=PLANE('',#2376);
#2144=PLANE('',#2377);
#2145=PLANE('',#2378);
#2146=PLANE('',#2379);
#2147=PLANE('',#2387);
#2148=PLANE('',#2388);
#2149=PLANE('',#2389);
#2150=PLANE('',#2390);
#2151=PLANE('',#2391);
#2152=PLANE('',#2393);
#2153=PLANE('',#2395);
#2154=PLANE('',#2396);
#2155=PLANE('',#2397);
#2156=PLANE('',#2398);
#2157=PLANE('',#2399);
#2158=PLANE('',#2400);
#2159=PLANE('',#2401);
#2160=PLANE('',#2402);
#2161=PLANE('',#2403);
#2162=PLANE('',#2404);
#2163=PLANE('',#2405);
#2164=PLANE('',#2406);
#2165=PLANE('',#2407);
#2166=PLANE('',#2408);
#2167=PLANE('',#2409);
#2168=PLANE('',#2410);
#2169=PLANE('',#2411);
#2170=PLANE('',#2412);
#2171=PLANE('',#2413);
#2172=PLANE('',#2414);
#2173=PLANE('',#2415);
#2174=PLANE('',#2416);
#2175=PLANE('',#2417);
#2176=PLANE('',#2418);
#2177=PLANE('',#2419);
#2178=PLANE('',#2420);
#2179=PLANE('',#2421);
#2180=PLANE('',#2422);
#2181=PLANE('',#2423);
#2182=PLANE('',#2424);
#2183=PLANE('',#2425);
#2184=PLANE('',#2426);
#2185=PLANE('',#2427);
#2186=PLANE('',#2428);
#2187=PLANE('',#2429);
#2188=PLANE('',#2430);
#2189=PLANE('',#2431);
#2190=PLANE('',#2432);
#2191=PLANE('',#2433);
#2192=PLANE('',#2434);
#2193=PLANE('',#2435);
#2194=PLANE('',#2436);
#2195=PLANE('',#2437);
#2196=PLANE('',#2438);
#2197=PLANE('',#2439);
#2198=ADVANCED_FACE('',(#1999),#2126,.F.);
#2199=ADVANCED_FACE('',(#2000),#2127,.F.);
#2200=ADVANCED_FACE('',(#2001),#2128,.F.);
#2201=ADVANCED_FACE('',(#2002),#2129,.F.);
#2202=ADVANCED_FACE('',(#2003),#2130,.F.);
#2203=ADVANCED_FACE('',(#2004),#138,.T.);
#2204=ADVANCED_FACE('',(#2005),#86,.F.);
#2205=ADVANCED_FACE('',(#2006),#87,.F.);
#2206=ADVANCED_FACE('',(#2007),#88,.F.);
#2207=ADVANCED_FACE('',(#2008),#139,.T.);
#2208=ADVANCED_FACE('',(#2009),#140,.T.);
#2209=ADVANCED_FACE('',(#2010),#141,.T.);
#2210=ADVANCED_FACE('',(#2011),#89,.F.);
#2211=ADVANCED_FACE('',(#2012),#142,.T.);
#2212=ADVANCED_FACE('',(#2013),#90,.F.);
#2213=ADVANCED_FACE('',(#2014),#143,.T.);
#2214=ADVANCED_FACE('',(#2015),#91,.F.);
#2215=ADVANCED_FACE('',(#2016),#2131,.F.);
#2216=ADVANCED_FACE('',(#2017),#92,.F.);
#2217=ADVANCED_FACE('',(#2018),#2132,.F.);
#2218=ADVANCED_FACE('',(#2019),#2133,.F.);
#2219=ADVANCED_FACE('',(#2020),#93,.F.);
#2220=ADVANCED_FACE('',(#2021),#2134,.F.);
#2221=ADVANCED_FACE('',(#2022),#2135,.T.);
#2222=ADVANCED_FACE('',(#2023),#94,.F.);
#2223=ADVANCED_FACE('',(#2024),#2136,.F.);
#2224=ADVANCED_FACE('',(#2025),#2137,.F.);
#2225=ADVANCED_FACE('',(#2026),#95,.F.);
#2226=ADVANCED_FACE('',(#2027),#2138,.F.);
#2227=ADVANCED_FACE('',(#2028),#2139,.F.);
#2228=ADVANCED_FACE('',(#2029),#96,.F.);
#2229=ADVANCED_FACE('',(#2030),#2140,.F.);
#2230=ADVANCED_FACE('',(#2031),#97,.T.);
#2231=ADVANCED_FACE('',(#2032),#2141,.F.);
#2232=ADVANCED_FACE('',(#2033),#2142,.F.);
#2233=ADVANCED_FACE('',(#2034),#2143,.T.);
#2234=ADVANCED_FACE('',(#2035),#98,.F.);
#2235=ADVANCED_FACE('',(#2036),#2144,.T.);
#2236=ADVANCED_FACE('',(#2037),#99,.F.);
#2237=ADVANCED_FACE('',(#2038),#2145,.F.);
#2238=ADVANCED_FACE('',(#2039),#100,.F.);
#2239=ADVANCED_FACE('',(#2040),#2146,.F.);
#2240=ADVANCED_FACE('',(#2041),#144,.T.);
#2241=ADVANCED_FACE('',(#2042),#101,.F.);
#2242=ADVANCED_FACE('',(#2043),#102,.F.);
#2243=ADVANCED_FACE('',(#2044),#145,.F.);
#2244=ADVANCED_FACE('',(#2045),#103,.F.);
#2245=ADVANCED_FACE('',(#2046),#104,.F.);
#2246=ADVANCED_FACE('',(#2047),#105,.F.);
#2247=ADVANCED_FACE('',(#2048),#146,.F.);
#2248=ADVANCED_FACE('',(#2049),#106,.F.);
#2249=ADVANCED_FACE('',(#2050),#107,.F.);
#2250=ADVANCED_FACE('',(#2051),#108,.F.);
#2251=ADVANCED_FACE('',(#2052),#109,.F.);
#2252=ADVANCED_FACE('',(#2053),#2147,.T.);
#2253=ADVANCED_FACE('',(#2054),#110,.T.);
#2254=ADVANCED_FACE('',(#2055),#111,.F.);
#2255=ADVANCED_FACE('',(#2056),#112,.F.);
#2256=ADVANCED_FACE('',(#2057),#113,.F.);
#2257=ADVANCED_FACE('',(#2058),#2148,.F.);
#2258=ADVANCED_FACE('',(#2059),#114,.F.);
#2259=ADVANCED_FACE('',(#2060),#2149,.F.);
#2260=ADVANCED_FACE('',(#2061),#115,.F.);
#2261=ADVANCED_FACE('',(#2062),#2150,.F.);
#2262=ADVANCED_FACE('',(#2063,#2064),#2151,.F.);
#2263=ADVANCED_FACE('',(#2065,#2066),#2152,.T.);
#2264=ADVANCED_FACE('',(#2067,#2068),#116,.T.);
#2265=ADVANCED_FACE('',(#2069),#2153,.T.);
#2266=ADVANCED_FACE('',(#2070),#2154,.T.);
#2267=ADVANCED_FACE('',(#2071),#2155,.T.);
#2268=ADVANCED_FACE('',(#2072),#2156,.T.);
#2269=ADVANCED_FACE('',(#2073),#2157,.T.);
#2270=ADVANCED_FACE('',(#2074),#2158,.T.);
#2271=ADVANCED_FACE('',(#2075),#2159,.T.);
#2272=ADVANCED_FACE('',(#2076),#2160,.T.);
#2273=ADVANCED_FACE('',(#2077),#2161,.T.);
#2274=ADVANCED_FACE('',(#2078),#2162,.T.);
#2275=ADVANCED_FACE('',(#2079),#2163,.T.);
#2276=ADVANCED_FACE('',(#2080),#2164,.T.);
#2277=ADVANCED_FACE('',(#2081),#2165,.T.);
#2278=ADVANCED_FACE('',(#2082),#2166,.T.);
#2279=ADVANCED_FACE('',(#2083),#2167,.T.);
#2280=ADVANCED_FACE('',(#2084),#2168,.T.);
#2281=ADVANCED_FACE('',(#2085),#2169,.T.);
#2282=ADVANCED_FACE('',(#2086),#2170,.T.);
#2283=ADVANCED_FACE('',(#2087),#2171,.T.);
#2284=ADVANCED_FACE('',(#2088),#2172,.T.);
#2285=ADVANCED_FACE('',(#2089),#2173,.T.);
#2286=ADVANCED_FACE('',(#2090),#2174,.T.);
#2287=ADVANCED_FACE('',(#2091),#2175,.T.);
#2288=ADVANCED_FACE('',(#2092),#2176,.T.);
#2289=ADVANCED_FACE('',(#2093),#2177,.T.);
#2290=ADVANCED_FACE('',(#2094),#2178,.T.);
#2291=ADVANCED_FACE('',(#2095),#2179,.T.);
#2292=ADVANCED_FACE('',(#2096),#2180,.T.);
#2293=ADVANCED_FACE('',(#2097),#2181,.T.);
#2294=ADVANCED_FACE('',(#2098),#2182,.T.);
#2295=ADVANCED_FACE('',(#2099),#2183,.T.);
#2296=ADVANCED_FACE('',(#2100),#2184,.T.);
#2297=ADVANCED_FACE('',(#2101),#2185,.T.);
#2298=ADVANCED_FACE('',(#2102),#2186,.T.);
#2299=ADVANCED_FACE('',(#2103),#2187,.T.);
#2300=ADVANCED_FACE('',(#2104),#2188,.T.);
#2301=ADVANCED_FACE('',(#2105),#2189,.T.);
#2302=ADVANCED_FACE('',(#2106),#2190,.T.);
#2303=ADVANCED_FACE('',(#2107),#2191,.T.);
#2304=ADVANCED_FACE('',(#2108),#2192,.T.);
#2305=ADVANCED_FACE('',(#2109),#2193,.T.);
#2306=ADVANCED_FACE('',(#2110),#2194,.T.);
#2307=ADVANCED_FACE('',(#2111),#2195,.T.);
#2308=ADVANCED_FACE('',(#2112),#2196,.T.);
#2309=ADVANCED_FACE('',(#2113),#2197,.T.);
#2310=ADVANCED_FACE('',(#2114,#2115),#12,.F.);
#2311=ADVANCED_FACE('',(#2116,#2117),#13,.T.);
#2312=ADVANCED_FACE('',(#2118,#2119),#14,.T.);
#2313=ADVANCED_FACE('',(#2120,#2121),#15,.T.);
#2314=ADVANCED_FACE('',(#2122,#2123),#16,.T.);
#2315=ADVANCED_FACE('',(#2124,#2125),#17,.F.);
#2316=CLOSED_SHELL('',(#2198,#2199,#2200,#2201,#2202,#2203,#2204,#2205,
#2206,#2207,#2208,#2209,#2210,#2211,#2212,#2213,#2214,#2215,#2216,#2217,
#2218,#2219,#2220,#2221,#2222,#2223,#2224,#2225,#2226,#2227,#2228,#2229,
#2230,#2231,#2232,#2233,#2234,#2235,#2236,#2237,#2238,#2239,#2240,#2241,
#2242,#2243,#2244,#2245,#2246,#2247,#2248,#2249,#2250,#2251,#2252,#2253,
#2254,#2255,#2256,#2257,#2258,#2259,#2260,#2261,#2262,#2263,#2264,#2265,
#2266,#2267,#2268,#2269,#2270,#2271,#2272,#2273,#2274,#2275,#2276,#2277,
#2278,#2279,#2280,#2281,#2282,#2283,#2284,#2285,#2286,#2287,#2288,#2289,
#2290,#2291,#2292,#2293,#2294,#2295,#2296,#2297,#2298,#2299,#2300,#2301,
#2302,#2303,#2304,#2305,#2306,#2307,#2308,#2309));
#2317=CLOSED_SHELL('',(#2310,#2311,#2312,#2313,#2314,#2315));
#2318=STYLED_ITEM('',(#2320),#2334);
#2319=STYLED_ITEM('',(#2321),#2335);
#2320=PRESENTATION_STYLE_ASSIGNMENT((#2322));
#2321=PRESENTATION_STYLE_ASSIGNMENT((#2323));
#2322=SURFACE_STYLE_USAGE(.BOTH.,#2324);
#2323=SURFACE_STYLE_USAGE(.BOTH.,#2325);
#2324=SURFACE_SIDE_STYLE('',(#2326));
#2325=SURFACE_SIDE_STYLE('',(#2327));
#2326=SURFACE_STYLE_FILL_AREA(#2328);
#2327=SURFACE_STYLE_FILL_AREA(#2329);
#2328=FILL_AREA_STYLE('',(#2330));
#2329=FILL_AREA_STYLE('',(#2331));
#2330=FILL_AREA_STYLE_COLOUR('',#2332);
#2331=FILL_AREA_STYLE_COLOUR('',#2333);
#2332=COLOUR_RGB('',0.647058823529412,0.647058823529412,0.647058823529412);
#2333=COLOUR_RGB('',0.615686274509804,0.811764705882353,0.929411764705882);
#2334=MANIFOLD_SOLID_BREP('Part 2',#2316);
#2335=MANIFOLD_SOLID_BREP('Part 1',#2317);
#2336=SHAPE_DEFINITION_REPRESENTATION(#3989,#2338);
#2337=SHAPE_DEFINITION_REPRESENTATION(#3990,#2339);
#2338=SHAPE_REPRESENTATION('Part 2',(#2340),#3979);
#2339=SHAPE_REPRESENTATION('Part 1',(#2440),#3980);
#2340=AXIS2_PLACEMENT_3D('',#2925,#2452,#2453);
#2341=AXIS2_PLACEMENT_3D('',#2926,#2454,#2455);
#2342=AXIS2_PLACEMENT_3D('',#2935,#2460,#2461);
#2343=AXIS2_PLACEMENT_3D('',#2944,#2466,#2467);
#2344=AXIS2_PLACEMENT_3D('',#2953,#2472,#2473);
#2345=AXIS2_PLACEMENT_3D('',#2962,#2478,#2479);
#2346=AXIS2_PLACEMENT_3D('',#2971,#2484,#2485);
#2347=AXIS2_PLACEMENT_3D('',#2975,#2487,#2488);
#2348=AXIS2_PLACEMENT_3D('',#2979,#2490,#2491);
#2349=AXIS2_PLACEMENT_3D('',#3040,#2498,#2499);
#2350=AXIS2_PLACEMENT_3D('',#3044,#2501,#2502);
#2351=AXIS2_PLACEMENT_3D('',#3048,#2504,#2505);
#2352=AXIS2_PLACEMENT_3D('',#3049,#2506,#2507);
#2353=AXIS2_PLACEMENT_3D('',#3050,#2508,#2509);
#2354=AXIS2_PLACEMENT_3D('',#3055,#2511,#2512);
#2355=AXIS2_PLACEMENT_3D('',#3058,#2514,#2515);
#2356=AXIS2_PLACEMENT_3D('',#3059,#2516,#2517);
#2357=AXIS2_PLACEMENT_3D('',#3064,#2519,#2520);
#2358=AXIS2_PLACEMENT_3D('',#3087,#2524,#2525);
#2359=AXIS2_PLACEMENT_3D('',#3088,#2526,#2527);
#2360=AXIS2_PLACEMENT_3D('',#3093,#2529,#2530);
#2361=AXIS2_PLACEMENT_3D('',#3116,#2534,#2535);
#2362=AXIS2_PLACEMENT_3D('',#3117,#2536,#2537);
#2363=AXIS2_PLACEMENT_3D('',#3119,#2538,#2539);
#2364=AXIS2_PLACEMENT_3D('',#3139,#2542,#2543);
#2365=AXIS2_PLACEMENT_3D('',#3172,#2548,#2549);
#2366=AXIS2_PLACEMENT_3D('',#3178,#2553,#2554);
#2367=AXIS2_PLACEMENT_3D('',#3201,#2559,#2560);
#2368=AXIS2_PLACEMENT_3D('',#3207,#2564,#2565);
#2369=AXIS2_PLACEMENT_3D('',#3230,#2570,#2571);
#2370=AXIS2_PLACEMENT_3D('',#3236,#2575,#2576);
#2371=AXIS2_PLACEMENT_3D('',#3259,#2581,#2582);
#2372=AXIS2_PLACEMENT_3D('',#3265,#2586,#2587);
#2373=AXIS2_PLACEMENT_3D('',#3288,#2592,#2593);
#2374=AXIS2_PLACEMENT_3D('',#3311,#2598,#2599);
#2375=AXIS2_PLACEMENT_3D('',#3317,#2603,#2604);
#2376=AXIS2_PLACEMENT_3D('',#3326,#2609,#2610);
#2377=AXIS2_PLACEMENT_3D('',#3349,#2615,#2616);
#2378=AXIS2_PLACEMENT_3D('',#3372,#2621,#2622);
#2379=AXIS2_PLACEMENT_3D('',#3395,#2627,#2628);
#2380=AXIS2_PLACEMENT_3D('',#3398,#2631,#2632);
#2381=AXIS2_PLACEMENT_3D('',#3451,#2637,#2638);
#2382=AXIS2_PLACEMENT_3D('',#3452,#2639,#2640);
#2383=AXIS2_PLACEMENT_3D('',#3454,#2641,#2642);
#2384=AXIS2_PLACEMENT_3D('',#3508,#2647,#2648);
#2385=AXIS2_PLACEMENT_3D('',#3509,#2649,#2650);
#2386=AXIS2_PLACEMENT_3D('',#3511,#2651,#2652);
#2387=AXIS2_PLACEMENT_3D('',#3582,#2658,#2659);
#2388=AXIS2_PLACEMENT_3D('',#3656,#2667,#2668);
#2389=AXIS2_PLACEMENT_3D('',#3679,#2673,#2674);
#2390=AXIS2_PLACEMENT_3D('',#3702,#2679,#2680);
#2391=AXIS2_PLACEMENT_3D('',#3705,#2683,#2684);
#2392=AXIS2_PLACEMENT_3D('',#3781,#2730,#2731);
#2393=AXIS2_PLACEMENT_3D('',#3783,#2732,#2733);
#2394=AXIS2_PLACEMENT_3D('',#3784,#2734,#2735);
#2395=AXIS2_PLACEMENT_3D('',#3883,#2781,#2782);
#2396=AXIS2_PLACEMENT_3D('',#3885,#2784,#2785);
#2397=AXIS2_PLACEMENT_3D('',#3887,#2787,#2788);
#2398=AXIS2_PLACEMENT_3D('',#3888,#2789,#2790);
#2399=AXIS2_PLACEMENT_3D('',#3890,#2792,#2793);
#2400=AXIS2_PLACEMENT_3D('',#3892,#2795,#2796);
#2401=AXIS2_PLACEMENT_3D('',#3893,#2797,#2798);
#2402=AXIS2_PLACEMENT_3D('',#3895,#2800,#2801);
#2403=AXIS2_PLACEMENT_3D('',#3897,#2803,#2804);
#2404=AXIS2_PLACEMENT_3D('',#3898,#2805,#2806);
#2405=AXIS2_PLACEMENT_3D('',#3900,#2808,#2809);
#2406=AXIS2_PLACEMENT_3D('',#3902,#2811,#2812);
#2407=AXIS2_PLACEMENT_3D('',#3903,#2813,#2814);
#2408=AXIS2_PLACEMENT_3D('',#3905,#2816,#2817);
#2409=AXIS2_PLACEMENT_3D('',#3907,#2819,#2820);
#2410=AXIS2_PLACEMENT_3D('',#3908,#2821,#2822);
#2411=AXIS2_PLACEMENT_3D('',#3910,#2824,#2825);
#2412=AXIS2_PLACEMENT_3D('',#3912,#2827,#2828);
#2413=AXIS2_PLACEMENT_3D('',#3913,#2829,#2830);
#2414=AXIS2_PLACEMENT_3D('',#3915,#2832,#2833);
#2415=AXIS2_PLACEMENT_3D('',#3917,#2835,#2836);
#2416=AXIS2_PLACEMENT_3D('',#3918,#2837,#2838);
#2417=AXIS2_PLACEMENT_3D('',#3920,#2840,#2841);
#2418=AXIS2_PLACEMENT_3D('',#3922,#2843,#2844);
#2419=AXIS2_PLACEMENT_3D('',#3923,#2845,#2846);
#2420=AXIS2_PLACEMENT_3D('',#3925,#2848,#2849);
#2421=AXIS2_PLACEMENT_3D('',#3927,#2851,#2852);
#2422=AXIS2_PLACEMENT_3D('',#3928,#2853,#2854);
#2423=AXIS2_PLACEMENT_3D('',#3930,#2856,#2857);
#2424=AXIS2_PLACEMENT_3D('',#3932,#2859,#2860);
#2425=AXIS2_PLACEMENT_3D('',#3933,#2861,#2862);
#2426=AXIS2_PLACEMENT_3D('',#3935,#2864,#2865);
#2427=AXIS2_PLACEMENT_3D('',#3937,#2867,#2868);
#2428=AXIS2_PLACEMENT_3D('',#3938,#2869,#2870);
#2429=AXIS2_PLACEMENT_3D('',#3940,#2872,#2873);
#2430=AXIS2_PLACEMENT_3D('',#3942,#2875,#2876);
#2431=AXIS2_PLACEMENT_3D('',#3943,#2877,#2878);
#2432=AXIS2_PLACEMENT_3D('',#3945,#2880,#2881);
#2433=AXIS2_PLACEMENT_3D('',#3947,#2883,#2884);
#2434=AXIS2_PLACEMENT_3D('',#3948,#2885,#2886);
#2435=AXIS2_PLACEMENT_3D('',#3950,#2888,#2889);
#2436=AXIS2_PLACEMENT_3D('',#3952,#2891,#2892);
#2437=AXIS2_PLACEMENT_3D('',#3953,#2893,#2894);
#2438=AXIS2_PLACEMENT_3D('',#3955,#2896,#2897);
#2439=AXIS2_PLACEMENT_3D('',#3957,#2899,#2900);
#2440=AXIS2_PLACEMENT_3D('',#3958,#2901,#2902);
#2441=AXIS2_PLACEMENT_3D('',#3959,#2903,#2904);
#2442=AXIS2_PLACEMENT_3D('',#3961,#2905,#2906);
#2443=AXIS2_PLACEMENT_3D('',#3963,#2907,#2908);
#2444=AXIS2_PLACEMENT_3D('',#3964,#2909,#2910);
#2445=AXIS2_PLACEMENT_3D('',#3967,#2911,#2912);
#2446=AXIS2_PLACEMENT_3D('',#3968,#2913,#2914);
#2447=AXIS2_PLACEMENT_3D('',#3970,#2915,#2916);
#2448=AXIS2_PLACEMENT_3D('',#3971,#2917,#2918);
#2449=AXIS2_PLACEMENT_3D('',#3973,#2919,#2920);
#2450=AXIS2_PLACEMENT_3D('',#3974,#2921,#2922);
#2451=AXIS2_PLACEMENT_3D('',#3976,#2923,#2924);
#2452=DIRECTION('',(0.,0.,1.));
#2453=DIRECTION('',(1.,0.,0.));
#2454=DIRECTION('',(-0.726646922113258,0.,0.687011099315963));
#2455=DIRECTION('',(0.687011099315963,0.,0.726646922113258));
#2456=DIRECTION('',(0.,1.,0.));
#2457=DIRECTION('',(-0.687011099315963,0.,-0.726646922113258));
#2458=DIRECTION('',(0.,1.,0.));
#2459=DIRECTION('',(-0.687011099315963,0.,-0.726646922113258));
#2460=DIRECTION('',(-0.971293672286425,0.,0.237883589548231));
#2461=DIRECTION('',(0.237883589548231,0.,0.971293672286425));
#2462=DIRECTION('',(0.,1.,0.));
#2463=DIRECTION('',(-0.237883589548231,0.,-0.971293672286425));
#2464=DIRECTION('',(0.,-1.,0.));
#2465=DIRECTION('',(-0.237883589548231,0.,-0.971293672286425));
#2466=DIRECTION('',(-0.971293672286425,0.,0.237883589548231));
#2467=DIRECTION('',(0.237883589548231,0.,0.971293672286425));
#2468=DIRECTION('',(-0.237883589548231,0.,-0.971293672286425));
#2469=DIRECTION('',(0.,1.,0.));
#2470=DIRECTION('',(-0.237883589548231,0.,-0.971293672286425));
#2471=DIRECTION('',(0.,1.,0.));
#2472=DIRECTION('',(-0.971293672286425,0.,0.237883589548231));
#2473=DIRECTION('',(0.237883589548231,0.,0.971293672286425));
#2474=DIRECTION('',(-0.237883589548231,0.,-0.971293672286425));
#2475=DIRECTION('',(0.,1.,0.));
#2476=DIRECTION('',(-0.237883589548231,0.,-0.971293672286425));
#2477=DIRECTION('',(0.,1.,0.));
#2478=DIRECTION('',(-0.971293672286425,0.,0.237883589548231));
#2479=DIRECTION('',(0.237883589548231,0.,0.971293672286425));
#2480=DIRECTION('',(-0.237883589548231,0.,-0.971293672286425));
#2481=DIRECTION('',(0.,1.,0.));
#2482=DIRECTION('',(-0.237883589548231,0.,-0.971293672286425));
#2483=DIRECTION('',(0.,1.,0.));
#2484=DIRECTION('',(0.,1.,0.));
#2485=DIRECTION('',(0.,0.,1.));
#2486=DIRECTION('',(0.,1.,0.));
#2487=DIRECTION('',(0.,1.,0.));
#2488=DIRECTION('',(0.,0.,1.));
#2489=DIRECTION('',(0.,1.,0.));
#2490=DIRECTION('',(0.,1.,0.));
#2491=DIRECTION('',(0.,0.,1.));
#2492=DIRECTION('',(0.,1.,0.));
#2493=DIRECTION('',(0.,1.,0.));
#2494=DIRECTION('',(0.,1.,0.));
#2495=DIRECTION('',(0.,1.,0.));
#2496=DIRECTION('',(0.,1.,0.));
#2497=DIRECTION('',(0.,1.,0.));
#2498=DIRECTION('',(0.,1.,0.));
#2499=DIRECTION('',(0.,0.,1.));
#2500=DIRECTION('',(0.,1.,0.));
#2501=DIRECTION('',(0.,1.,0.));
#2502=DIRECTION('',(0.,0.,1.));
#2503=DIRECTION('',(0.,1.,0.));
#2504=DIRECTION('',(0.,1.,0.));
#2505=DIRECTION('',(0.,0.,1.));
#2506=DIRECTION('',(0.,1.,0.));
#2507=DIRECTION('',(0.,0.,1.));
#2508=DIRECTION('',(0.,1.,0.));
#2509=DIRECTION('',(0.,0.,1.));
#2510=DIRECTION('',(0.,1.,0.));
#2511=DIRECTION('',(0.,1.,0.));
#2512=DIRECTION('',(0.,0.,1.));
#2513=DIRECTION('',(0.,1.,0.));
#2514=DIRECTION('',(0.,1.,0.));
#2515=DIRECTION('',(0.,0.,1.));
#2516=DIRECTION('',(0.,1.,0.));
#2517=DIRECTION('',(0.,0.,1.));
#2518=DIRECTION('',(0.,1.,0.));
#2519=DIRECTION('',(0.,1.,0.));
#2520=DIRECTION('',(0.,0.,1.));
#2521=DIRECTION('',(0.,1.,0.));
#2522=DIRECTION('',(0.,1.,0.));
#2523=DIRECTION('',(0.,1.,0.));
#2524=DIRECTION('',(0.,1.,0.));
#2525=DIRECTION('',(0.,0.,1.));
#2526=DIRECTION('',(0.,1.,0.));
#2527=DIRECTION('',(0.,0.,1.));
#2528=DIRECTION('',(0.,1.,0.));
#2529=DIRECTION('',(0.,1.,0.));
#2530=DIRECTION('',(0.,0.,1.));
#2531=DIRECTION('',(0.,1.,0.));
#2532=DIRECTION('',(0.,-1.,0.));
#2533=DIRECTION('',(0.,-1.,0.));
#2534=DIRECTION('',(0.,-1.,0.));
#2535=DIRECTION('',(-0.761657154376316,0.,0.647980230552887));
#2536=DIRECTION('',(-1.83996078173252E-13,1.,1.5645749137058E-13));
#2537=DIRECTION('',(-0.779707020566305,-2.41245454455965E-13,0.626144521719719));
#2538=DIRECTION('',(1.84089373606954E-13,1.,-1.56536823330577E-13));
#2539=DIRECTION('',(-0.779707020566305,2.41611532535565E-13,0.626144521719719));
#2540=DIRECTION('',(0.,-1.,0.));
#2541=DIRECTION('',(0.,-1.,0.));
#2542=DIRECTION('',(0.759664124572502,0.,0.650315629396599));
#2543=DIRECTION('',(0.650315629396599,0.,-0.759664124572502));
#2544=DIRECTION('',(-0.650315629396599,0.,0.759664124572502));
#2545=DIRECTION('',(-0.650315629396599,0.,0.759664124572502));
#2546=DIRECTION('',(0.,-1.,0.));
#2547=DIRECTION('',(0.,-1.,0.));
#2548=DIRECTION('',(0.510539241167178,0.,-0.859854454677326));
#2549=DIRECTION('',(-0.859854454677326,0.,-0.510539241167178));
#2550=DIRECTION('',(0.859854454677326,0.,0.510539241167178));
#2551=DIRECTION('',(0.859854454677326,0.,0.510539241167178));
#2552=DIRECTION('',(0.,-1.,0.));
#2553=DIRECTION('',(0.58669653266095,0.,-0.809806877325464));
#2554=DIRECTION('',(-0.809806877325464,0.,-0.58669653266095));
#2555=DIRECTION('',(0.809806877325464,0.,0.58669653266095));
#2556=DIRECTION('',(0.809806877325464,0.,0.58669653266095));
#2557=DIRECTION('',(0.,-1.,0.));
#2558=DIRECTION('',(0.,-1.,0.));
#2559=DIRECTION('',(0.894426898653195,0.,0.447214180192922));
#2560=DIRECTION('',(0.447214180192922,0.,-0.894426898653195));
#2561=DIRECTION('',(-0.447214180192922,0.,0.894426898653195));
#2562=DIRECTION('',(-0.447214180192922,0.,0.894426898653195));
#2563=DIRECTION('',(0.,-1.,0.));
#2564=DIRECTION('',(-2.28912315485378E-7,0.,-0.999999999999974));
#2565=DIRECTION('',(-0.999999999999974,0.,2.28912315485378E-7));
#2566=DIRECTION('',(0.999999999999974,0.,-2.28912315485378E-7));
#2567=DIRECTION('',(0.999999999999974,0.,-2.28912315485378E-7));
#2568=DIRECTION('',(0.,-1.,0.));
#2569=DIRECTION('',(0.,-1.,0.));
#2570=DIRECTION('',(-0.950632245714356,0.,0.310319727713338));
#2571=DIRECTION('',(0.310319727713338,0.,0.950632245714356));
#2572=DIRECTION('',(-0.310319727713338,0.,-0.950632245714356));
#2573=DIRECTION('',(-0.310319727713338,0.,-0.950632245714356));
#2574=DIRECTION('',(0.,-1.,0.));
#2575=DIRECTION('',(-1.,0.,0.));
#2576=DIRECTION('',(0.,0.,1.));
#2577=DIRECTION('',(0.,0.,-1.));
#2578=DIRECTION('',(0.,0.,-1.));
#2579=DIRECTION('',(0.,-1.,0.));
#2580=DIRECTION('',(0.,-1.,0.));
#2581=DIRECTION('',(-0.856849854252093,0.,-0.515566026099633));
#2582=DIRECTION('',(-0.515566026099633,0.,0.856849854252093));
#2583=DIRECTION('',(0.515566026099633,0.,-0.856849854252093));
#2584=DIRECTION('',(0.515566026099633,0.,-0.856849854252093));
#2585=DIRECTION('',(0.,-1.,0.));
#2586=DIRECTION('',(-0.856369148969577,0.,0.516364097021783));
#2587=DIRECTION('',(0.516364097021783,0.,0.856369148969577));
#2588=DIRECTION('',(-0.516364097021783,0.,-0.856369148969578));
#2589=DIRECTION('',(-0.516364097021783,0.,-0.856369148969578));
#2590=DIRECTION('',(0.,-1.,0.));
#2591=DIRECTION('',(0.,-1.,0.));
#2592=DIRECTION('',(-0.450611328059331,0.,-0.892720242306965));
#2593=DIRECTION('',(-0.892720242306965,0.,0.450611328059331));
#2594=DIRECTION('',(0.892720242306965,0.,-0.450611328059331));
#2595=DIRECTION('',(0.892720242306965,0.,-0.450611328059331));
#2596=DIRECTION('',(0.,-1.,0.));
#2597=DIRECTION('',(0.,-1.,0.));
#2598=DIRECTION('',(-0.775857780968226,0.,0.630907840901553));
#2599=DIRECTION('',(0.630907840901553,0.,0.775857780968226));
#2600=DIRECTION('',(-0.630907840901553,0.,-0.775857780968226));
#2601=DIRECTION('',(0.,1.,0.));
#2602=DIRECTION('',(-0.630907840901553,0.,-0.775857780968226));
#2603=DIRECTION('',(-0.971293672286425,0.,0.237883589548231));
#2604=DIRECTION('',(0.237883589548231,0.,0.971293672286425));
#2605=DIRECTION('',(-0.237883589548231,0.,-0.971293672286425));
#2606=DIRECTION('',(0.,1.,0.));
#2607=DIRECTION('',(-0.237883589548231,0.,-0.971293672286425));
#2608=DIRECTION('',(0.,-1.,0.));
#2609=DIRECTION('',(0.814227433836051,0.,0.580546024005643));
#2610=DIRECTION('',(0.580546024005643,0.,-0.814227433836051));
#2611=DIRECTION('',(-0.580546024005643,0.,0.814227433836051));
#2612=DIRECTION('',(-0.580546024005643,0.,0.814227433836051));
#2613=DIRECTION('',(0.,-1.,0.));
#2614=DIRECTION('',(0.,-1.,0.));
#2615=DIRECTION('',(0.68836013285764,0.,-0.725369097420211));
#2616=DIRECTION('',(-0.725369097420211,0.,-0.68836013285764));
#2617=DIRECTION('',(0.725369097420211,0.,0.68836013285764));
#2618=DIRECTION('',(0.725369097420211,0.,0.68836013285764));
#2619=DIRECTION('',(0.,1.,0.));
#2620=DIRECTION('',(0.,-1.,0.));
#2621=DIRECTION('',(-0.083912593295886,0.,-0.996473118898026));
#2622=DIRECTION('',(-0.996473118898026,0.,0.0839125932958861));
#2623=DIRECTION('',(0.996473118898026,0.,-0.0839125932958861));
#2624=DIRECTION('',(0.996473118898026,0.,-0.0839125932958861));
#2625=DIRECTION('',(0.,-1.,0.));
#2626=DIRECTION('',(0.,-1.,0.));
#2627=DIRECTION('',(-0.994476791525647,0.,-0.104956710680423));
#2628=DIRECTION('',(-0.104956710680423,0.,0.994476791525648));
#2629=DIRECTION('',(0.104956710680423,0.,-0.994476791525647));
#2630=DIRECTION('',(0.104956710680423,0.,-0.994476791525647));
#2631=DIRECTION('',(0.,1.,0.));
#2632=DIRECTION('',(0.,0.,1.));
#2633=DIRECTION('',(0.,1.,0.));
#2634=DIRECTION('',(0.,-1.,0.));
#2635=DIRECTION('',(0.,-1.,0.));
#2636=DIRECTION('',(0.,-1.,0.));
#2637=DIRECTION('',(0.,-1.,0.));
#2638=DIRECTION('',(0.315598217712438,0.,-0.948892915442376));
#2639=DIRECTION('',(0.,-1.,0.));
#2640=DIRECTION('',(0.,0.,-1.));
#2641=DIRECTION('',(0.,-1.,0.));
#2642=DIRECTION('',(0.,0.,-1.));
#2643=DIRECTION('',(0.,-1.,0.));
#2644=DIRECTION('',(0.,-1.,0.));
#2645=DIRECTION('',(0.,-1.,0.));
#2646=DIRECTION('',(0.,-1.,0.));
#2647=DIRECTION('',(0.,-1.,0.));
#2648=DIRECTION('',(0.974786295466898,0.,-0.22314048975908));
#2649=DIRECTION('',(0.,-1.,0.));
#2650=DIRECTION('',(0.,0.,-1.));
#2651=DIRECTION('',(0.,-1.,0.));
#2652=DIRECTION('',(0.,0.,-1.));
#2653=DIRECTION('',(0.,-1.,0.));
#2654=DIRECTION('',(0.,-1.,0.));
#2655=DIRECTION('',(0.,-1.,0.));
#2656=DIRECTION('',(0.,-1.,0.));
#2657=DIRECTION('',(0.,-1.,0.));
#2658=DIRECTION('',(-0.292242075826136,0.,-0.956344377887396));
#2659=DIRECTION('',(-0.956344377887396,0.,0.292242075826136));
#2660=DIRECTION('',(0.956344377887396,0.,-0.292242075826136));
#2661=DIRECTION('',(0.956344377887396,0.,-0.292242075826136));
#2662=DIRECTION('',(0.,-1.,0.));
#2663=DIRECTION('',(0.,-1.,0.));
#2664=DIRECTION('',(0.,-1.,0.));
#2665=DIRECTION('',(0.,-1.,0.));
#2666=DIRECTION('',(0.,-1.,0.));
#2667=DIRECTION('',(-0.787431781048396,0.,0.616401809045813));
#2668=DIRECTION('',(0.616401809045813,0.,0.787431781048396));
#2669=DIRECTION('',(-0.616401809045813,0.,-0.787431781048396));
#2670=DIRECTION('',(-0.616401809045813,0.,-0.787431781048396));
#2671=DIRECTION('',(0.,-1.,0.));
#2672=DIRECTION('',(0.,-1.,0.));
#2673=DIRECTION('',(0.76399701459679,0.,-0.645219777817755));
#2674=DIRECTION('',(-0.645219777817755,0.,-0.76399701459679));
#2675=DIRECTION('',(0.645219777817755,0.,0.76399701459679));
#2676=DIRECTION('',(0.645219777817755,0.,0.76399701459679));
#2677=DIRECTION('',(0.,-1.,0.));
#2678=DIRECTION('',(0.,-1.,0.));
#2679=DIRECTION('',(0.93467903242536,0.,0.355492765530316));
#2680=DIRECTION('',(0.355492765530316,0.,-0.93467903242536));
#2681=DIRECTION('',(-0.355492765530316,0.,0.93467903242536));
#2682=DIRECTION('',(-0.355492765530316,0.,0.93467903242536));
#2683=DIRECTION('',(0.,-1.,0.));
#2684=DIRECTION('',(1.,0.,0.));
#2685=DIRECTION('',(0.912858511546224,0.,-0.408276055993507));
#2686=DIRECTION('',(0.277719354537471,0.,0.960662250801649));
#2687=DIRECTION('',(-0.920187737732441,0.,0.391477365024918));
#2688=DIRECTION('',(0.90891334367077,0.,-0.416985052126837));
#2689=DIRECTION('',(0.416985052126837,0.,0.90891334367077));
#2690=DIRECTION('',(-0.90891334367077,0.,0.416985052126837));
#2691=DIRECTION('',(0.911588483137424,0.,-0.4111039253172));
#2692=DIRECTION('',(0.4111039253172,0.,0.911588483137424));
#2693=DIRECTION('',(-0.897334376136488,0.,0.441351353689712));
#2694=DIRECTION('',(0.251410173626433,0.,0.967880635510974));
#2695=DIRECTION('',(-1.,0.,0.));
#2696=DIRECTION('',(-0.283391428711255,0.,-0.959004326441228));
#2697=DIRECTION('',(0.252996269830562,0.,0.967467253942903));
#2698=DIRECTION('',(-0.911020067692863,0.,-0.412362020875943));
#2699=DIRECTION('',(-0.224673154026007,0.,-0.974434181389388));
#2700=DIRECTION('',(0.24467150115868,0.,0.969606031602918));
#2701=DIRECTION('',(-0.97802025059359,0.,0.208509926451601));
#2702=DIRECTION('',(-0.246006918099169,0.,-0.969268072437831));
#2703=DIRECTION('',(0.244408866029659,0.,0.969672267421368));
#2704=DIRECTION('',(-0.888436646290808,0.,0.458999265279958));
#2705=DIRECTION('',(-0.265597970696213,0.,-0.96408387496216));
#2706=DIRECTION('',(0.248255640213541,0.,0.968694553046607));
#2707=DIRECTION('',(-0.692300534584116,0.,0.721609291663119));
#2708=DIRECTION('',(-0.259669612892327,0.,-0.965697515861126));
#2709=DIRECTION('',(0.958892958446967,0.,0.283768028926487));
#2710=DIRECTION('',(-0.42041893865045,0.,0.90733010311795));
#2711=DIRECTION('',(-0.96117130834032,0.,-0.275952379992198));
#2712=DIRECTION('',(0.96308990662013,0.,0.269179924523411));
#2713=DIRECTION('',(-0.309465005106228,0.,0.950910832104989));
#2714=DIRECTION('',(-0.963907463636784,0.,-0.26623749087103));
#2715=DIRECTION('',(0.964094979616547,0.,0.265557659046337));
#2716=DIRECTION('',(-0.149279404306424,0.,0.988795054321127));
#2717=DIRECTION('',(-0.966201009479671,0.,-0.257789854882743));
#2718=DIRECTION('',(0.965256126072437,0.,0.261305589453484));
#2719=DIRECTION('',(0.,0.,1.));
#2720=DIRECTION('',(-0.963640129340645,0.,-0.267203482620164));
#2721=DIRECTION('',(0.917728902592671,0.,-0.397207327910819));
#2722=DIRECTION('',(0.,0.,1.));
#2723=DIRECTION('',(-0.919351325409861,0.,0.393437594120252));
#2724=DIRECTION('',(0.924765198076298,0.,-0.380538208892229));
#2725=DIRECTION('',(0.38053820889223,0.,0.924765198076297));
#2726=DIRECTION('',(-0.924765198076297,0.,0.38053820889223));
#2727=DIRECTION('',(0.922292673186599,0.,-0.386492205595814));
#2728=DIRECTION('',(0.386492205595807,0.,0.922292673186602));
#2729=DIRECTION('',(-0.911484415134536,0.,0.411334609493115));
#2730=DIRECTION('',(0.,-1.,0.));
#2731=DIRECTION('',(0.790328209463022,0.,0.612683704146743));
#2732=DIRECTION('',(0.,-1.,0.));
#2733=DIRECTION('',(1.,0.,0.));
#2734=DIRECTION('',(0.,-1.,0.));
#2735=DIRECTION('',(0.790328209463022,0.,0.612683704146743));
#2736=DIRECTION('',(0.277719354537471,0.,0.960662250801649));
#2737=DIRECTION('',(0.912858511546224,0.,-0.408276055993507));
#2738=DIRECTION('',(-0.911484415134536,0.,0.411334609493115));
#2739=DIRECTION('',(0.386492205595807,0.,0.922292673186602));
#2740=DIRECTION('',(0.922292673186599,0.,-0.386492205595814));
#2741=DIRECTION('',(-0.924765198076297,0.,0.38053820889223));
#2742=DIRECTION('',(0.38053820889223,0.,0.924765198076297));
#2743=DIRECTION('',(0.924765198076298,0.,-0.380538208892229));
#2744=DIRECTION('',(-0.919351325409861,0.,0.393437594120252));
#2745=DIRECTION('',(0.,0.,1.));
#2746=DIRECTION('',(0.917728902592671,0.,-0.397207327910819));
#2747=DIRECTION('',(-0.963640129340645,0.,-0.267203482620164));
#2748=DIRECTION('',(0.,0.,1.));
#2749=DIRECTION('',(0.965256126072437,0.,0.261305589453484));
#2750=DIRECTION('',(-0.966201009479671,0.,-0.257789854882743));
#2751=DIRECTION('',(-0.149279404306424,0.,0.988795054321127));
#2752=DIRECTION('',(0.964094979616547,0.,0.265557659046337));
#2753=DIRECTION('',(-0.963907463636784,0.,-0.26623749087103));
#2754=DIRECTION('',(-0.309465005106228,0.,0.950910832104989));
#2755=DIRECTION('',(0.96308990662013,0.,0.269179924523411));
#2756=DIRECTION('',(-0.96117130834032,0.,-0.275952379992198));
#2757=DIRECTION('',(-0.42041893865045,0.,0.90733010311795));
#2758=DIRECTION('',(0.958892958446967,0.,0.283768028926487));
#2759=DIRECTION('',(-0.259669612892327,0.,-0.965697515861126));
#2760=DIRECTION('',(-0.692300534584116,0.,0.721609291663119));
#2761=DIRECTION('',(0.248255640213541,0.,0.968694553046607));
#2762=DIRECTION('',(-0.265597970696213,0.,-0.96408387496216));
#2763=DIRECTION('',(-0.888436646290808,0.,0.458999265279958));
#2764=DIRECTION('',(0.244408866029659,0.,0.969672267421368));
#2765=DIRECTION('',(-0.246006918099169,0.,-0.969268072437831));
#2766=DIRECTION('',(-0.97802025059359,0.,0.208509926451601));
#2767=DIRECTION('',(0.24467150115868,0.,0.969606031602918));
#2768=DIRECTION('',(-0.224673154026007,0.,-0.974434181389388));
#2769=DIRECTION('',(-0.911020067692863,0.,-0.412362020875943));
#2770=DIRECTION('',(0.252996269830562,0.,0.967467253942903));
#2771=DIRECTION('',(-0.283391428711255,0.,-0.959004326441228));
#2772=DIRECTION('',(-1.,0.,0.));
#2773=DIRECTION('',(0.251410173626433,0.,0.967880635510974));
#2774=DIRECTION('',(-0.897334376136488,0.,0.441351353689712));
#2775=DIRECTION('',(0.4111039253172,0.,0.911588483137424));
#2776=DIRECTION('',(0.911588483137424,0.,-0.4111039253172));
#2777=DIRECTION('',(-0.90891334367077,0.,0.416985052126837));
#2778=DIRECTION('',(0.416985052126837,0.,0.90891334367077));
#2779=DIRECTION('',(0.90891334367077,0.,-0.416985052126837));
#2780=DIRECTION('',(-0.920187737732441,0.,0.391477365024918));
#2781=DIRECTION('',(0.967880635510974,0.,-0.251410173626433));
#2782=DIRECTION('',(-0.251410173626433,0.,-0.967880635510974));
#2783=DIRECTION('',(0.,1.,0.));
#2784=DIRECTION('',(0.,0.,1.));
#2785=DIRECTION('',(1.,0.,0.));
#2786=DIRECTION('',(0.,1.,0.));
#2787=DIRECTION('',(-0.959004326441228,0.,0.283391428711255));
#2788=DIRECTION('',(0.283391428711255,0.,0.959004326441228));
#2789=DIRECTION('',(0.967467253942903,0.,-0.252996269830562));
#2790=DIRECTION('',(-0.252996269830562,0.,-0.967467253942903));
#2791=DIRECTION('',(0.,1.,0.));
#2792=DIRECTION('',(-0.412362020875943,0.,0.911020067692863));
#2793=DIRECTION('',(0.911020067692863,0.,0.412362020875943));
#2794=DIRECTION('',(0.,1.,0.));
#2795=DIRECTION('',(-0.974434181389388,0.,0.224673154026007));
#2796=DIRECTION('',(0.224673154026007,0.,0.974434181389388));
#2797=DIRECTION('',(0.969606031602918,0.,-0.244671501158679));
#2798=DIRECTION('',(-0.24467150115868,0.,-0.969606031602918));
#2799=DIRECTION('',(0.,1.,0.));
#2800=DIRECTION('',(0.208509926451601,0.,0.97802025059359));
#2801=DIRECTION('',(0.97802025059359,0.,-0.208509926451601));
#2802=DIRECTION('',(0.,1.,0.));
#2803=DIRECTION('',(-0.969268072437831,0.,0.246006918099169));
#2804=DIRECTION('',(0.246006918099169,0.,0.969268072437831));
#2805=DIRECTION('',(0.969672267421368,0.,-0.244408866029659));
#2806=DIRECTION('',(-0.244408866029659,0.,-0.969672267421368));
#2807=DIRECTION('',(0.,1.,0.));
#2808=DIRECTION('',(0.458999265279958,0.,0.888436646290808));
#2809=DIRECTION('',(0.888436646290808,0.,-0.458999265279958));
#2810=DIRECTION('',(0.,1.,0.));
#2811=DIRECTION('',(-0.96408387496216,0.,0.265597970696213));
#2812=DIRECTION('',(0.265597970696213,0.,0.96408387496216));
#2813=DIRECTION('',(0.968694553046606,0.,-0.248255640213541));
#2814=DIRECTION('',(-0.248255640213541,0.,-0.968694553046607));
#2815=DIRECTION('',(0.,1.,0.));
#2816=DIRECTION('',(0.721609291663119,0.,0.692300534584116));
#2817=DIRECTION('',(0.692300534584116,0.,-0.721609291663119));
#2818=DIRECTION('',(0.,1.,0.));
#2819=DIRECTION('',(-0.965697515861126,0.,0.259669612892327));
#2820=DIRECTION('',(0.259669612892327,0.,0.965697515861126));
#2821=DIRECTION('',(0.283768028926487,0.,-0.958892958446967));
#2822=DIRECTION('',(-0.958892958446967,0.,-0.283768028926487));
#2823=DIRECTION('',(0.,1.,0.));
#2824=DIRECTION('',(0.90733010311795,0.,0.42041893865045));
#2825=DIRECTION('',(0.42041893865045,0.,-0.90733010311795));
#2826=DIRECTION('',(0.,1.,0.));
#2827=DIRECTION('',(-0.275952379992198,0.,0.96117130834032));
#2828=DIRECTION('',(0.96117130834032,0.,0.275952379992198));
#2829=DIRECTION('',(0.269179924523411,0.,-0.96308990662013));
#2830=DIRECTION('',(-0.96308990662013,0.,-0.269179924523411));
#2831=DIRECTION('',(0.,1.,0.));
#2832=DIRECTION('',(0.950910832104989,0.,0.309465005106228));
#2833=DIRECTION('',(0.309465005106228,0.,-0.950910832104989));
#2834=DIRECTION('',(0.,1.,0.));
#2835=DIRECTION('',(-0.26623749087103,0.,0.963907463636784));
#2836=DIRECTION('',(0.963907463636784,0.,0.26623749087103));
#2837=DIRECTION('',(0.265557659046337,0.,-0.964094979616546));
#2838=DIRECTION('',(-0.964094979616547,0.,-0.265557659046337));
#2839=DIRECTION('',(0.,1.,0.));
#2840=DIRECTION('',(0.988795054321126,0.,0.149279404306423));
#2841=DIRECTION('',(0.149279404306424,0.,-0.988795054321127));
#2842=DIRECTION('',(0.,1.,0.));
#2843=DIRECTION('',(-0.257789854882743,0.,0.966201009479671));
#2844=DIRECTION('',(0.966201009479671,0.,0.257789854882743));
#2845=DIRECTION('',(-0.397207327910819,0.,-0.917728902592671));
#2846=DIRECTION('',(-0.917728902592671,0.,0.397207327910819));
#2847=DIRECTION('',(0.,1.,0.));
#2848=DIRECTION('',(1.,0.,0.));
#2849=DIRECTION('',(0.,0.,-1.));
#2850=DIRECTION('',(0.,1.,0.));
#2851=DIRECTION('',(0.393437594120252,0.,0.919351325409861));
#2852=DIRECTION('',(0.919351325409861,0.,-0.393437594120252));
#2853=DIRECTION('',(-0.380538208892229,0.,-0.924765198076298));
#2854=DIRECTION('',(-0.924765198076298,0.,0.380538208892229));
#2855=DIRECTION('',(0.,1.,0.));
#2856=DIRECTION('',(0.924765198076297,0.,-0.38053820889223));
#2857=DIRECTION('',(-0.38053820889223,0.,-0.924765198076297));
#2858=DIRECTION('',(0.,1.,0.));
#2859=DIRECTION('',(0.38053820889223,0.,0.924765198076297));
#2860=DIRECTION('',(0.924765198076297,0.,-0.38053820889223));
#2861=DIRECTION('',(-0.386492205595814,0.,-0.922292673186599));
#2862=DIRECTION('',(-0.922292673186599,0.,0.386492205595814));
#2863=DIRECTION('',(0.,1.,0.));
#2864=DIRECTION('',(0.922292673186602,0.,-0.386492205595807));
#2865=DIRECTION('',(-0.386492205595807,0.,-0.922292673186602));
#2866=DIRECTION('',(0.,1.,0.));
#2867=DIRECTION('',(0.411334609493115,0.,0.911484415134536));
#2868=DIRECTION('',(0.911484415134536,0.,-0.411334609493115));
#2869=DIRECTION('',(0.261305589453484,0.,-0.965256126072436));
#2870=DIRECTION('',(-0.965256126072437,0.,-0.261305589453484));
#2871=DIRECTION('',(0.,1.,0.));
#2872=DIRECTION('',(1.,0.,0.));
#2873=DIRECTION('',(0.,0.,-1.));
#2874=DIRECTION('',(0.,1.,0.));
#2875=DIRECTION('',(-0.267203482620164,0.,0.963640129340645));
#2876=DIRECTION('',(0.963640129340645,0.,0.267203482620164));
#2877=DIRECTION('',(-0.4111039253172,0.,-0.911588483137424));
#2878=DIRECTION('',(-0.911588483137424,0.,0.4111039253172));
#2879=DIRECTION('',(0.,1.,0.));
#2880=DIRECTION('',(0.911588483137424,0.,-0.4111039253172));
#2881=DIRECTION('',(-0.4111039253172,0.,-0.911588483137424));
#2882=DIRECTION('',(0.,1.,0.));
#2883=DIRECTION('',(0.441351353689712,0.,0.897334376136488));
#2884=DIRECTION('',(0.897334376136488,0.,-0.441351353689712));
#2885=DIRECTION('',(-0.416985052126837,0.,-0.90891334367077));
#2886=DIRECTION('',(-0.90891334367077,0.,0.416985052126837));
#2887=DIRECTION('',(0.,1.,0.));
#2888=DIRECTION('',(0.90891334367077,0.,-0.416985052126837));
#2889=DIRECTION('',(-0.416985052126837,0.,-0.90891334367077));
#2890=DIRECTION('',(0.,1.,0.));
#2891=DIRECTION('',(0.416985052126837,0.,0.90891334367077));
#2892=DIRECTION('',(0.90891334367077,0.,-0.416985052126837));
#2893=DIRECTION('',(-0.408276055993507,0.,-0.912858511546224));
#2894=DIRECTION('',(-0.912858511546224,0.,0.408276055993507));
#2895=DIRECTION('',(0.,1.,0.));
#2896=DIRECTION('',(0.960662250801649,0.,-0.277719354537471));
#2897=DIRECTION('',(-0.277719354537471,0.,-0.960662250801649));
#2898=DIRECTION('',(0.,1.,0.));
#2899=DIRECTION('',(0.391477365024918,0.,0.920187737732441));
#2900=DIRECTION('',(0.920187737732441,0.,-0.391477365024918));
#2901=DIRECTION('',(0.,0.,1.));
#2902=DIRECTION('',(1.,0.,0.));
#2903=DIRECTION('',(0.,0.,1.));
#2904=DIRECTION('',(1.,0.,0.));
#2905=DIRECTION('',(0.,0.,1.));
#2906=DIRECTION('',(1.,0.,0.));
#2907=DIRECTION('',(0.,0.,1.));
#2908=DIRECTION('',(1.,0.,0.));
#2909=DIRECTION('',(0.,0.,1.));
#2910=DIRECTION('',(1.,0.,0.));
#2911=DIRECTION('',(0.,0.,1.));
#2912=DIRECTION('',(1.,0.,0.));
#2913=DIRECTION('',(0.,0.,1.));
#2914=DIRECTION('',(1.,0.,0.));
#2915=DIRECTION('',(0.,0.,1.));
#2916=DIRECTION('',(1.,0.,0.));
#2917=DIRECTION('',(0.,0.,1.));
#2918=DIRECTION('',(1.,0.,0.));
#2919=DIRECTION('',(0.,0.,-1.));
#2920=DIRECTION('',(-1.,0.,0.));
#2921=DIRECTION('',(0.,0.,1.));
#2922=DIRECTION('',(1.,0.,0.));
#2923=DIRECTION('',(0.,0.,1.));
#2924=DIRECTION('',(1.,0.,0.));
#2925=CARTESIAN_POINT('',(0.,0.,0.));
#2926=CARTESIAN_POINT('',(0.0318546332418919,0.00508,0.0197278512641787));
#2927=CARTESIAN_POINT('',(0.0323563742558743,-0.03048,0.020258539289265));
#2928=CARTESIAN_POINT('',(0.0323563742558743,-0.00508,0.020258539289265));
#2929=CARTESIAN_POINT('',(0.0323563742558743,0.00508,0.020258539289265));
#2930=CARTESIAN_POINT('',(0.0318546332418919,-0.00508,0.0197278512641787));
#2931=CARTESIAN_POINT('',(0.0315921140406736,-0.00508,0.0194501865077421));
#2932=CARTESIAN_POINT('',(0.0315921140406736,-0.03048,0.0194501865077421));
#2933=CARTESIAN_POINT('',(0.0315921140406736,0.00508,0.0194501865077421));
#2934=CARTESIAN_POINT('',(0.0318546332418919,0.00508,0.0197278512641787));
#2935=CARTESIAN_POINT('',(0.0342497940614735,0.00508,0.0248056326254212));
#2936=CARTESIAN_POINT('',(0.0334990695385433,-0.03048,0.0217403771358049));
#2937=CARTESIAN_POINT('',(0.0334990695385433,-0.00508,0.0217403771358049));
#2938=CARTESIAN_POINT('',(0.0334990695385433,0.00508,0.0217403771358049));
#2939=CARTESIAN_POINT('',(0.0342497940614735,-0.00508,0.0248056326254212));
#2940=CARTESIAN_POINT('',(0.0334606058571106,-0.00508,0.021583327503002));
#2941=CARTESIAN_POINT('',(0.0334606058571106,0.00508,0.021583327503002));
#2942=CARTESIAN_POINT('',(0.0334606058571106,0.00508,0.021583327503002));
#2943=CARTESIAN_POINT('',(0.0342497940614735,0.00508,0.0248056326254212));
#2944=CARTESIAN_POINT('',(0.0342497940614735,0.00508,0.0248056326254212));
#2945=CARTESIAN_POINT('',(0.0342497940614735,-0.00508,0.0248056326254212));
#2946=CARTESIAN_POINT('',(0.0338850496947949,-0.00508,0.023316358413485));
#2947=CARTESIAN_POINT('',(0.0336259436490354,-0.00508,0.0222584121164104));
#2948=CARTESIAN_POINT('',(0.0336259436490354,-0.03048,0.0222584121164104));
#2949=CARTESIAN_POINT('',(0.0336259436490354,0.00508,0.0222584121164104));
#2950=CARTESIAN_POINT('',(0.0342497940614735,0.00508,0.0248056326254212));
#2951=CARTESIAN_POINT('',(0.0338850496947949,0.00508,0.023316358413485));
#2952=CARTESIAN_POINT('',(0.0338850496947949,-0.03048,0.023316358413485));
#2953=CARTESIAN_POINT('',(0.0342497940614735,0.00508,0.0248056326254212));
#2954=CARTESIAN_POINT('',(0.0342497940614735,-0.00508,0.0248056326254212));
#2955=CARTESIAN_POINT('',(0.0343113984769629,-0.00508,0.025057167332222));
#2956=CARTESIAN_POINT('',(0.0340321078651308,-0.00508,0.023916806181137));
#2957=CARTESIAN_POINT('',(0.0340321078651308,-0.03048,0.023916806181137));
#2958=CARTESIAN_POINT('',(0.0340321078651308,0.00508,0.023916806181137));
#2959=CARTESIAN_POINT('',(0.0342497940614735,0.00508,0.0248056326254212));
#2960=CARTESIAN_POINT('',(0.0343113984769629,0.00508,0.025057167332222));
#2961=CARTESIAN_POINT('',(0.0343113984769629,-0.03048,0.025057167332222));
#2962=CARTESIAN_POINT('',(0.0342497940614735,0.00508,0.0248056326254212));
#2963=CARTESIAN_POINT('',(0.0342497940614735,-0.00508,0.0248056326254212));
#2964=CARTESIAN_POINT('',(0.0346970358202044,-0.00508,0.0266317488828));
#2965=CARTESIAN_POINT('',(0.0344250023363626,-0.00508,0.0255210190421777));
#2966=CARTESIAN_POINT('',(0.0344250023363626,-0.03048,0.0255210190421777));
#2967=CARTESIAN_POINT('',(0.0344250023363626,0.00508,0.0255210190421777));
#2968=CARTESIAN_POINT('',(0.0342497940614735,0.00508,0.0248056326254212));
#2969=CARTESIAN_POINT('',(0.0346970358202044,0.00508,0.0266317488828));
#2970=CARTESIAN_POINT('',(0.0346970358202044,-0.03048,0.0266317488828));
#2971=CARTESIAN_POINT('',(0.0307892532961438,0.003048,0.032504718357204));
#2972=CARTESIAN_POINT('',(0.0352809167729244,-0.00508,0.0319518223370922));
#2973=CARTESIAN_POINT('',(0.0352809167729185,-0.00508,0.0319518223370974));
#2974=CARTESIAN_POINT('',(0.0352809167729185,0.00508,0.0319518223370974));
#2975=CARTESIAN_POINT('',(0.0307892532961438,-0.00508,0.032504718357204));
#2976=CARTESIAN_POINT('',(0.0351596955565541,-0.00508,0.0313299974333308));
#2977=CARTESIAN_POINT('',(0.0351596955568484,0.00508,0.0313299974331556));
#2978=CARTESIAN_POINT('',(0.0351596955565541,0.00508,0.0313299974333308));
#2979=CARTESIAN_POINT('',(0.0307892532961438,0.00508,0.032504718357204));
#2980=CARTESIAN_POINT('',(0.0352056526690304,0.00508,0.0336536323606471));
#2981=CARTESIAN_POINT('',(0.0352056526690304,-0.00508,0.0336536323606471));
#2982=CARTESIAN_POINT('',(0.0352832104637135,0.00508,0.0332554870371279));
#2983=CARTESIAN_POINT('',(0.0352832104637135,-0.00508,0.0332554870371279));
#2984=CARTESIAN_POINT('',(0.0353202565100662,0.00508,0.032870971361959));
#2985=CARTESIAN_POINT('',(0.0353202565100662,-0.00508,0.032870971361959));
#2986=CARTESIAN_POINT('',(0.0353167908080884,0.00508,0.0325000853351403));
#2987=CARTESIAN_POINT('',(0.0353167908080884,-0.00508,0.0325000853351403));
#2988=CARTESIAN_POINT('',(0.0345803950134431,-0.00508,0.0355434411422046));
#2989=CARTESIAN_POINT('',(0.0356577452920371,-0.00508,0.033171520003669));
#2990=CARTESIAN_POINT('',(0.0351594031842925,-0.00508,0.0313297199786116));
#2991=CARTESIAN_POINT('',(0.035205652668175,-0.00508,0.0336536323650381));
#2992=CARTESIAN_POINT('',(0.0353167908080944,-0.00508,0.0325000853357883));
#2993=CARTESIAN_POINT('',(0.0353167908080944,-0.03048,0.0325000853357883));
#2994=CARTESIAN_POINT('',(0.0353167908080944,0.00508,0.0325000853357883));
#2995=CARTESIAN_POINT('',(0.0345803950134431,0.00508,0.0355434411422046));
#2996=CARTESIAN_POINT('',(0.0356577452920371,0.00508,0.033171520003669));
#2997=CARTESIAN_POINT('',(0.0351594031842925,0.00508,0.0313297199786116));
#2998=CARTESIAN_POINT('',(0.035205652668175,0.00508,0.0336536323650381));
#2999=CARTESIAN_POINT('',(0.035205652668175,-0.03048,0.0336536323650381));
#3000=CARTESIAN_POINT('',(0.0347159737444875,0.00508,0.0352320991980106));
#3001=CARTESIAN_POINT('',(0.0347159737444875,-0.00508,0.0352320991980106));
#3002=CARTESIAN_POINT('',(0.0348591544633268,0.00508,0.034888278613038));
#3003=CARTESIAN_POINT('',(0.0348591544633268,-0.00508,0.034888278613038));
#3004=CARTESIAN_POINT('',(0.0349767536013202,0.00508,0.0345530646166611));
#3005=CARTESIAN_POINT('',(0.0349767536013202,-0.00508,0.0345530646166611));
#3006=CARTESIAN_POINT('',(0.0350687711584678,0.00508,0.0342264572088799));
#3007=CARTESIAN_POINT('',(0.0350687711584678,-0.00508,0.0342264572088799));
#3008=CARTESIAN_POINT('',(0.0345803950134431,-0.00508,0.0355434411422046));
#3009=CARTESIAN_POINT('',(0.0356577452920371,-0.00508,0.033171520003669));
#3010=CARTESIAN_POINT('',(0.0351594031842925,-0.00508,0.0313297199786116));
#3011=CARTESIAN_POINT('',(0.0347159737444846,-0.00508,0.0352320991980176));
#3012=CARTESIAN_POINT('',(0.0350687711581993,-0.00508,0.0342264572098326));
#3013=CARTESIAN_POINT('',(0.0350687711581993,-0.03048,0.0342264572098326));
#3014=CARTESIAN_POINT('',(0.0350687711581993,0.00508,0.0342264572098326));
#3015=CARTESIAN_POINT('',(0.0345803950134431,0.00508,0.0355434411422046));
#3016=CARTESIAN_POINT('',(0.0356577452920371,0.00508,0.033171520003669));
#3017=CARTESIAN_POINT('',(0.0351594031842925,0.00508,0.0313297199786116));
#3018=CARTESIAN_POINT('',(0.0347159737444846,0.00508,0.0352320991980176));
#3019=CARTESIAN_POINT('',(0.0347159737444846,-0.03048,0.0352320991980176));
#3020=CARTESIAN_POINT('',(0.034303361014822,0.00508,0.0368232146566448));
#3021=CARTESIAN_POINT('',(0.034303361014822,-0.00508,0.0368232146566448));
#3022=CARTESIAN_POINT('',(0.0344619911500934,0.00508,0.0364844589997914));
#3023=CARTESIAN_POINT('',(0.0344619911500934,-0.00508,0.0364844589997914));
#3024=CARTESIAN_POINT('',(0.0345526988092715,0.00508,0.0361394326439347));
#3025=CARTESIAN_POINT('',(0.0345526988092715,-0.00508,0.0361394326439347));
#3026=CARTESIAN_POINT('',(0.0345754839923562,0.00508,0.0357881355890747));
#3027=CARTESIAN_POINT('',(0.0345754839923562,-0.00508,0.0357881355890747));
#3028=CARTESIAN_POINT('',(0.0333534888923168,-0.00508,0.0380998812615871));
#3029=CARTESIAN_POINT('',(0.0346129765509098,-0.00508,0.0368813040291748));
#3030=CARTESIAN_POINT('',(0.0345803950134431,-0.00508,0.0355434411422051));
#3031=CARTESIAN_POINT('',(0.0343033610142295,-0.00508,0.0368232146579101));
#3032=CARTESIAN_POINT('',(0.0345754839890427,-0.00508,0.0357881356401632));
#3033=CARTESIAN_POINT('',(0.0345754839890427,-0.03048,0.0357881356401632));
#3034=CARTESIAN_POINT('',(0.0345754839890427,0.00508,0.0357881356401632));
#3035=CARTESIAN_POINT('',(0.0333534888923168,0.00508,0.0380998812615871));
#3036=CARTESIAN_POINT('',(0.0346129765509098,0.00508,0.0368813040291748));
#3037=CARTESIAN_POINT('',(0.0345803950134431,0.00508,0.0355434411422051));
#3038=CARTESIAN_POINT('',(0.0343033610142295,0.00508,0.0368232146579101));
#3039=CARTESIAN_POINT('',(0.0343033610142295,-0.03048,0.0368232146579101));
#3040=CARTESIAN_POINT('',(0.0271629745087269,0.003048,0.0353910968451808));
#3041=CARTESIAN_POINT('',(0.0307544305982323,-0.00508,0.0404379748425012));
#3042=CARTESIAN_POINT('',(0.0307544305982323,-0.00508,0.0404379748425012));
#3043=CARTESIAN_POINT('',(0.0307544305982323,0.00508,0.0404379748425012));
#3044=CARTESIAN_POINT('',(0.0271629745087269,-0.00508,0.0353910968451808));
#3045=CARTESIAN_POINT('',(0.031395369787737,-0.00508,0.0399139681195922));
#3046=CARTESIAN_POINT('',(0.031395369787737,0.00508,0.0399139681195922));
#3047=CARTESIAN_POINT('',(0.031395369787737,0.00508,0.0399139681195922));
#3048=CARTESIAN_POINT('',(0.0271629745087269,0.00508,0.0353910968451808));
#3049=CARTESIAN_POINT('',(0.026669462298506,0.003048,0.0345288574773359));
#3050=CARTESIAN_POINT('',(0.026669462298506,-0.00508,0.0345288574773359));
#3051=CARTESIAN_POINT('',(0.0293284326015825,-0.00508,0.0412087511865969));
#3052=CARTESIAN_POINT('',(0.0302480740549539,-0.00508,0.0407646125186595));
#3053=CARTESIAN_POINT('',(0.0302480740549539,-0.00508,0.0407646125186595));
#3054=CARTESIAN_POINT('',(0.0302480740549539,0.00508,0.0407646125186595));
#3055=CARTESIAN_POINT('',(0.026669462298506,0.00508,0.0345288574773359));
#3056=CARTESIAN_POINT('',(0.0293284326015825,0.00508,0.0412087511865969));
#3057=CARTESIAN_POINT('',(0.0293284326016568,-0.00508,0.0412087511866339));
#3058=CARTESIAN_POINT('',(0.0259735503402581,0.003048,0.0323787421503548));
#3059=CARTESIAN_POINT('',(0.0259735503402581,-0.00508,0.0323787421503548));
#3060=CARTESIAN_POINT('',(0.0277376574642115,-0.00508,0.0416656152900787));
#3061=CARTESIAN_POINT('',(0.0287692012171222,-0.00508,0.041408826470714));
#3062=CARTESIAN_POINT('',(0.0287692012171222,-0.00508,0.041408826470714));
#3063=CARTESIAN_POINT('',(0.0287692012171222,0.00508,0.041408826470714));
#3064=CARTESIAN_POINT('',(0.0259735503402581,0.00508,0.0323787421503548));
#3065=CARTESIAN_POINT('',(0.0277376574642115,0.00508,0.0416656152900787));
#3066=CARTESIAN_POINT('',(0.0277376574642115,-0.00508,0.0416656152900787));
#3067=CARTESIAN_POINT('',(0.0259389605805014,0.00508,0.0418617536094451));
#3068=CARTESIAN_POINT('',(0.0259389605805014,-0.00508,0.0418617536094451));
#3069=CARTESIAN_POINT('',(0.0263579878832392,0.00508,0.0418462713034044));
#3070=CARTESIAN_POINT('',(0.0263579878832392,-0.00508,0.0418462713034044));
#3071=CARTESIAN_POINT('',(0.0267602280191287,0.00508,0.0418128094069977));
#3072=CARTESIAN_POINT('',(0.0267602280191287,-0.00508,0.0418128094069977));
#3073=CARTESIAN_POINT('',(0.02714568098817,0.00508,0.041761367920225));
#3074=CARTESIAN_POINT('',(0.02714568098817,-0.00508,0.041761367920225));
#3075=CARTESIAN_POINT('',(0.0235712347502666,-0.00508,0.0417764932370649));
#3076=CARTESIAN_POINT('',(0.0288450720422811,-0.00508,0.0423036261481273));
#3077=CARTESIAN_POINT('',(0.0313953893834628,-0.00508,0.0399137824477003));
#3078=CARTESIAN_POINT('',(0.025938960575183,-0.00508,0.0418617536096416));
#3079=CARTESIAN_POINT('',(0.0271456809349022,-0.00508,0.041761367927334));
#3080=CARTESIAN_POINT('',(0.0271456809349022,-0.03048,0.041761367927334));
#3081=CARTESIAN_POINT('',(0.0271456809349022,0.00508,0.041761367927334));
#3082=CARTESIAN_POINT('',(0.0235712347502666,0.00508,0.0417764932370649));
#3083=CARTESIAN_POINT('',(0.0288450720422811,0.00508,0.0423036261481273));
#3084=CARTESIAN_POINT('',(0.0313953893834628,0.00508,0.0399137824477003));
#3085=CARTESIAN_POINT('',(0.025938960575183,0.00508,0.0418617536096416));
#3086=CARTESIAN_POINT('',(0.025938960575183,-0.03048,0.0418617536096416));
#3087=CARTESIAN_POINT('',(0.0254213744757001,0.003048,0.0243984193352782));
#3088=CARTESIAN_POINT('',(0.0254213744757001,-0.00508,0.0243984193352782));
#3089=CARTESIAN_POINT('',(0.0244322751858738,-0.00508,0.0418441062314221));
#3090=CARTESIAN_POINT('',(0.0254293819214894,-0.00508,0.041871698785102));
#3091=CARTESIAN_POINT('',(0.0254294922792482,-0.00508,0.0418721207973236));
#3092=CARTESIAN_POINT('',(0.0254293819214894,0.00508,0.041871698785102));
#3093=CARTESIAN_POINT('',(0.0254213744757001,0.00508,0.0243984193352782));
#3094=CARTESIAN_POINT('',(0.0244322751858738,0.00508,0.0418441062314221));
#3095=CARTESIAN_POINT('',(0.0244322751858738,-0.00508,0.0418441062314221));
#3096=CARTESIAN_POINT('',(0.0180662290549405,0.00508,0.0178377061143142));
#3097=CARTESIAN_POINT('',(0.0180662290549405,-0.00508,0.0178377061143142));
#3098=CARTESIAN_POINT('',(0.0183480012326428,0.00508,0.0181503402405363));
#3099=CARTESIAN_POINT('',(0.0183480012326428,-0.00508,0.0181503402405363));
#3100=CARTESIAN_POINT('',(0.0186482334311158,0.00508,0.0183022255301069));
#3101=CARTESIAN_POINT('',(0.0186482334311158,-0.00508,0.0183022255301069));
#3102=CARTESIAN_POINT('',(0.0189669256503593,0.00508,0.0182933619830261));
#3103=CARTESIAN_POINT('',(0.0189669256503593,-0.00508,0.0182933619830261));
#3104=CARTESIAN_POINT('',(0.0180662290549405,-0.00508,0.0178377061143142));
#3105=CARTESIAN_POINT('',(0.018488887321494,-0.00508,0.0183066573036473));
#3106=CARTESIAN_POINT('',(0.0189669256503593,-0.00508,0.0182933619830261));
#3107=CARTESIAN_POINT('',(0.0180662290519156,-0.00508,0.0178377061109578));
#3108=CARTESIAN_POINT('',(0.0189669256503583,-0.00508,0.0182933619830261));
#3109=CARTESIAN_POINT('',(0.0189669256503583,0.00508,0.0182933619830261));
#3110=CARTESIAN_POINT('',(0.0189669256503583,0.00508,0.0182933619830261));
#3111=CARTESIAN_POINT('',(0.0180662290549405,0.00508,0.0178377061143142));
#3112=CARTESIAN_POINT('',(0.018488887321494,0.00508,0.0183066573036473));
#3113=CARTESIAN_POINT('',(0.0189669256503593,0.00508,0.0182933619830261));
#3114=CARTESIAN_POINT('',(0.0180662290519156,0.00508,0.0178377061109578));
#3115=CARTESIAN_POINT('',(0.0180662290519156,0.00508,0.0178377061109578));
#3116=CARTESIAN_POINT('',(0.0198278443317989,0.00508,0.0162527960072752));
#3117=CARTESIAN_POINT('',(0.0198274083421663,-0.00507999999999943,0.0162527778637083));
#3118=CARTESIAN_POINT('',(0.0179800209554523,-0.00508,0.0177363242573863));
#3119=CARTESIAN_POINT('',(0.0198274083421663,0.00507999999999943,0.0162527778637083));
#3120=CARTESIAN_POINT('',(0.0179800209554523,0.00508,0.0177363242573863));
#3121=CARTESIAN_POINT('',(0.0179800209554523,0.00508,0.0177363242573863));
#3122=CARTESIAN_POINT('',(0.017870744690299,0.00508,0.0169925950467586));
#3123=CARTESIAN_POINT('',(0.017870744690299,-0.00508,0.0169925950467586));
#3124=CARTESIAN_POINT('',(0.0178227751487978,0.00508,0.0173110589435555));
#3125=CARTESIAN_POINT('',(0.0178227751487978,-0.00508,0.0173110589435555));
#3126=CARTESIAN_POINT('',(0.0178592005705155,0.00508,0.0175589686804314));
#3127=CARTESIAN_POINT('',(0.0178592005705155,-0.00508,0.0175589686804314));
#3128=CARTESIAN_POINT('',(0.0179800209554523,0.00508,0.0177363242573863));
#3129=CARTESIAN_POINT('',(0.0179800209554523,-0.00508,0.0177363242573863));
#3130=CARTESIAN_POINT('',(0.017870744690299,-0.00508,0.0169925950467586));
#3131=CARTESIAN_POINT('',(0.0177987903780471,-0.00508,0.0174702908919539));
#3132=CARTESIAN_POINT('',(0.0179800209554523,-0.00508,0.0177363242573863));
#3133=CARTESIAN_POINT('',(0.017870744690299,-0.00508,0.0169925950467586));
#3134=CARTESIAN_POINT('',(0.017870744690299,0.00508,0.0169925950467586));
#3135=CARTESIAN_POINT('',(0.0177987903780471,0.00508,0.0174702908919539));
#3136=CARTESIAN_POINT('',(0.0179800209554523,0.00508,0.0177363242573863));
#3137=CARTESIAN_POINT('',(0.017870744690299,0.00508,0.0169925950467586));
#3138=CARTESIAN_POINT('',(0.017870744690299,0.00508,0.0169925950467586));
#3139=CARTESIAN_POINT('',(0.0179703701287508,0.00508,0.0168762179091573));
#3140=CARTESIAN_POINT('',(0.0179703701287508,-0.00508,0.0168762179091573));
#3141=CARTESIAN_POINT('',(0.0180699955672026,-0.00508,0.0167598407715559));
#3142=CARTESIAN_POINT('',(0.0179703701287508,0.00508,0.0168762179091573));
#3143=CARTESIAN_POINT('',(0.0180699955672026,0.00508,0.0167598407715559));
#3144=CARTESIAN_POINT('',(0.0180699955672026,0.00508,0.0167598407715559));
#3145=CARTESIAN_POINT('',(0.0185454115271569,0.00508,0.0157983936369419));
#3146=CARTESIAN_POINT('',(0.0185454115271569,-0.00508,0.0157983936369419));
#3147=CARTESIAN_POINT('',(0.0185715332875695,0.00508,0.015833247987279));
#3148=CARTESIAN_POINT('',(0.0185715332875695,-0.00508,0.015833247987279));
#3149=CARTESIAN_POINT('',(0.0186361177439614,0.00508,0.0159194232386346));
#3150=CARTESIAN_POINT('',(0.0186361177439614,-0.00508,0.0159194232386346));
#3151=CARTESIAN_POINT('',(0.0185731114419127,0.00508,0.0162537357917845));
#3152=CARTESIAN_POINT('',(0.0185731114419127,-0.00508,0.0162537357917845));
#3153=CARTESIAN_POINT('',(0.018261349376358,0.00508,0.0165673500938017));
#3154=CARTESIAN_POINT('',(0.018261349376358,-0.00508,0.0165673500938017));
#3155=CARTESIAN_POINT('',(0.0180699955672026,0.00508,0.0167598407715559));
#3156=CARTESIAN_POINT('',(0.0180699955672026,-0.00508,0.0167598407715559));
#3157=CARTESIAN_POINT('',(0.0185454115271569,-0.00508,0.0157983936369419));
#3158=CARTESIAN_POINT('',(0.0185715332875695,-0.00508,0.015833247987279));
#3159=CARTESIAN_POINT('',(0.0186361177439614,-0.00508,0.0159194232386346));
#3160=CARTESIAN_POINT('',(0.0185731114419127,-0.00508,0.0162537357917845));
#3161=CARTESIAN_POINT('',(0.018261349376358,-0.00508,0.0165673500938017));
#3162=CARTESIAN_POINT('',(0.0180699955672026,-0.00508,0.0167598407715559));
#3163=CARTESIAN_POINT('',(0.0185454115271569,-0.00508,0.0157983936369419));
#3164=CARTESIAN_POINT('',(0.0185454115271569,0.00508,0.0157983936369419));
#3165=CARTESIAN_POINT('',(0.0185715332875695,0.00508,0.015833247987279));
#3166=CARTESIAN_POINT('',(0.0186361177439614,0.00508,0.0159194232386346));
#3167=CARTESIAN_POINT('',(0.0185731114419127,0.00508,0.0162537357917845));
#3168=CARTESIAN_POINT('',(0.018261349376358,0.00508,0.0165673500938017));
#3169=CARTESIAN_POINT('',(0.0180699955672026,0.00508,0.0167598407715559));
#3170=CARTESIAN_POINT('',(0.0185454115271569,0.00508,0.0157983936369419));
#3171=CARTESIAN_POINT('',(0.0185454115271569,0.00508,0.0157983936369419));
#3172=CARTESIAN_POINT('',(0.0176336169242859,0.00508,0.0152570148929954));
#3173=CARTESIAN_POINT('',(0.0176336169242859,-0.00508,0.0152570148929954));
#3174=CARTESIAN_POINT('',(0.016721822321415,-0.00508,0.0147156361490488));
#3175=CARTESIAN_POINT('',(0.0176336169242859,0.00508,0.0152570148929954));
#3176=CARTESIAN_POINT('',(0.016721822321415,0.00508,0.0147156361490488));
#3177=CARTESIAN_POINT('',(0.016721822321415,0.00508,0.0147156361490488));
#3178=CARTESIAN_POINT('',(0.0163231529555628,0.00508,0.0144268044026501));
#3179=CARTESIAN_POINT('',(0.0163231529555628,-0.00508,0.0144268044026501));
#3180=CARTESIAN_POINT('',(0.0159244835897105,-0.00508,0.0141379726562513));
#3181=CARTESIAN_POINT('',(0.0163231529555628,0.00508,0.0144268044026501));
#3182=CARTESIAN_POINT('',(0.0159244835897105,0.00508,0.0141379726562513));
#3183=CARTESIAN_POINT('',(0.0159244835897105,0.00508,0.0141379726562513));
#3184=CARTESIAN_POINT('',(0.0153939273132687,0.00508,0.0126699824407028));
#3185=CARTESIAN_POINT('',(0.0153939273132687,-0.00508,0.0126699824407028));
#3186=CARTESIAN_POINT('',(0.0150488241239987,0.00508,0.0134165901864346));
#3187=CARTESIAN_POINT('',(0.0150488241239987,-0.00508,0.0134165901864346));
#3188=CARTESIAN_POINT('',(0.0152256762161459,0.00508,0.0139059202582841));
#3189=CARTESIAN_POINT('',(0.0152256762161459,-0.00508,0.0139059202582841));
#3190=CARTESIAN_POINT('',(0.0159244835897105,0.00508,0.0141379726562513));
#3191=CARTESIAN_POINT('',(0.0159244835897105,-0.00508,0.0141379726562513));
#3192=CARTESIAN_POINT('',(0.0153939273132687,-0.00508,0.0126699824407028));
#3193=CARTESIAN_POINT('',(0.0148762725293636,-0.00508,0.0137898940593004));
#3194=CARTESIAN_POINT('',(0.0159244835897105,-0.00508,0.0141379726562513));
#3195=CARTESIAN_POINT('',(0.0153939273132687,-0.00508,0.0126699824407028));
#3196=CARTESIAN_POINT('',(0.0153939273132687,0.00508,0.0126699824407028));
#3197=CARTESIAN_POINT('',(0.0148762725293636,0.00508,0.0137898940593004));
#3198=CARTESIAN_POINT('',(0.0159244835897105,0.00508,0.0141379726562513));
#3199=CARTESIAN_POINT('',(0.0153939273132687,0.00508,0.0126699824407028));
#3200=CARTESIAN_POINT('',(0.0153939273132687,0.00508,0.0126699824407028));
#3201=CARTESIAN_POINT('',(0.0155025565031171,0.00508,0.0124527244160638));
#3202=CARTESIAN_POINT('',(0.0155025565031171,-0.00508,0.0124527244160638));
#3203=CARTESIAN_POINT('',(0.0156111856929655,-0.00508,0.0122354663914247));
#3204=CARTESIAN_POINT('',(0.0155025565031171,0.00508,0.0124527244160638));
#3205=CARTESIAN_POINT('',(0.0156111856929655,0.00508,0.0122354663914247));
#3206=CARTESIAN_POINT('',(0.0156111856929655,0.00508,0.0122354663914247));
#3207=CARTESIAN_POINT('',(0.0257836165841517,0.00508,0.01223546406283));
#3208=CARTESIAN_POINT('',(0.0257836165841517,-0.00508,0.01223546406283));
#3209=CARTESIAN_POINT('',(0.035956047475338,-0.00508,0.0122354617342353));
#3210=CARTESIAN_POINT('',(0.0257836165841517,0.00508,0.01223546406283));
#3211=CARTESIAN_POINT('',(0.035956047475338,0.00508,0.0122354617342353));
#3212=CARTESIAN_POINT('',(0.035956047475338,0.00508,0.0122354617342353));
#3213=CARTESIAN_POINT('',(0.0352542941936459,0.00508,0.0127581877611036));
#3214=CARTESIAN_POINT('',(0.0352542941936459,-0.00508,0.0127581877611036));
#3215=CARTESIAN_POINT('',(0.0355636857301344,0.00508,0.0126055949958909));
#3216=CARTESIAN_POINT('',(0.0355636857301344,-0.00508,0.0126055949958909));
#3217=CARTESIAN_POINT('',(0.0357976034906984,0.00508,0.0124313529869348));
#3218=CARTESIAN_POINT('',(0.0357976034906984,-0.00508,0.0124313529869348));
#3219=CARTESIAN_POINT('',(0.035956047475338,0.00508,0.0122354617342353));
#3220=CARTESIAN_POINT('',(0.035956047475338,-0.00508,0.0122354617342353));
#3221=CARTESIAN_POINT('',(0.0352542941936459,-0.00508,0.0127581877611036));
#3222=CARTESIAN_POINT('',(0.0357183814983787,-0.00508,0.0125292986132845));
#3223=CARTESIAN_POINT('',(0.035956047475338,-0.00508,0.0122354617342353));
#3224=CARTESIAN_POINT('',(0.0352542941936459,-0.00508,0.0127581877611036));
#3225=CARTESIAN_POINT('',(0.0352542941936459,0.00508,0.0127581877611036));
#3226=CARTESIAN_POINT('',(0.0357183814983787,0.00508,0.0125292986132845));
#3227=CARTESIAN_POINT('',(0.035956047475338,0.00508,0.0122354617342353));
#3228=CARTESIAN_POINT('',(0.0352542941936459,0.00508,0.0127581877611036));
#3229=CARTESIAN_POINT('',(0.0352542941936459,0.00508,0.0127581877611036));
#3230=CARTESIAN_POINT('',(0.0353265200472648,0.00508,0.0129794441598841));
#3231=CARTESIAN_POINT('',(0.0353265200472648,-0.00508,0.0129794441598841));
#3232=CARTESIAN_POINT('',(0.0353987459008837,-0.00508,0.0132007005586645));
#3233=CARTESIAN_POINT('',(0.0353265200472648,0.00508,0.0129794441598841));
#3234=CARTESIAN_POINT('',(0.0353987459008837,0.00508,0.0132007005586645));
#3235=CARTESIAN_POINT('',(0.0353987459008837,0.00508,0.0132007005586645));
#3236=CARTESIAN_POINT('',(0.0353987459008837,0.00508,0.0135797338638628));
#3237=CARTESIAN_POINT('',(0.0353987459008837,-0.00508,0.0135797338638628));
#3238=CARTESIAN_POINT('',(0.0353987459008821,-0.00508,0.0139587671690634));
#3239=CARTESIAN_POINT('',(0.0353987459008837,0.00508,0.0135797338638628));
#3240=CARTESIAN_POINT('',(0.0353987459008821,0.00508,0.0139587671690634));
#3241=CARTESIAN_POINT('',(0.0353987459008821,0.00508,0.0139587671690634));
#3242=CARTESIAN_POINT('',(0.0323521271347988,0.00508,0.0158363003283714));
#3243=CARTESIAN_POINT('',(0.0323521271347988,-0.00508,0.0158363003283714));
#3244=CARTESIAN_POINT('',(0.0338025596922642,0.00508,0.0154568807979735));
#3245=CARTESIAN_POINT('',(0.0338025596922642,-0.00508,0.0154568807979735));
#3246=CARTESIAN_POINT('',(0.0348180992809587,0.00508,0.0148310364115375));
#3247=CARTESIAN_POINT('',(0.0348180992809587,-0.00508,0.0148310364115375));
#3248=CARTESIAN_POINT('',(0.0353987459008821,0.00508,0.0139587671690634));
#3249=CARTESIAN_POINT('',(0.0353987459008821,-0.00508,0.0139587671690634));
#3250=CARTESIAN_POINT('',(0.0323521271347987,-0.00508,0.0158363003283713));
#3251=CARTESIAN_POINT('',(0.034527775970997,-0.00508,0.0152671710327745));
#3252=CARTESIAN_POINT('',(0.0353987459008821,-0.00508,0.0139587671690634));
#3253=CARTESIAN_POINT('',(0.0323521271347987,-0.00508,0.0158363003283713));
#3254=CARTESIAN_POINT('',(0.0323521271347987,0.00508,0.0158363003283713));
#3255=CARTESIAN_POINT('',(0.034527775970997,0.00508,0.0152671710327745));
#3256=CARTESIAN_POINT('',(0.0353987459008821,0.00508,0.0139587671690634));
#3257=CARTESIAN_POINT('',(0.0323521271347987,0.00508,0.0158363003283713));
#3258=CARTESIAN_POINT('',(0.0323521271347987,0.00508,0.0158363003283713));
#3259=CARTESIAN_POINT('',(0.0322050903616985,0.00508,0.0160806694900746));
#3260=CARTESIAN_POINT('',(0.0322050903616985,-0.00508,0.0160806694900746));
#3261=CARTESIAN_POINT('',(0.0320580535885982,-0.00508,0.0163250386517778));
#3262=CARTESIAN_POINT('',(0.0322050903616985,0.00508,0.0160806694900746));
#3263=CARTESIAN_POINT('',(0.0320580535885982,0.00508,0.0163250386517778));
#3264=CARTESIAN_POINT('',(0.0320580535885982,0.00508,0.0163250386517778));
#3265=CARTESIAN_POINT('',(0.0323756918310458,0.00508,0.016851828939743));
#3266=CARTESIAN_POINT('',(0.0323756918310458,-0.00508,0.016851828939743));
#3267=CARTESIAN_POINT('',(0.0326933300734923,-0.00508,0.0173786192277056));
#3268=CARTESIAN_POINT('',(0.0323756918310458,0.00508,0.016851828939743));
#3269=CARTESIAN_POINT('',(0.0326933300734923,0.00508,0.0173786192277056));
#3270=CARTESIAN_POINT('',(0.0326933300734923,0.00508,0.0173786192277056));
#3271=CARTESIAN_POINT('',(0.0326062403619289,0.00508,0.0178967993706465));
#3272=CARTESIAN_POINT('',(0.0326062403619289,-0.00508,0.0178967993706465));
#3273=CARTESIAN_POINT('',(0.0327301718058731,0.00508,0.0177263194737797));
#3274=CARTESIAN_POINT('',(0.0327301718058731,-0.00508,0.0177263194737797));
#3275=CARTESIAN_POINT('',(0.0327592017097276,0.00508,0.0175535927594661));
#3276=CARTESIAN_POINT('',(0.0327592017097276,-0.00508,0.0175535927594661));
#3277=CARTESIAN_POINT('',(0.0326933300734923,0.00508,0.0173786192277056));
#3278=CARTESIAN_POINT('',(0.0326933300734923,-0.00508,0.0173786192277056));
#3279=CARTESIAN_POINT('',(0.0326062403619289,-0.00508,0.0178967993706465));
#3280=CARTESIAN_POINT('',(0.0327921375278452,-0.00508,0.0176410795253463));
#3281=CARTESIAN_POINT('',(0.0326933300734923,-0.00508,0.0173786192277056));
#3282=CARTESIAN_POINT('',(0.0326062403619289,-0.00508,0.0178967993706465));
#3283=CARTESIAN_POINT('',(0.0326062403619289,0.00508,0.0178967993706465));
#3284=CARTESIAN_POINT('',(0.0327921375278452,0.00508,0.0176410795253463));
#3285=CARTESIAN_POINT('',(0.0326933300734923,0.00508,0.0173786192277056));
#3286=CARTESIAN_POINT('',(0.0326062403619289,0.00508,0.0178967993706465));
#3287=CARTESIAN_POINT('',(0.0326062403619289,0.00508,0.0178967993706465));
#3288=CARTESIAN_POINT('',(0.0319052180275321,0.00508,0.0182506488636136));
#3289=CARTESIAN_POINT('',(0.0319052180275321,-0.00508,0.0182506488636136));
#3290=CARTESIAN_POINT('',(0.0312041956931353,-0.00508,0.0186044983565807));
#3291=CARTESIAN_POINT('',(0.0319052180275321,0.00508,0.0182506488636136));
#3292=CARTESIAN_POINT('',(0.0312041956931353,0.00508,0.0186044983565807));
#3293=CARTESIAN_POINT('',(0.0312041956931353,0.00508,0.0186044983565807));
#3294=CARTESIAN_POINT('',(0.0312041956931353,0.00508,0.0186044983565807));
#3295=CARTESIAN_POINT('',(0.0312041956931353,-0.00508,0.0186044983565807));
#3296=CARTESIAN_POINT('',(0.031048063809673,0.00508,0.0186953147252401));
#3297=CARTESIAN_POINT('',(0.031048063809673,-0.00508,0.0186953147252401));
#3298=CARTESIAN_POINT('',(0.031033427764972,0.00508,0.0188249641408523));
#3299=CARTESIAN_POINT('',(0.031033427764972,-0.00508,0.0188249641408523));
#3300=CARTESIAN_POINT('',(0.0311602875590325,0.00508,0.0189934466034174));
#3301=CARTESIAN_POINT('',(0.0311602875590325,-0.00508,0.0189934466034174));
#3302=CARTESIAN_POINT('',(0.0312041956931353,-0.00508,0.0186044983565807));
#3303=CARTESIAN_POINT('',(0.0309699978679418,-0.00508,0.0187407229095698));
#3304=CARTESIAN_POINT('',(0.0311602875590325,-0.00508,0.0189934466034174));
#3305=CARTESIAN_POINT('',(0.0311602875590325,-0.00508,0.0189934466034174));
#3306=CARTESIAN_POINT('',(0.0312041956931353,0.00508,0.0186044983565807));
#3307=CARTESIAN_POINT('',(0.0309699978679418,0.00508,0.0187407229095698));
#3308=CARTESIAN_POINT('',(0.0311602875590325,0.00508,0.0189934466034174));
#3309=CARTESIAN_POINT('',(0.0311602875590325,0.00508,0.0189934466034174));
#3310=CARTESIAN_POINT('',(0.0311602875590325,0.00508,0.0189934466034174));
#3311=CARTESIAN_POINT('',(0.033004792390931,0.00508,0.021022791713971));
#3312=CARTESIAN_POINT('',(0.033004792390931,-0.00508,0.021022791713971));
#3313=CARTESIAN_POINT('',(0.0327324999718294,-0.00508,0.0206879406020294));
#3314=CARTESIAN_POINT('',(0.0327324999718294,-0.03048,0.0206879406020294));
#3315=CARTESIAN_POINT('',(0.0327324999718294,0.00508,0.0206879406020294));
#3316=CARTESIAN_POINT('',(0.033004792390931,0.00508,0.021022791713971));
#3317=CARTESIAN_POINT('',(0.0342497940614735,0.00508,0.0248056326254212));
#3318=CARTESIAN_POINT('',(0.0342497940614735,-0.00508,0.0248056326254212));
#3319=CARTESIAN_POINT('',(0.0350389822658363,-0.00508,0.0280279377478405));
#3320=CARTESIAN_POINT('',(0.0348310549822275,-0.00508,0.0271789575586293));
#3321=CARTESIAN_POINT('',(0.0348310549822275,-0.03048,0.0271789575586293));
#3322=CARTESIAN_POINT('',(0.0348310549822275,0.00508,0.0271789575586293));
#3323=CARTESIAN_POINT('',(0.0342497940614735,0.00508,0.0248056326254212));
#3324=CARTESIAN_POINT('',(0.0350389822658363,0.00508,0.0280279377478405));
#3325=CARTESIAN_POINT('',(0.0350389822658363,0.00508,0.0280279377478405));
#3326=CARTESIAN_POINT('',(0.0344935062943133,0.00508,0.0287929787302039));
#3327=CARTESIAN_POINT('',(0.0344935062943133,-0.00508,0.0287929787302039));
#3328=CARTESIAN_POINT('',(0.0339480303227902,-0.00508,0.0295580197125674));
#3329=CARTESIAN_POINT('',(0.0344935062943133,0.00508,0.0287929787302039));
#3330=CARTESIAN_POINT('',(0.0339480303227902,0.00508,0.0295580197125674));
#3331=CARTESIAN_POINT('',(0.0339480303227902,0.00508,0.0295580197125674));
#3332=CARTESIAN_POINT('',(0.0338412076234818,0.00508,0.0300787799060345));
#3333=CARTESIAN_POINT('',(0.0338412076234818,-0.00508,0.0300787799060345));
#3334=CARTESIAN_POINT('',(0.0337699924906095,0.00508,0.0298740367094676));
#3335=CARTESIAN_POINT('',(0.0337699924906095,-0.00508,0.0298740367094676));
#3336=CARTESIAN_POINT('',(0.0338056000570456,0.00508,0.0297004499783118));
#3337=CARTESIAN_POINT('',(0.0338056000570456,-0.00508,0.0297004499783118));
#3338=CARTESIAN_POINT('',(0.0339480303227902,0.00508,0.0295580197125674));
#3339=CARTESIAN_POINT('',(0.0339480303227902,-0.00508,0.0295580197125674));
#3340=CARTESIAN_POINT('',(0.0338412076234818,-0.00508,0.0300787799060345));
#3341=CARTESIAN_POINT('',(0.0337343849241733,-0.00508,0.0297716651111841));
#3342=CARTESIAN_POINT('',(0.0339480303227902,-0.00508,0.0295580197125674));
#3343=CARTESIAN_POINT('',(0.0338412076234818,-0.00508,0.0300787799060345));
#3344=CARTESIAN_POINT('',(0.0338412076234818,0.00508,0.0300787799060345));
#3345=CARTESIAN_POINT('',(0.0337343849241733,0.00508,0.0297716651111841));
#3346=CARTESIAN_POINT('',(0.0339480303227902,0.00508,0.0295580197125674));
#3347=CARTESIAN_POINT('',(0.0338412076234818,0.00508,0.0300787799060345));
#3348=CARTESIAN_POINT('',(0.0338412076234818,0.00508,0.0300787799060345));
#3349=CARTESIAN_POINT('',(0.0345003054038871,0.00508,0.0307042499423231));
#3350=CARTESIAN_POINT('',(0.0345003054038871,-0.00508,0.0307042499423231));
#3351=CARTESIAN_POINT('',(0.0345003054038871,0.00508,0.0307042499423231));
#3352=CARTESIAN_POINT('',(0.0333534888923168,0.00508,0.0380998812615872));
#3353=CARTESIAN_POINT('',(0.0333534888923168,-0.00508,0.0380998812615872));
#3354=CARTESIAN_POINT('',(0.0336041281401003,0.00508,0.0378573832277127));
#3355=CARTESIAN_POINT('',(0.0336041281401003,-0.00508,0.0378573832277127));
#3356=CARTESIAN_POINT('',(0.0338163915951016,0.00508,0.0376113422864033));
#3357=CARTESIAN_POINT('',(0.0338163915951016,-0.00508,0.0376113422864033));
#3358=CARTESIAN_POINT('',(0.0339902792573207,0.00508,0.037361758437659));
#3359=CARTESIAN_POINT('',(0.0339902792573207,-0.00508,0.037361758437659));
#3360=CARTESIAN_POINT('',(0.0333534888923168,-0.00508,0.0380998812615871));
#3361=CARTESIAN_POINT('',(0.0346129765509098,-0.00508,0.0368813040291748));
#3362=CARTESIAN_POINT('',(0.0345803950134431,-0.00508,0.0355434411422051));
#3363=CARTESIAN_POINT('',(0.0333534888923168,-0.00508,0.0380998812615871));
#3364=CARTESIAN_POINT('',(0.0339902792569108,-0.00508,0.0373617584382473));
#3365=CARTESIAN_POINT('',(0.0339902792569108,-0.03048,0.0373617584382473));
#3366=CARTESIAN_POINT('',(0.0339902792569108,0.00508,0.0373617584382473));
#3367=CARTESIAN_POINT('',(0.0333534888923168,0.00508,0.0380998812615871));
#3368=CARTESIAN_POINT('',(0.0346129765509098,0.00508,0.0368813040291748));
#3369=CARTESIAN_POINT('',(0.0345803950134431,0.00508,0.0355434411422051));
#3370=CARTESIAN_POINT('',(0.0333534888923168,0.00508,0.0380998812615871));
#3371=CARTESIAN_POINT('',(0.0333534888923168,0.00508,0.0380998812615871));
#3372=CARTESIAN_POINT('',(0.0325992256402969,0.00508,0.0381633974611759));
#3373=CARTESIAN_POINT('',(0.0325992256402969,-0.00508,0.0381633974611759));
#3374=CARTESIAN_POINT('',(0.0318449623882771,-0.00508,0.0382269136607647));
#3375=CARTESIAN_POINT('',(0.0325992256402969,0.00508,0.0381633974611759));
#3376=CARTESIAN_POINT('',(0.0318449623882771,0.00508,0.0382269136607647));
#3377=CARTESIAN_POINT('',(0.0318449623882771,0.00508,0.0382269136607647));
#3378=CARTESIAN_POINT('',(0.0315432548522949,0.00508,0.0385127402842045));
#3379=CARTESIAN_POINT('',(0.0315432548522949,-0.00508,0.0385127402842045));
#3380=CARTESIAN_POINT('',(0.031587744752566,0.00508,0.038361565520366));
#3381=CARTESIAN_POINT('',(0.031587744752566,-0.00508,0.038361565520366));
#3382=CARTESIAN_POINT('',(0.0316883139312267,0.00508,0.0382662899792194));
#3383=CARTESIAN_POINT('',(0.0316883139312267,-0.00508,0.0382662899792194));
#3384=CARTESIAN_POINT('',(0.0318449623882771,0.00508,0.0382269136607647));
#3385=CARTESIAN_POINT('',(0.0318449623882771,-0.00508,0.0382269136607647));
#3386=CARTESIAN_POINT('',(0.0315432548522949,-0.00508,0.0385127402842045));
#3387=CARTESIAN_POINT('',(0.0316099897027015,-0.00508,0.0382859781384468));
#3388=CARTESIAN_POINT('',(0.0318449623882771,-0.00508,0.0382269136607647));
#3389=CARTESIAN_POINT('',(0.0315432548522949,-0.00508,0.0385127402842045));
#3390=CARTESIAN_POINT('',(0.0315432548522949,0.00508,0.0385127402842045));
#3391=CARTESIAN_POINT('',(0.0316099897027015,0.00508,0.0382859781384468));
#3392=CARTESIAN_POINT('',(0.0318449623882771,0.00508,0.0382269136607647));
#3393=CARTESIAN_POINT('',(0.0315432548522949,0.00508,0.0385127402842045));
#3394=CARTESIAN_POINT('',(0.0315432548522949,0.00508,0.0385127402842045));
#3395=CARTESIAN_POINT('',(0.0314693221178881,0.00508,0.0392132613659438));
#3396=CARTESIAN_POINT('',(0.0314693221178881,-0.00508,0.0392132613659438));
#3397=CARTESIAN_POINT('',(0.0314693221178881,0.00508,0.0392132613659438));
#3398=CARTESIAN_POINT('',(0.0256676215870169,0.003048,0.0208070480473185));
#3399=CARTESIAN_POINT('',(0.0235712347502666,-0.00508,0.0417764932370649));
#3400=CARTESIAN_POINT('',(0.0288450720422811,-0.00508,0.0423036261481273));
#3401=CARTESIAN_POINT('',(0.0313953893834628,-0.00508,0.0399137824477003));
#3402=CARTESIAN_POINT('',(0.0235712347502666,-0.00508,0.0417764932370649));
#3403=CARTESIAN_POINT('',(0.0238111146620426,-0.00508,0.0417990855976578));
#3404=CARTESIAN_POINT('',(0.0238111146620426,-0.03048,0.0417990855976578));
#3405=CARTESIAN_POINT('',(0.0238111146620426,0.00508,0.0417990855976578));
#3406=CARTESIAN_POINT('',(0.0235712347502666,0.00508,0.0417764932370649));
#3407=CARTESIAN_POINT('',(0.0288450720422811,0.00508,0.0423036261481273));
#3408=CARTESIAN_POINT('',(0.0313953893834628,0.00508,0.0399137824477003));
#3409=CARTESIAN_POINT('',(0.0235712347502666,0.00508,0.0417764932370649));
#3410=CARTESIAN_POINT('',(0.0235712347502666,0.00508,0.0417764932370649));
#3411=CARTESIAN_POINT('',(0.0230316611303799,0.00508,0.0413646310007341));
#3412=CARTESIAN_POINT('',(0.0230316611303799,-0.00508,0.0413646310007341));
#3413=CARTESIAN_POINT('',(0.0230314444313714,0.00508,0.0414681011157288));
#3414=CARTESIAN_POINT('',(0.0230314444313714,-0.00508,0.0414681011157288));
#3415=CARTESIAN_POINT('',(0.0230309397619375,0.00508,0.041709072243094));
#3416=CARTESIAN_POINT('',(0.0230309397619375,-0.00508,0.041709072243094));
#3417=CARTESIAN_POINT('',(0.0233749426059593,0.00508,0.0417519988187121));
#3418=CARTESIAN_POINT('',(0.0233749426059593,-0.00508,0.0417519988187121));
#3419=CARTESIAN_POINT('',(0.0235712347502858,0.00508,0.0417764932370668));
#3420=CARTESIAN_POINT('',(0.0235712347502858,-0.00508,0.0417764932370668));
#3421=CARTESIAN_POINT('',(0.0230316611303799,-0.00508,0.0413646310007341));
#3422=CARTESIAN_POINT('',(0.0230314444313714,-0.00508,0.0414681011157288));
#3423=CARTESIAN_POINT('',(0.0230309397619375,-0.00508,0.041709072243094));
#3424=CARTESIAN_POINT('',(0.0233749426059593,-0.00508,0.0417519988187121));
#3425=CARTESIAN_POINT('',(0.0235712347502858,-0.00508,0.0417764932370668));
#3426=CARTESIAN_POINT('',(0.0230316611303799,-0.00508,0.0413646310007341));
#3427=CARTESIAN_POINT('',(0.0230316611303799,0.00508,0.0413646310007341));
#3428=CARTESIAN_POINT('',(0.0230314444313714,0.00508,0.0414681011157288));
#3429=CARTESIAN_POINT('',(0.0230309397619375,0.00508,0.041709072243094));
#3430=CARTESIAN_POINT('',(0.0233749426059593,0.00508,0.0417519988187121));
#3431=CARTESIAN_POINT('',(0.0235712347502858,0.00508,0.0417764932370668));
#3432=CARTESIAN_POINT('',(0.0230316611303799,0.00508,0.0413646310007341));
#3433=CARTESIAN_POINT('',(0.0230316611303799,0.00508,0.0413646310007341));
#3434=CARTESIAN_POINT('',(0.0220806649803245,0.00508,0.0398243221400409));
#3435=CARTESIAN_POINT('',(0.0220806649803245,-0.00508,0.0398243221400409));
#3436=CARTESIAN_POINT('',(0.0223838441707522,0.00508,0.0399893002447349));
#3437=CARTESIAN_POINT('',(0.0223838441707522,-0.00508,0.0399893002447349));
#3438=CARTESIAN_POINT('',(0.0227008428874373,0.00508,0.0405027365316325));
#3439=CARTESIAN_POINT('',(0.0227008428874373,-0.00508,0.0405027365316325));
#3440=CARTESIAN_POINT('',(0.0230316611303798,0.00508,0.0413646310007338));
#3441=CARTESIAN_POINT('',(0.0230316611303798,-0.00508,0.0413646310007338));
#3442=CARTESIAN_POINT('',(0.0220806649803245,-0.00508,0.0398243221400409));
#3443=CARTESIAN_POINT('',(0.022535433765966,-0.00508,0.0400717892970819));
#3444=CARTESIAN_POINT('',(0.0230316611303798,-0.00508,0.0413646310007338));
#3445=CARTESIAN_POINT('',(0.0220806649803245,-0.00508,0.0398243221400409));
#3446=CARTESIAN_POINT('',(0.0220806649803245,0.00508,0.0398243221400409));
#3447=CARTESIAN_POINT('',(0.022535433765966,0.00508,0.0400717892970819));
#3448=CARTESIAN_POINT('',(0.0230316611303798,0.00508,0.0413646310007338));
#3449=CARTESIAN_POINT('',(0.0220806649803245,0.00508,0.0398243221400409));
#3450=CARTESIAN_POINT('',(0.0220806649803245,0.00508,0.0398243221400409));
#3451=CARTESIAN_POINT('',(0.0218504462188527,0.00508,0.0402318931721452));
#3452=CARTESIAN_POINT('',(0.0218504462188527,-0.00508,0.0402318931721452));
#3453=CARTESIAN_POINT('',(0.0219162582167243,-0.00508,0.0397688399215345));
#3454=CARTESIAN_POINT('',(0.0218504462188527,0.00508,0.0402318931721452));
#3455=CARTESIAN_POINT('',(0.0219162582167243,0.00508,0.0397688399215345));
#3456=CARTESIAN_POINT('',(0.0219162582167243,0.00508,0.0397688399215345));
#3457=CARTESIAN_POINT('',(0.019457292574057,0.00508,0.0379684428501369));
#3458=CARTESIAN_POINT('',(0.019457292574057,-0.00508,0.0379684428501369));
#3459=CARTESIAN_POINT('',(0.0202830097673269,0.00508,0.0388737185194384));
#3460=CARTESIAN_POINT('',(0.0202830097673269,-0.00508,0.0388737185194384));
#3461=CARTESIAN_POINT('',(0.0211026649815492,0.00508,0.039473850876571));
#3462=CARTESIAN_POINT('',(0.0211026649815492,-0.00508,0.039473850876571));
#3463=CARTESIAN_POINT('',(0.0219162582167243,0.00508,0.0397688399215345));
#3464=CARTESIAN_POINT('',(0.0219162582167243,-0.00508,0.0397688399215345));
#3465=CARTESIAN_POINT('',(0.019457292574057,-0.00508,0.0379684428501369));
#3466=CARTESIAN_POINT('',(0.0206958683639618,-0.00508,0.0393263563540892));
#3467=CARTESIAN_POINT('',(0.0219162582167243,-0.00508,0.0397688399215345));
#3468=CARTESIAN_POINT('',(0.019457292574057,-0.00508,0.0379684428501369));
#3469=CARTESIAN_POINT('',(0.019457292574057,0.00508,0.0379684428501369));
#3470=CARTESIAN_POINT('',(0.0206958683639618,0.00508,0.0393263563540892));
#3471=CARTESIAN_POINT('',(0.0219162582167243,0.00508,0.0397688399215345));
#3472=CARTESIAN_POINT('',(0.019457292574057,0.00508,0.0379684428501369));
#3473=CARTESIAN_POINT('',(0.019457292574057,0.00508,0.0379684428501369));
#3474=CARTESIAN_POINT('',(0.0181497134432087,0.00508,0.0344265351101223));
#3475=CARTESIAN_POINT('',(0.0181497134432087,-0.00508,0.0344265351101223));
#3476=CARTESIAN_POINT('',(0.0182078812942104,0.00508,0.0360159211457548));
#3477=CARTESIAN_POINT('',(0.0182078812942104,-0.00508,0.0360159211457548));
#3478=CARTESIAN_POINT('',(0.018643741004493,0.00508,0.0371965570590928));
#3479=CARTESIAN_POINT('',(0.018643741004493,-0.00508,0.0371965570590928));
#3480=CARTESIAN_POINT('',(0.0194572925740567,0.00508,0.0379684428501365));
#3481=CARTESIAN_POINT('',(0.0194572925740567,-0.00508,0.0379684428501365));
#3482=CARTESIAN_POINT('',(0.0181497134432087,-0.00508,0.0344265351101223));
#3483=CARTESIAN_POINT('',(0.0182369652197112,-0.00508,0.036810614163571));
#3484=CARTESIAN_POINT('',(0.0194572925740567,-0.00508,0.0379684428501365));
#3485=CARTESIAN_POINT('',(0.0181497134432087,-0.00508,0.0344265351101223));
#3486=CARTESIAN_POINT('',(0.0181497134432087,0.00508,0.0344265351101223));
#3487=CARTESIAN_POINT('',(0.0182369652197112,0.00508,0.036810614163571));
#3488=CARTESIAN_POINT('',(0.0194572925740567,0.00508,0.0379684428501365));
#3489=CARTESIAN_POINT('',(0.0181497134432087,0.00508,0.0344265351101223));
#3490=CARTESIAN_POINT('',(0.0181497134432087,0.00508,0.0344265351101223));
#3491=CARTESIAN_POINT('',(0.0177444765153479,0.00508,0.0317862433589628));
#3492=CARTESIAN_POINT('',(0.0177444765153479,-0.00508,0.0317862433589628));
#3493=CARTESIAN_POINT('',(0.0180139731460463,0.00508,0.0329652837695781));
#3494=CARTESIAN_POINT('',(0.0180139731460463,-0.00508,0.0329652837695781));
#3495=CARTESIAN_POINT('',(0.0181490521219999,0.00508,0.0338453810199658));
#3496=CARTESIAN_POINT('',(0.0181490521219999,-0.00508,0.0338453810199658));
#3497=CARTESIAN_POINT('',(0.0181497134432087,0.00508,0.0344265351101257));
#3498=CARTESIAN_POINT('',(0.0181497134432087,-0.00508,0.0344265351101257));
#3499=CARTESIAN_POINT('',(0.0177444765153479,-0.00508,0.0317862433589628));
#3500=CARTESIAN_POINT('',(0.0181487214613954,-0.00508,0.0335548039748858));
#3501=CARTESIAN_POINT('',(0.0181497134432087,-0.00508,0.0344265351101257));
#3502=CARTESIAN_POINT('',(0.0177444765153479,-0.00508,0.0317862433589628));
#3503=CARTESIAN_POINT('',(0.0177444765153479,0.00508,0.0317862433589628));
#3504=CARTESIAN_POINT('',(0.0181487214613954,0.00508,0.0335548039748858));
#3505=CARTESIAN_POINT('',(0.0181497134432087,0.00508,0.0344265351101257));
#3506=CARTESIAN_POINT('',(0.0177444765153479,0.00508,0.0317862433589628));
#3507=CARTESIAN_POINT('',(0.0177444765153479,0.00508,0.0317862433589628));
#3508=CARTESIAN_POINT('',(0.0168295047967029,0.00508,0.0318557505090359));
#3509=CARTESIAN_POINT('',(0.0168295047967029,-0.00508,0.0318557505090359));
#3510=CARTESIAN_POINT('',(0.01768033078083,-0.00508,0.0315106740024206));
#3511=CARTESIAN_POINT('',(0.0168295047967029,0.00508,0.0318557505090359));
#3512=CARTESIAN_POINT('',(0.01768033078083,0.00508,0.0315106740024206));
#3513=CARTESIAN_POINT('',(0.01768033078083,0.00508,0.0315106740024206));
#3514=CARTESIAN_POINT('',(0.0163058871108329,0.00508,0.0300866176328866));
#3515=CARTESIAN_POINT('',(0.0163058871108329,-0.00508,0.0300866176328866));
#3516=CARTESIAN_POINT('',(0.0170609837030079,0.00508,0.0306233466201914));
#3517=CARTESIAN_POINT('',(0.0170609837030079,-0.00508,0.0306233466201914));
#3518=CARTESIAN_POINT('',(0.017519131593007,0.00508,0.0310980320767027));
#3519=CARTESIAN_POINT('',(0.017519131593007,-0.00508,0.0310980320767027));
#3520=CARTESIAN_POINT('',(0.01768033078083,0.00508,0.0315106740024206));
#3521=CARTESIAN_POINT('',(0.01768033078083,-0.00508,0.0315106740024206));
#3522=CARTESIAN_POINT('',(0.0163058871108329,-0.00508,0.0300866176328866));
#3523=CARTESIAN_POINT('',(0.0174385319990954,-0.00508,0.0308917111138438));
#3524=CARTESIAN_POINT('',(0.01768033078083,-0.00508,0.0315106740024206));
#3525=CARTESIAN_POINT('',(0.0163058871108329,-0.00508,0.0300866176328866));
#3526=CARTESIAN_POINT('',(0.0163058871108329,0.00508,0.0300866176328866));
#3527=CARTESIAN_POINT('',(0.0174385319990954,0.00508,0.0308917111138438));
#3528=CARTESIAN_POINT('',(0.01768033078083,0.00508,0.0315106740024206));
#3529=CARTESIAN_POINT('',(0.0163058871108329,0.00508,0.0300866176328866));
#3530=CARTESIAN_POINT('',(0.0163058871108329,0.00508,0.0300866176328866));
#3531=CARTESIAN_POINT('',(0.0155898552414278,0.00508,0.029307153578648));
#3532=CARTESIAN_POINT('',(0.0155898552414278,-0.00508,0.029307153578648));
#3533=CARTESIAN_POINT('',(0.0157853279553138,0.00508,0.0296963538067308));
#3534=CARTESIAN_POINT('',(0.0157853279553138,-0.00508,0.0296963538067308));
#3535=CARTESIAN_POINT('',(0.0160240052451155,0.00508,0.0299561751581436));
#3536=CARTESIAN_POINT('',(0.0160240052451155,-0.00508,0.0299561751581436));
#3537=CARTESIAN_POINT('',(0.0163058871108329,0.00508,0.0300866176328866));
#3538=CARTESIAN_POINT('',(0.0163058871108329,-0.00508,0.0300866176328866));
#3539=CARTESIAN_POINT('',(0.0155898552414278,-0.00508,0.029307153578648));
#3540=CARTESIAN_POINT('',(0.0158830643122568,-0.00508,0.0298909539207722));
#3541=CARTESIAN_POINT('',(0.0163058871108329,-0.00508,0.0300866176328866));
#3542=CARTESIAN_POINT('',(0.0155898552415589,-0.00508,0.0293071535789089));
#3543=CARTESIAN_POINT('',(0.0155898552414278,0.00508,0.029307153578648));
#3544=CARTESIAN_POINT('',(0.0158830643122568,0.00508,0.0298909539207722));
#3545=CARTESIAN_POINT('',(0.0163058871108329,0.00508,0.0300866176328866));
#3546=CARTESIAN_POINT('',(0.0155898552415589,0.00508,0.0293071535789089));
#3547=CARTESIAN_POINT('',(0.0155898552415589,0.00508,0.0293071535789089));
#3548=CARTESIAN_POINT('',(0.0162084383873338,0.00508,0.0279472736495103));
#3549=CARTESIAN_POINT('',(0.0162084383873338,-0.00508,0.0279472736495103));
#3550=CARTESIAN_POINT('',(0.0156705289070287,0.00508,0.0284488251869434));
#3551=CARTESIAN_POINT('',(0.0156705289070287,-0.00508,0.0284488251869434));
#3552=CARTESIAN_POINT('',(0.0154643345251038,0.00508,0.0289021184967429));
#3553=CARTESIAN_POINT('',(0.0154643345251038,-0.00508,0.0289021184967429));
#3554=CARTESIAN_POINT('',(0.0155898552415589,0.00508,0.0293071535789089));
#3555=CARTESIAN_POINT('',(0.0155898552415589,-0.00508,0.0293071535789089));
#3556=CARTESIAN_POINT('',(0.0162084383873338,-0.00508,0.0279472736495103));
#3557=CARTESIAN_POINT('',(0.0154015741668762,-0.00508,0.0286996009556599));
#3558=CARTESIAN_POINT('',(0.0155898552415589,-0.00508,0.0293071535789089));
#3559=CARTESIAN_POINT('',(0.0162084383873346,-0.00508,0.0279472736495095));
#3560=CARTESIAN_POINT('',(0.0162084383873338,0.00508,0.0279472736495103));
#3561=CARTESIAN_POINT('',(0.0154015741668762,0.00508,0.0286996009556599));
#3562=CARTESIAN_POINT('',(0.0155898552415589,0.00508,0.0293071535789089));
#3563=CARTESIAN_POINT('',(0.0162084383873346,0.00508,0.0279472736495095));
#3564=CARTESIAN_POINT('',(0.0162084383873346,0.00508,0.0279472736495095));
#3565=CARTESIAN_POINT('',(0.016896844617429,0.00508,0.0274861261714304));
#3566=CARTESIAN_POINT('',(0.016896844617429,-0.00508,0.0274861261714304));
#3567=CARTESIAN_POINT('',(0.0165878804442829,0.00508,0.0276507800761838));
#3568=CARTESIAN_POINT('',(0.0165878804442829,-0.00508,0.0276507800761838));
#3569=CARTESIAN_POINT('',(0.0163584117009181,0.00508,0.0278044959022102));
#3570=CARTESIAN_POINT('',(0.0163584117009181,-0.00508,0.0278044959022102));
#3571=CARTESIAN_POINT('',(0.0162084383873346,0.00508,0.0279472736495095));
#3572=CARTESIAN_POINT('',(0.0162084383873346,-0.00508,0.0279472736495095));
#3573=CARTESIAN_POINT('',(0.016896844617429,-0.00508,0.0274861261714304));
#3574=CARTESIAN_POINT('',(0.0164333983577098,-0.00508,0.0277331070285605));
#3575=CARTESIAN_POINT('',(0.0162084383873346,-0.00508,0.0279472736495095));
#3576=CARTESIAN_POINT('',(0.016896844617429,-0.00508,0.0274861261714304));
#3577=CARTESIAN_POINT('',(0.016896844617429,0.00508,0.0274861261714304));
#3578=CARTESIAN_POINT('',(0.0164333983577098,0.00508,0.0277331070285605));
#3579=CARTESIAN_POINT('',(0.0162084383873346,0.00508,0.0279472736495095));
#3580=CARTESIAN_POINT('',(0.016896844617429,0.00508,0.0274861261714304));
#3581=CARTESIAN_POINT('',(0.016896844617429,0.00508,0.0274861261714304));
#3582=CARTESIAN_POINT('',(0.0171529334412275,0.00508,0.0274078699164733));
#3583=CARTESIAN_POINT('',(0.0171529334412275,-0.00508,0.0274078699164733));
#3584=CARTESIAN_POINT('',(0.0174090222650259,-0.00508,0.0273296136615163));
#3585=CARTESIAN_POINT('',(0.0171529334412275,0.00508,0.0274078699164733));
#3586=CARTESIAN_POINT('',(0.0174090222650259,0.00508,0.0273296136615163));
#3587=CARTESIAN_POINT('',(0.0174090222650259,0.00508,0.0273296136615163));
#3588=CARTESIAN_POINT('',(0.0174090222650259,0.00508,0.0273296136615163));
#3589=CARTESIAN_POINT('',(0.0174090222650259,-0.00508,0.0273296136615163));
#3590=CARTESIAN_POINT('',(0.0176926662899882,0.00508,0.0273022245684427));
#3591=CARTESIAN_POINT('',(0.0176926662899882,-0.00508,0.0273022245684427));
#3592=CARTESIAN_POINT('',(0.0179147354016701,0.00508,0.0273742998639742));
#3593=CARTESIAN_POINT('',(0.0179147354016701,-0.00508,0.0273742998639742));
#3594=CARTESIAN_POINT('',(0.0180752296000719,0.00508,0.0275458395481109));
#3595=CARTESIAN_POINT('',(0.0180752296000719,-0.00508,0.0275458395481109));
#3596=CARTESIAN_POINT('',(0.0174090222650259,-0.00508,0.0273296136615163));
#3597=CARTESIAN_POINT('',(0.0178344883024693,-0.00508,0.0272885300219059));
#3598=CARTESIAN_POINT('',(0.0180752296000719,-0.00508,0.0275458395481109));
#3599=CARTESIAN_POINT('',(0.0180752296000719,-0.00508,0.0275458395481109));
#3600=CARTESIAN_POINT('',(0.0174090222650259,0.00508,0.0273296136615163));
#3601=CARTESIAN_POINT('',(0.0178344883024693,0.00508,0.0272885300219059));
#3602=CARTESIAN_POINT('',(0.0180752296000719,0.00508,0.0275458395481109));
#3603=CARTESIAN_POINT('',(0.0180752296000719,0.00508,0.0275458395481109));
#3604=CARTESIAN_POINT('',(0.0180752296000719,0.00508,0.0275458395481109));
#3605=CARTESIAN_POINT('',(0.0183831755068114,0.00508,0.02727638268547));
#3606=CARTESIAN_POINT('',(0.0183831755068114,-0.00508,0.02727638268547));
#3607=CARTESIAN_POINT('',(0.0184066681810952,0.00508,0.0275927697919367));
#3608=CARTESIAN_POINT('',(0.0184066681810952,-0.00508,0.0275927697919367));
#3609=CARTESIAN_POINT('',(0.0183040195455154,0.00508,0.0276825887461503));
#3610=CARTESIAN_POINT('',(0.0183040195455154,-0.00508,0.0276825887461503));
#3611=CARTESIAN_POINT('',(0.0180752296000719,0.00508,0.0275458395481109));
#3612=CARTESIAN_POINT('',(0.0180752296000719,-0.00508,0.0275458395481109));
#3613=CARTESIAN_POINT('',(0.0183831755068114,-0.00508,0.02727638268547));
#3614=CARTESIAN_POINT('',(0.0184184145182371,-0.00508,0.02775096334517));
#3615=CARTESIAN_POINT('',(0.0180752296000719,-0.00508,0.0275458395481109));
#3616=CARTESIAN_POINT('',(0.0183831755068114,-0.00508,0.02727638268547));
#3617=CARTESIAN_POINT('',(0.0183831755068114,0.00508,0.02727638268547));
#3618=CARTESIAN_POINT('',(0.0184184145182371,0.00508,0.02775096334517));
#3619=CARTESIAN_POINT('',(0.0180752296000719,0.00508,0.0275458395481109));
#3620=CARTESIAN_POINT('',(0.0183831755068114,0.00508,0.02727638268547));
#3621=CARTESIAN_POINT('',(0.0183831755068114,0.00508,0.02727638268547));
#3622=CARTESIAN_POINT('',(0.0186451423179723,0.00508,0.0264803650435974));
#3623=CARTESIAN_POINT('',(0.0186451423179723,-0.00508,0.0264803650435974));
#3624=CARTESIAN_POINT('',(0.0183773666123891,0.00508,0.0267105575871236));
#3625=CARTESIAN_POINT('',(0.0183773666123891,-0.00508,0.0267105575871236));
#3626=CARTESIAN_POINT('',(0.0182900443420022,0.00508,0.0269758968010815));
#3627=CARTESIAN_POINT('',(0.0182900443420022,-0.00508,0.0269758968010815));
#3628=CARTESIAN_POINT('',(0.0183831755068116,0.00508,0.027276382685471));
#3629=CARTESIAN_POINT('',(0.0183831755068116,-0.00508,0.027276382685471));
#3630=CARTESIAN_POINT('',(0.0186451423179723,-0.00508,0.0264803650435974));
#3631=CARTESIAN_POINT('',(0.0182434787595975,-0.00508,0.0268256538588868));
#3632=CARTESIAN_POINT('',(0.0183831755068116,-0.00508,0.027276382685471));
#3633=CARTESIAN_POINT('',(0.0186451423179723,-0.00508,0.0264803650435974));
#3634=CARTESIAN_POINT('',(0.0186451423179723,0.00508,0.0264803650435974));
#3635=CARTESIAN_POINT('',(0.0182434787595975,0.00508,0.0268256538588868));
#3636=CARTESIAN_POINT('',(0.0183831755068116,0.00508,0.027276382685471));
#3637=CARTESIAN_POINT('',(0.0186451423179723,0.00508,0.0264803650435974));
#3638=CARTESIAN_POINT('',(0.0186451423179723,0.00508,0.0264803650435974));
#3639=CARTESIAN_POINT('',(0.0203551650047303,0.00508,0.0266339778900146));
#3640=CARTESIAN_POINT('',(0.0203551650047303,-0.00508,0.0266339778900146));
#3641=CARTESIAN_POINT('',(0.0196391413649722,0.00508,0.026378625242226));
#3642=CARTESIAN_POINT('',(0.0196391413649722,-0.00508,0.026378625242226));
#3643=CARTESIAN_POINT('',(0.0190691338027196,0.00508,0.026327420960087));
#3644=CARTESIAN_POINT('',(0.0190691338027196,-0.00508,0.026327420960087));
#3645=CARTESIAN_POINT('',(0.0186451423179723,0.00508,0.0264803650435974));
#3646=CARTESIAN_POINT('',(0.0186451423179723,-0.00508,0.0264803650435974));
#3647=CARTESIAN_POINT('',(0.0203551650047303,-0.00508,0.0266339778900146));
#3648=CARTESIAN_POINT('',(0.0192811295450932,-0.00508,0.0262509489183318));
#3649=CARTESIAN_POINT('',(0.0186451423179723,-0.00508,0.0264803650435974));
#3650=CARTESIAN_POINT('',(0.0203551650047303,-0.00508,0.0266339778900146));
#3651=CARTESIAN_POINT('',(0.0203551650047303,0.00508,0.0266339778900146));
#3652=CARTESIAN_POINT('',(0.0192811295450932,0.00508,0.0262509489183318));
#3653=CARTESIAN_POINT('',(0.0186451423179723,0.00508,0.0264803650435974));
#3654=CARTESIAN_POINT('',(0.0203551650047303,0.00508,0.0266339778900146));
#3655=CARTESIAN_POINT('',(0.0203551650047303,0.00508,0.0266339778900146));
#3656=CARTESIAN_POINT('',(0.0217374017605034,0.00508,0.0283997370660201));
#3657=CARTESIAN_POINT('',(0.0217374017605034,-0.00508,0.0283997370660201));
#3658=CARTESIAN_POINT('',(0.0231196385162766,-0.00508,0.0301654962420256));
#3659=CARTESIAN_POINT('',(0.0217374017605034,0.00508,0.0283997370660201));
#3660=CARTESIAN_POINT('',(0.0231196385162766,0.00508,0.0301654962420256));
#3661=CARTESIAN_POINT('',(0.0231196385162766,0.00508,0.0301654962420256));
#3662=CARTESIAN_POINT('',(0.0247457315844751,0.00508,0.0293609238220256));
#3663=CARTESIAN_POINT('',(0.0247457315844751,-0.00508,0.0293609238220256));
#3664=CARTESIAN_POINT('',(0.0252373389178666,0.00508,0.0309497875158324));
#3665=CARTESIAN_POINT('',(0.0252373389178666,-0.00508,0.0309497875158324));
#3666=CARTESIAN_POINT('',(0.0246953078951337,0.00508,0.031217978322499));
#3667=CARTESIAN_POINT('',(0.0246953078951337,-0.00508,0.031217978322499));
#3668=CARTESIAN_POINT('',(0.0231196385162766,0.00508,0.0301654962420256));
#3669=CARTESIAN_POINT('',(0.0231196385162766,-0.00508,0.0301654962420256));
#3670=CARTESIAN_POINT('',(0.0247457315844751,-0.00508,0.0293609238220256));
#3671=CARTESIAN_POINT('',(0.0254831425845623,-0.00508,0.0317442193627357));
#3672=CARTESIAN_POINT('',(0.0231196385162766,-0.00508,0.0301654962420256));
#3673=CARTESIAN_POINT('',(0.0247457315844751,-0.00508,0.0293609238220256));
#3674=CARTESIAN_POINT('',(0.0247457315844751,0.00508,0.0293609238220256));
#3675=CARTESIAN_POINT('',(0.0254831425845623,0.00508,0.0317442193627357));
#3676=CARTESIAN_POINT('',(0.0231196385162766,0.00508,0.0301654962420256));
#3677=CARTESIAN_POINT('',(0.0247457315844751,0.00508,0.0293609238220256));
#3678=CARTESIAN_POINT('',(0.0247457315844751,0.00508,0.0293609238220256));
#3679=CARTESIAN_POINT('',(0.0219407582749526,0.00508,0.0260395885062564));
#3680=CARTESIAN_POINT('',(0.0219407582749526,-0.00508,0.0260395885062564));
#3681=CARTESIAN_POINT('',(0.0186215428472905,-0.00508,0.0221093452600978));
#3682=CARTESIAN_POINT('',(0.0219407582749526,0.00508,0.0260395885062564));
#3683=CARTESIAN_POINT('',(0.0186215428472905,0.00508,0.0221093452600978));
#3684=CARTESIAN_POINT('',(0.0186215428472905,0.00508,0.0221093452600978));
#3685=CARTESIAN_POINT('',(0.0184362584015233,0.00508,0.0196886183673326));
#3686=CARTESIAN_POINT('',(0.0184362584015233,-0.00508,0.0196886183673326));
#3687=CARTESIAN_POINT('',(0.0182274577422366,0.00508,0.020702598368583));
#3688=CARTESIAN_POINT('',(0.0182274577422366,-0.00508,0.020702598368583));
#3689=CARTESIAN_POINT('',(0.018289219224159,0.00508,0.021509507332838));
#3690=CARTESIAN_POINT('',(0.018289219224159,-0.00508,0.021509507332838));
#3691=CARTESIAN_POINT('',(0.0186215428472905,0.00508,0.0221093452600978));
#3692=CARTESIAN_POINT('',(0.0186215428472905,-0.00508,0.0221093452600978));
#3693=CARTESIAN_POINT('',(0.0184362584015233,-0.00508,0.0196886183673326));
#3694=CARTESIAN_POINT('',(0.0181230574125932,-0.00508,0.0212095883692082));
#3695=CARTESIAN_POINT('',(0.0186215428472905,-0.00508,0.0221093452600978));
#3696=CARTESIAN_POINT('',(0.0184362584015233,-0.00508,0.0196886183673326));
#3697=CARTESIAN_POINT('',(0.0184362584015233,0.00508,0.0196886183673326));
#3698=CARTESIAN_POINT('',(0.0181230574125932,0.00508,0.0212095883692082));
#3699=CARTESIAN_POINT('',(0.0186215428472905,0.00508,0.0221093452600978));
#3700=CARTESIAN_POINT('',(0.0184362584015233,0.00508,0.0196886183673326));
#3701=CARTESIAN_POINT('',(0.0184362584015233,0.00508,0.0196886183673326));
#3702=CARTESIAN_POINT('',(0.0187015920259408,0.00508,0.0189909901751793));
#3703=CARTESIAN_POINT('',(0.0187015920259408,-0.00508,0.0189909901751793));
#3704=CARTESIAN_POINT('',(0.0187015920259408,0.00508,0.0189909901751793));
#3705=CARTESIAN_POINT('',(0.0255455736983271,0.00508,0.0271377607134157));
#3706=CARTESIAN_POINT('',(0.0250739604210114,0.00508,0.0260832874274224));
#3707=CARTESIAN_POINT('',(0.0311591208857616,0.00508,0.0233616988315866));
#3708=CARTESIAN_POINT('',(0.0317335915369612,0.00508,0.0253488569456474));
#3709=CARTESIAN_POINT('',(0.0309980125114842,0.00508,0.0228044069794789));
#3710=CARTESIAN_POINT('',(0.024820169041904,0.00508,0.0254326596542726));
#3711=CARTESIAN_POINT('',(0.0243507085620443,0.00508,0.024533281582293));
#3712=CARTESIAN_POINT('',(0.0306187598610788,0.00508,0.0216576678443475));
#3713=CARTESIAN_POINT('',(0.0318136249973617,0.00508,0.0242621469754702));
#3714=CARTESIAN_POINT('',(0.0303906159202435,0.00508,0.0211603764641284));
#3715=CARTESIAN_POINT('',(0.0241225646212089,0.00508,0.0240359902020739));
#3716=CARTESIAN_POINT('',(0.0236865010527294,0.00508,0.0230154230059006));
#3717=CARTESIAN_POINT('',(0.0300291837646779,0.00508,0.0201550295189739));
#3718=CARTESIAN_POINT('',(0.0318882564102755,0.00508,0.0242773672264892));
#3719=CARTESIAN_POINT('',(0.0298057825394134,0.00508,0.0196596560342455));
#3720=CARTESIAN_POINT('',(0.0234137974678877,0.00508,0.0228035356616244));
#3721=CARTESIAN_POINT('',(0.0203531306881538,0.00508,0.0284865148374652));
#3722=CARTESIAN_POINT('',(0.0233688415531961,0.00508,0.0400964195062858));
#3723=CARTESIAN_POINT('',(0.0255455736983271,0.00508,0.0400964195062858));
#3724=CARTESIAN_POINT('',(0.0239158234616006,0.00508,0.0400964195062858));
#3725=CARTESIAN_POINT('',(0.0205248884151909,0.00508,0.0286214027953836));
#3726=CARTESIAN_POINT('',(0.0218304577343969,0.00508,0.028109277296568));
#3727=CARTESIAN_POINT('',(0.0250497269467455,0.00508,0.0404198838784742));
#3728=CARTESIAN_POINT('',(0.0204715624875278,0.00508,0.0383476340837069));
#3729=CARTESIAN_POINT('',(0.0256713909771491,0.00508,0.0407012724504431));
#3730=CARTESIAN_POINT('',(0.0226955911829558,0.00508,0.0277948749371126));
#3731=CARTESIAN_POINT('',(0.0235806609652245,0.00508,0.0276335890523332));
#3732=CARTESIAN_POINT('',(0.0266272483382878,0.00508,0.0397068770271828));
#3733=CARTESIAN_POINT('',(0.0281557823154178,0.00508,0.0393809998206967));
#3734=CARTESIAN_POINT('',(0.0272090353504412,0.00508,0.0395828424102707));
#3735=CARTESIAN_POINT('',(0.0241408755871661,0.00508,0.0274942827768293));
#3736=CARTESIAN_POINT('',(0.0251944429649816,0.00508,0.0272262642906019));
#3737=CARTESIAN_POINT('',(0.0282105042574758,0.00508,0.039192241792497));
#3738=CARTESIAN_POINT('',(0.0310227402863355,0.00508,0.037739336538724));
#3739=CARTESIAN_POINT('',(0.0287028270480143,0.00508,0.0389378896109642));
#3740=CARTESIAN_POINT('',(0.0254585812813176,0.00508,0.0271617264803201));
#3741=CARTESIAN_POINT('',(0.0266812166181586,0.00508,0.0268467197870163));
#3742=CARTESIAN_POINT('',(0.0296120479210468,0.00508,0.0382828358670549));
#3743=CARTESIAN_POINT('',(0.033230818781811,0.00508,0.0345108632235614));
#3744=CARTESIAN_POINT('',(0.0300517029312711,0.00508,0.0378245679261026));
#3745=CARTESIAN_POINT('',(0.0270680139045606,0.00508,0.0267283867091222));
#3746=CARTESIAN_POINT('',(0.0234435955159758,0.00508,0.0342406471290942));
#3747=CARTESIAN_POINT('',(0.0310650492100684,0.00508,0.0364960864597051));
#3748=CARTESIAN_POINT('',(0.0336592857360222,0.00508,0.0308973165704087));
#3749=CARTESIAN_POINT('',(0.0313114819603241,0.00508,0.0359642458784533));
#3750=CARTESIAN_POINT('',(0.0236435310268381,0.00508,0.0337627763886778));
#3751=CARTESIAN_POINT('',(0.0239572995699236,0.00508,0.0328203939362295));
#3752=CARTESIAN_POINT('',(0.031675263200396,0.00508,0.0349775350849888));
#3753=CARTESIAN_POINT('',(0.0333952703109386,0.00508,0.0296923707991235));
#3754=CARTESIAN_POINT('',(0.0318500336378803,0.00508,0.0344405079594872));
#3755=CARTESIAN_POINT('',(0.0241183573149685,0.00508,0.0323049688314131));
#3756=CARTESIAN_POINT('',(0.0244022899039462,0.00508,0.0312884004290913));
#3757=CARTESIAN_POINT('',(0.0320705999131724,0.00508,0.0334006181026048));
#3758=CARTESIAN_POINT('',(0.0328496339484768,0.00508,0.0282404621866842));
#3759=CARTESIAN_POINT('',(0.0321552721206649,0.00508,0.0328397673918445));
#3760=CARTESIAN_POINT('',(0.0245645875543443,0.00508,0.0308145144127917));
#3761=CARTESIAN_POINT('',(0.0248602362809191,0.00508,0.0296693795048977));
#3762=CARTESIAN_POINT('',(0.0322995478900946,0.00508,0.0316832840558831));
#3763=CARTESIAN_POINT('',(0.0322995478900946,0.00508,0.0271377607134157));
#3764=CARTESIAN_POINT('',(0.0322995478900946,0.00508,0.0311251318286765));
#3765=CARTESIAN_POINT('',(0.0250010917211184,0.00508,0.0291013754006046));
#3766=CARTESIAN_POINT('',(0.0270255955080182,0.00508,0.0305572816934669));
#3767=CARTESIAN_POINT('',(0.0322847521148094,0.00508,0.0282810370018739));
#3768=CARTESIAN_POINT('',(0.0322847521148094,0.00508,0.0271377607134157));
#3769=CARTESIAN_POINT('',(0.0322847521148094,0.00508,0.0276640888285361));
#3770=CARTESIAN_POINT('',(0.0267791290497655,0.00508,0.0300202273720664));
#3771=CARTESIAN_POINT('',(0.0262624526725397,0.00508,0.0288798846607439));
#3772=CARTESIAN_POINT('',(0.0319830730982493,0.00508,0.0265258658729692));
#3773=CARTESIAN_POINT('',(0.0312661941240366,0.00508,0.024783741925641));
#3774=CARTESIAN_POINT('',(0.0318033888438443,0.00508,0.0260892060547613));
#3775=CARTESIAN_POINT('',(0.0260827684181348,0.00508,0.028443224842536));
#3776=CARTESIAN_POINT('',(0.0256651221309509,0.00508,0.0274230410939862));
#3777=CARTESIAN_POINT('',(0.031606043493966,0.00508,0.0249334628206061));
#3778=CARTESIAN_POINT('',(0.0314864950613422,0.00508,0.0246481824400356));
#3779=CARTESIAN_POINT('',(0.03139860218618,0.00508,0.0244384422341176));
#3780=CARTESIAN_POINT('',(0.0255238414356214,0.00508,0.0270896037669671));
#3781=CARTESIAN_POINT('',(0.022211216710247,0.00508,0.0361397064786479));
#3782=CARTESIAN_POINT('',(0.0234460643190154,0.00508,0.0370969935878998));
#3783=CARTESIAN_POINT('',(0.0255455736983271,-0.00508,0.0271377607134157));
#3784=CARTESIAN_POINT('',(0.022211216710247,-0.00508,0.0361397064786479));
#3785=CARTESIAN_POINT('',(0.0234460643190154,-0.00508,0.0370969935878998));
#3786=CARTESIAN_POINT('',(0.0317335915369612,-0.00508,0.0253488569456474));
#3787=CARTESIAN_POINT('',(0.0309980125114842,-0.00508,0.0228044069794789));
#3788=CARTESIAN_POINT('',(0.0311591208857616,-0.00508,0.0233616988315866));
#3789=CARTESIAN_POINT('',(0.0250739604210114,-0.00508,0.0260832874274224));
#3790=CARTESIAN_POINT('',(0.0255238414356214,-0.00508,0.0270896037669671));
#3791=CARTESIAN_POINT('',(0.03139860218618,-0.00508,0.0244384422341176));
#3792=CARTESIAN_POINT('',(0.0314864950613422,-0.00508,0.0246481824400356));
#3793=CARTESIAN_POINT('',(0.031606043493966,-0.00508,0.0249334628206061));
#3794=CARTESIAN_POINT('',(0.0256651221309509,-0.00508,0.0274230410939862));
#3795=CARTESIAN_POINT('',(0.0260827684181348,-0.00508,0.028443224842536));
#3796=CARTESIAN_POINT('',(0.0318033888438443,-0.00508,0.0260892060547613));
#3797=CARTESIAN_POINT('',(0.0312661941240366,-0.00508,0.024783741925641));
#3798=CARTESIAN_POINT('',(0.0319830730982493,-0.00508,0.0265258658729692));
#3799=CARTESIAN_POINT('',(0.0262624526725397,-0.00508,0.0288798846607439));
#3800=CARTESIAN_POINT('',(0.0267791290497655,-0.00508,0.0300202273720664));
#3801=CARTESIAN_POINT('',(0.0322847521148094,-0.00508,0.0276640888285361));
#3802=CARTESIAN_POINT('',(0.0322847521148094,-0.00508,0.0271377607134157));
#3803=CARTESIAN_POINT('',(0.0322847521148094,-0.00508,0.0282810370018739));
#3804=CARTESIAN_POINT('',(0.0270255955080182,-0.00508,0.0305572816934669));
#3805=CARTESIAN_POINT('',(0.0250010917211184,-0.00508,0.0291013754006046));
#3806=CARTESIAN_POINT('',(0.0322995478900946,-0.00508,0.0311251318286765));
#3807=CARTESIAN_POINT('',(0.0322995478900946,-0.00508,0.0271377607134157));
#3808=CARTESIAN_POINT('',(0.0322995478900946,-0.00508,0.0316832840558831));
#3809=CARTESIAN_POINT('',(0.0248602362809191,-0.00508,0.0296693795048977));
#3810=CARTESIAN_POINT('',(0.0245645875543443,-0.00508,0.0308145144127917));
#3811=CARTESIAN_POINT('',(0.0321552721206649,-0.00508,0.0328397673918445));
#3812=CARTESIAN_POINT('',(0.0328496339484768,-0.00508,0.0282404621866842));
#3813=CARTESIAN_POINT('',(0.0320705999131724,-0.00508,0.0334006181026048));
#3814=CARTESIAN_POINT('',(0.0244022899039462,-0.00508,0.0312884004290913));
#3815=CARTESIAN_POINT('',(0.0241183573149685,-0.00508,0.0323049688314131));
#3816=CARTESIAN_POINT('',(0.0318500336378803,-0.00508,0.0344405079594872));
#3817=CARTESIAN_POINT('',(0.0333952703109386,-0.00508,0.0296923707991235));
#3818=CARTESIAN_POINT('',(0.031675263200396,-0.00508,0.0349775350849888));
#3819=CARTESIAN_POINT('',(0.0239572995699236,-0.00508,0.0328203939362295));
#3820=CARTESIAN_POINT('',(0.0236435310268381,-0.00508,0.0337627763886778));
#3821=CARTESIAN_POINT('',(0.0313114819603241,-0.00508,0.0359642458784533));
#3822=CARTESIAN_POINT('',(0.0336592857360222,-0.00508,0.0308973165704087));
#3823=CARTESIAN_POINT('',(0.0310650492100684,-0.00508,0.0364960864597051));
#3824=CARTESIAN_POINT('',(0.0234435955159758,-0.00508,0.0342406471290942));
#3825=CARTESIAN_POINT('',(0.0270680139045606,-0.00508,0.0267283867091222));
#3826=CARTESIAN_POINT('',(0.0300517029312711,-0.00508,0.0378245679261026));
#3827=CARTESIAN_POINT('',(0.033230818781811,-0.00508,0.0345108632235614));
#3828=CARTESIAN_POINT('',(0.0296120479210468,-0.00508,0.0382828358670549));
#3829=CARTESIAN_POINT('',(0.0266812166181586,-0.00508,0.0268467197870163));
#3830=CARTESIAN_POINT('',(0.0254585812813176,-0.00508,0.0271617264803201));
#3831=CARTESIAN_POINT('',(0.0287028270480143,-0.00508,0.0389378896109642));
#3832=CARTESIAN_POINT('',(0.0310227402863355,-0.00508,0.037739336538724));
#3833=CARTESIAN_POINT('',(0.0282105042574758,-0.00508,0.039192241792497));
#3834=CARTESIAN_POINT('',(0.0251944429649816,-0.00508,0.0272262642906019));
#3835=CARTESIAN_POINT('',(0.0241408755871661,-0.00508,0.0274942827768293));
#3836=CARTESIAN_POINT('',(0.0272090353504412,-0.00508,0.0395828424102707));
#3837=CARTESIAN_POINT('',(0.0281557823154178,-0.00508,0.0393809998206967));
#3838=CARTESIAN_POINT('',(0.0266272483382878,-0.00508,0.0397068770271828));
#3839=CARTESIAN_POINT('',(0.0235806609652245,-0.00508,0.0276335890523332));
#3840=CARTESIAN_POINT('',(0.0226955911829558,-0.00508,0.0277948749371126));
#3841=CARTESIAN_POINT('',(0.0256713909771491,-0.00508,0.0407012724504431));
#3842=CARTESIAN_POINT('',(0.0204715624875278,-0.00508,0.0383476340837069));
#3843=CARTESIAN_POINT('',(0.0250497269467455,-0.00508,0.0404198838784742));
#3844=CARTESIAN_POINT('',(0.0218304577343969,-0.00508,0.028109277296568));
#3845=CARTESIAN_POINT('',(0.0205248884151909,-0.00508,0.0286214027953836));
#3846=CARTESIAN_POINT('',(0.0239158234616006,-0.00508,0.0400964195062858));
#3847=CARTESIAN_POINT('',(0.0255455736983271,-0.00508,0.0400964195062858));
#3848=CARTESIAN_POINT('',(0.0233688415531961,-0.00508,0.0400964195062858));
#3849=CARTESIAN_POINT('',(0.0203531306881538,-0.00508,0.0284865148374652));
#3850=CARTESIAN_POINT('',(0.0234137974678877,-0.00508,0.0228035356616244));
#3851=CARTESIAN_POINT('',(0.0298057825394134,-0.00508,0.0196596560342455));
#3852=CARTESIAN_POINT('',(0.0318882564102755,-0.00508,0.0242773672264892));
#3853=CARTESIAN_POINT('',(0.0300291837646779,-0.00508,0.0201550295189739));
#3854=CARTESIAN_POINT('',(0.0236865010527294,-0.00508,0.0230154230059006));
#3855=CARTESIAN_POINT('',(0.0241225646212089,-0.00508,0.0240359902020739));
#3856=CARTESIAN_POINT('',(0.0303906159202435,-0.00508,0.0211603764641284));
#3857=CARTESIAN_POINT('',(0.0318136249973617,-0.00508,0.0242621469754702));
#3858=CARTESIAN_POINT('',(0.0306187598610788,-0.00508,0.0216576678443475));
#3859=CARTESIAN_POINT('',(0.0243507085620443,-0.00508,0.024533281582293));
#3860=CARTESIAN_POINT('',(0.024820169041904,-0.00508,0.0254326596542726));
#3861=CARTESIAN_POINT('',(0.0235402112175338,-0.00508,0.0364237216020521));
#3862=CARTESIAN_POINT('',(0.0235402112175338,0.00508,0.0364237216020521));
#3863=CARTESIAN_POINT('',(0.0235796676527996,-0.00508,0.0372005664889416));
#3864=CARTESIAN_POINT('',(0.0235796676527996,0.00508,0.0372005664889416));
#3865=CARTESIAN_POINT('',(0.0228175040853604,-0.00508,0.0373559739695803));
#3866=CARTESIAN_POINT('',(0.0228175040853604,0.00508,0.0373559739695803));
#3867=CARTESIAN_POINT('',(0.0217001855962753,-0.00508,0.0367989084495044));
#3868=CARTESIAN_POINT('',(0.0217001855962753,0.00508,0.0367989084495044));
#3869=CARTESIAN_POINT('',(0.0208822222029601,-0.00508,0.0358556913552438));
#3870=CARTESIAN_POINT('',(0.0208822222029601,0.00508,0.0358556913552438));
#3871=CARTESIAN_POINT('',(0.0208427657676943,-0.00508,0.0350788464683543));
#3872=CARTESIAN_POINT('',(0.0208427657676943,0.00508,0.0350788464683543));
#3873=CARTESIAN_POINT('',(0.0216049293351335,-0.00508,0.0349234389877156));
#3874=CARTESIAN_POINT('',(0.0216049293351335,0.00508,0.0349234389877156));
#3875=CARTESIAN_POINT('',(0.0227222478242186,-0.00508,0.0354805045077915));
#3876=CARTESIAN_POINT('',(0.0227222478242186,0.00508,0.0354805045077915));
#3877=CARTESIAN_POINT('',(0.0235402112175338,-0.00508,0.0364237216020521));
#3878=CARTESIAN_POINT('',(0.0235402112175338,0.00508,0.0364237216020521));
#3879=CARTESIAN_POINT('',(0.0235796676527996,-0.00508,0.0372005664889416));
#3880=CARTESIAN_POINT('',(0.0235796676527996,0.00508,0.0372005664889416));
#3881=CARTESIAN_POINT('',(0.0228175040853604,-0.00508,0.0373559739695803));
#3882=CARTESIAN_POINT('',(0.0228175040853604,0.00508,0.0373559739695803));
#3883=CARTESIAN_POINT('',(0.0235899781076193,-0.03048,0.0409477525519718));
#3884=CARTESIAN_POINT('',(0.0233688415531961,-0.03048,0.0400964195062858));
#3885=CARTESIAN_POINT('',(0.0236423325073983,-0.03048,0.0400964195062858));
#3886=CARTESIAN_POINT('',(0.0239158234616006,-0.03048,0.0400964195062858));
#3887=CARTESIAN_POINT('',(0.0241740554673748,-0.03048,0.0409702836590914));
#3888=CARTESIAN_POINT('',(0.0252395544341174,-0.03048,0.0411457913317881));
#3889=CARTESIAN_POINT('',(0.0250497269467455,-0.03048,0.0404198838784742));
#3890=CARTESIAN_POINT('',(0.0253605589619473,-0.03048,0.0405605781644586));
#3891=CARTESIAN_POINT('',(0.0256713909771491,-0.03048,0.0407012724504431));
#3892=CARTESIAN_POINT('',(0.025805175776166,-0.03048,0.0412815130300423));
#3893=CARTESIAN_POINT('',(0.0268864646365949,-0.03048,0.0407341224772584));
#3894=CARTESIAN_POINT('',(0.0266272483382878,-0.03048,0.0397068770271828));
#3895=CARTESIAN_POINT('',(0.0269181418443645,-0.03048,0.0396448597187267));
#3896=CARTESIAN_POINT('',(0.0272090353504412,-0.03048,0.0395828424102707));
#3897=CARTESIAN_POINT('',(0.0274733585938781,-0.03048,0.0406242768652288));
#3898=CARTESIAN_POINT('',(0.0284897325125613,-0.03048,0.0403000571497516));
#3899=CARTESIAN_POINT('',(0.0282105042574758,-0.03048,0.039192241792497));
#3900=CARTESIAN_POINT('',(0.0284566656527451,-0.03048,0.0390650657017306));
#3901=CARTESIAN_POINT('',(0.0287028270480143,-0.03048,0.0389378896109642));
#3902=CARTESIAN_POINT('',(0.0290156416918573,-0.03048,0.040073363474678));
#3903=CARTESIAN_POINT('',(0.0299299538468512,-0.03048,0.0395233061276421));
#3904=CARTESIAN_POINT('',(0.0296120479210468,-0.03048,0.0382828358670549));
#3905=CARTESIAN_POINT('',(0.0298318754261589,-0.03048,0.0380537018965788));
#3906=CARTESIAN_POINT('',(0.0300517029312711,-0.03048,0.0378245679261026));
#3907=CARTESIAN_POINT('',(0.0304030692472831,-0.03048,0.0391312806167045));
#3908=CARTESIAN_POINT('',(0.0325276642334896,-0.03048,0.0369289224489762));
#3909=CARTESIAN_POINT('',(0.0310650492100684,-0.03048,0.0364960864597051));
#3910=CARTESIAN_POINT('',(0.0311882655851962,-0.03048,0.0362301661690792));
#3911=CARTESIAN_POINT('',(0.0313114819603241,-0.03048,0.0359642458784533));
#3912=CARTESIAN_POINT('',(0.0328074214872768,-0.03048,0.0363937302681817));
#3913=CARTESIAN_POINT('',(0.0331253735947193,-0.03048,0.035382835362576));
#3914=CARTESIAN_POINT('',(0.031675263200396,-0.03048,0.0349775350849888));
#3915=CARTESIAN_POINT('',(0.0317626484191382,-0.03048,0.0347090215222379));
#3916=CARTESIAN_POINT('',(0.0318500336378803,-0.03048,0.0344405079594872));
#3917=CARTESIAN_POINT('',(0.0332830036911825,-0.03048,0.0348363035787524));
#3918=CARTESIAN_POINT('',(0.0335696855356859,-0.03048,0.0338135376562188));
#3919=CARTESIAN_POINT('',(0.0320705999131724,-0.03048,0.0334006181026048));
#3920=CARTESIAN_POINT('',(0.0321129360169186,-0.03048,0.0331201927472246));
#3921=CARTESIAN_POINT('',(0.0321552721206649,-0.03048,0.0328397673918445));
#3922=CARTESIAN_POINT('',(0.03368046239442,-0.03048,0.0332466998784413));
#3923=CARTESIAN_POINT('',(0.0335579035485185,-0.03048,0.0277299972802516));
#3924=CARTESIAN_POINT('',(0.0322847521148094,-0.03048,0.0282810370018739));
#3925=CARTESIAN_POINT('',(0.0322847521148094,-0.03048,0.027972562915205));
#3926=CARTESIAN_POINT('',(0.0322847521148094,-0.03048,0.0276640888285361));
#3927=CARTESIAN_POINT('',(0.0334908939675069,-0.03048,0.027147918855668));
#3928=CARTESIAN_POINT('',(0.0332040377173059,-0.03048,0.0260234424575734));
#3929=CARTESIAN_POINT('',(0.0319830730982493,-0.03048,0.0265258658729692));
#3930=CARTESIAN_POINT('',(0.0318932309710468,-0.03048,0.0263075359638652));
#3931=CARTESIAN_POINT('',(0.0318033888438443,-0.03048,0.0260892060547613));
#3932=CARTESIAN_POINT('',(0.0330573936604035,-0.03048,0.0255731866934916));
#3933=CARTESIAN_POINT('',(0.0328190756795484,-0.03048,0.0244251345008715));
#3934=CARTESIAN_POINT('',(0.031606043493966,-0.03048,0.0249334628206061));
#3935=CARTESIAN_POINT('',(0.0315023228400731,-0.03048,0.0246859525273618));
#3936=CARTESIAN_POINT('',(0.03139860218618,-0.03048,0.0244384422341176));
#3937=CARTESIAN_POINT('',(0.0326418259404874,-0.03048,0.0238774003238013));
#3938=CARTESIAN_POINT('',(0.0338081693490946,-0.03048,0.0320916846958357));
#3939=CARTESIAN_POINT('',(0.0322995478900946,-0.03048,0.0316832840558831));
#3940=CARTESIAN_POINT('',(0.0322995478900946,-0.03048,0.0314042079422798));
#3941=CARTESIAN_POINT('',(0.0322995478900946,-0.03048,0.0311251318286765));
#3942=CARTESIAN_POINT('',(0.0337902456560721,-0.03048,0.0315384807775998));
#3943=CARTESIAN_POINT('',(0.0308106489026757,-0.03048,0.019802608013358));
#3944=CARTESIAN_POINT('',(0.0300291837646779,-0.03048,0.0201550295189739));
#3945=CARTESIAN_POINT('',(0.0299174831520456,-0.03048,0.0199073427766098));
#3946=CARTESIAN_POINT('',(0.0298057825394134,-0.03048,0.0196596560342455));
#3947=CARTESIAN_POINT('',(0.0304830350492229,-0.03048,0.0193265513188314));
#3948=CARTESIAN_POINT('',(0.0317115832026903,-0.03048,0.0211563098202405));
#3949=CARTESIAN_POINT('',(0.0306187598610788,-0.03048,0.0216576678443475));
#3950=CARTESIAN_POINT('',(0.0305046878906612,-0.03048,0.0214090221542379));
#3951=CARTESIAN_POINT('',(0.0303906159202435,-0.03048,0.0211603764641284));
#3952=CARTESIAN_POINT('',(0.0314219961485951,-0.03048,0.0206872068916091));
#3953=CARTESIAN_POINT('',(0.0323925322673985,-0.03048,0.0228100554739985));
#3954=CARTESIAN_POINT('',(0.0311591208857616,-0.03048,0.0233616988315866));
#3955=CARTESIAN_POINT('',(0.0310785666986229,-0.03048,0.0230830529055328));
#3956=CARTESIAN_POINT('',(0.0309980125114842,-0.03048,0.0228044069794789));
#3957=CARTESIAN_POINT('',(0.0322485410250137,-0.03048,0.0222723920576419));
#3958=CARTESIAN_POINT('',(0.,0.,0.));
#3959=CARTESIAN_POINT('',(0.0254,0.,0.0114023854561344));
#3960=CARTESIAN_POINT('',(0.0254,0.,0.0112189184874296));
#3961=CARTESIAN_POINT('',(0.0254,0.,0.0114023854561344));
#3962=CARTESIAN_POINT('',(0.0305688151781159,0.,0.0114023854561344));
#3963=CARTESIAN_POINT('',(0.0254,0.,0.00886392686516047));
#3964=CARTESIAN_POINT('',(0.0254,0.,0.00920277461409569));
#3965=CARTESIAN_POINT('',(0.0308055598288774,0.,0.00920277461409569));
#3966=CARTESIAN_POINT('',(0.0254,0.,0.00886392686516047));
#3967=CARTESIAN_POINT('',(0.0254,0.,0.00920277461409569));
#3968=CARTESIAN_POINT('',(0.0254,0.,0.00998212397098541));
#3969=CARTESIAN_POINT('',(0.0356171987950802,0.,0.00998212397098541));
#3970=CARTESIAN_POINT('',(0.0254,0.,0.00998212397098541));
#3971=CARTESIAN_POINT('',(0.0254,0.,0.0105920499190688));
#3972=CARTESIAN_POINT('',(0.0362101830542087,0.,0.0105920499190688));
#3973=CARTESIAN_POINT('',(0.0254,0.,0.0105920499190688));
#3974=CARTESIAN_POINT('',(0.0254,0.,0.0122354617342353));
#3975=CARTESIAN_POINT('',(0.035956047475338,0.,0.0122354617342353));
#3976=CARTESIAN_POINT('',(0.0254,0.,0.0122354617342353));
#3977=MECHANICAL_DESIGN_GEOMETRIC_PRESENTATION_REPRESENTATION('',(#2318),
#3979);
#3978=MECHANICAL_DESIGN_GEOMETRIC_PRESENTATION_REPRESENTATION('',(#2319),
#3980);
#3979=(
GEOMETRIC_REPRESENTATION_CONTEXT(3)
GLOBAL_UNCERTAINTY_ASSIGNED_CONTEXT((#3981))
GLOBAL_UNIT_ASSIGNED_CONTEXT((#3987,#3985,#3983))
REPRESENTATION_CONTEXT('Part 2','TOP_LEVEL_ASSEMBLY_PART')
);
#3980=(
GEOMETRIC_REPRESENTATION_CONTEXT(3)
GLOBAL_UNCERTAINTY_ASSIGNED_CONTEXT((#3982))
GLOBAL_UNIT_ASSIGNED_CONTEXT((#3988,#3986,#3984))
REPRESENTATION_CONTEXT('Part 1','TOP_LEVEL_ASSEMBLY_PART')
);
#3981=UNCERTAINTY_MEASURE_WITH_UNIT(LENGTH_MEASURE(2.E-5),#3987,
'DISTANCE_ACCURACY_VALUE','Maximum Tolerance applied to model');
#3982=UNCERTAINTY_MEASURE_WITH_UNIT(LENGTH_MEASURE(1.E-8),#3988,
'DISTANCE_ACCURACY_VALUE','Maximum Tolerance applied to model');
#3983=(
NAMED_UNIT(*)
SI_UNIT($,.STERADIAN.)
SOLID_ANGLE_UNIT()
);
#3984=(
NAMED_UNIT(*)
SI_UNIT($,.STERADIAN.)
SOLID_ANGLE_UNIT()
);
#3985=(
NAMED_UNIT(*)
PLANE_ANGLE_UNIT()
SI_UNIT($,.RADIAN.)
);
#3986=(
NAMED_UNIT(*)
PLANE_ANGLE_UNIT()
SI_UNIT($,.RADIAN.)
);
#3987=(
LENGTH_UNIT()
NAMED_UNIT(*)
SI_UNIT($,.METRE.)
);
#3988=(
LENGTH_UNIT()
NAMED_UNIT(*)
SI_UNIT($,.METRE.)
);
#3989=PRODUCT_DEFINITION_SHAPE('','',#3991);
#3990=PRODUCT_DEFINITION_SHAPE('','',#3992);
#3991=PRODUCT_DEFINITION('','',#3995,#3993);
#3992=PRODUCT_DEFINITION('','',#3996,#3994);
#3993=PRODUCT_DEFINITION_CONTEXT('',#4007,'design');
#3994=PRODUCT_DEFINITION_CONTEXT('',#4008,'design');
#3995=PRODUCT_DEFINITION_FORMATION_WITH_SPECIFIED_SOURCE('','',#3999,
 .NOT_KNOWN.);
#3996=PRODUCT_DEFINITION_FORMATION_WITH_SPECIFIED_SOURCE('','',#4000,
 .NOT_KNOWN.);
#3997=PRODUCT_RELATED_PRODUCT_CATEGORY('','',(#3999));
#3998=PRODUCT_RELATED_PRODUCT_CATEGORY('','',(#4000));
#3999=PRODUCT('Part 2','Part 2','Part 2',(#4003));
#4000=PRODUCT('Part 1','Part 1','Part 1',(#4004));
#4001=PRODUCT_CATEGORY('','');
#4002=PRODUCT_CATEGORY('','');
#4003=PRODUCT_CONTEXT('',#4007,'mechanical');
#4004=PRODUCT_CONTEXT('',#4008,'mechanical');
#4005=APPLICATION_PROTOCOL_DEFINITION('international standard',
'ap242_managed_model_based_3d_engineering',2020,#4007);
#4006=APPLICATION_PROTOCOL_DEFINITION('international standard',
'ap242_managed_model_based_3d_engineering',2020,#4008);
#4007=APPLICATION_CONTEXT('managed model based 3d engineering');
#4008=APPLICATION_CONTEXT('managed model based 3d engineering');
ENDSEC;
END-ISO-10303-21;
