ISO-10303-21;
HEADER;
/* Generated by software containing ST-Developer
 * from STEP Tools, Inc. (www.steptools.com) 
 */
/* OPTION: using custom renumber hook */

FILE_DESCRIPTION(
/* description */ ('STEP AP242 Edition 2',
'CAx-IF Rec.Pracs.---Representation and Presentation of Product Manufa
cturing Information (PMI)---4.0---2014-10-13',
'CAx-IF Rec.Pracs.---3D Tessellated Geometry---0.4---2014-09-14','2;1',
'CAx-IF Rec.Pracs.---User Defined Attributes---1.5---2016-08-15'),
/* implementation_level */ '2;1');

FILE_NAME(
/* name */ 'Part Studio 1',
/* time_stamp */ '2026-09-24T22:52:04Z',
/* author */ (''),
/* organization */ (''),
/* preprocessor_version */ 'ST-DEVELOPER v20',
/* originating_system */ 'ONSHAPE BY PTC INC, 1.221',
/* authorisation */ '  ');

FILE_SCHEMA (('AP242_MANAGED_MODEL_BASED_3D_ENGINEERING_MIM_LF { 1 0 10303 442 3 1 4 }'));
ENDSEC;

DATA;
#10=SHAPE_REPRESENTATION_RELATIONSHIP('','',#416,#11);
#11=ADVANCED_BREP_SHAPE_REPRESENTATION('',(#414),#3883);
#12=DEGENERATE_TOROIDAL_SURFACE('',#446,0.000807652261789393,0.0119526019386377,
 .T.);
#13=DEGENERATE_TOROIDAL_SURFACE('',#456,0.00321861279760444,0.00422814561048395,
 .T.);
#14=CYLINDRICAL_SURFACE('',#444,0.0053418741277286);
#15=CYLINDRICAL_SURFACE('',#454,0.00419406375799861);
#16=CONICAL_SURFACE('',#427,0.00799217993801199,0.86143992973492);
#17=CONICAL_SURFACE('',#434,0.00708061612163272,1.25138178528602);
#18=CONICAL_SURFACE('',#438,0.00657908773933139,1.08097904971938);
#19=CONICAL_SURFACE('',#442,0.00589604003068861,1.33063823281741);
#20=CONICAL_SURFACE('',#450,0.00427217191968645,0.223900922030604);
#21=CONICAL_SURFACE('',#464,0.00626657313619342,0.998802517342979);
#22=CONICAL_SURFACE('',#467,0.00495032869984529,0.981948078670917);
#23=TOROIDAL_SURFACE('',#425,0.00839164022950868,0.000613284746011166);
#24=TOROIDAL_SURFACE('',#431,0.00741537920929003,0.000863007740248985);
#25=TOROIDAL_SURFACE('',#440,0.00532631576758883,0.00239524677640621);
#26=TOROIDAL_SURFACE('',#452,0.00701657979583918,0.00282251603784075);
#27=TOROIDAL_SURFACE('',#460,0.00467607862939811,0.00063034196861599);
#28=ORIENTED_EDGE('',*,*,#98,.T.);
#29=ORIENTED_EDGE('',*,*,#99,.F.);
#30=ORIENTED_EDGE('',*,*,#100,.F.);
#31=ORIENTED_EDGE('',*,*,#99,.T.);
#32=ORIENTED_EDGE('',*,*,#101,.F.);
#33=ORIENTED_EDGE('',*,*,#100,.T.);
#34=ORIENTED_EDGE('',*,*,#102,.F.);
#35=ORIENTED_EDGE('',*,*,#101,.T.);
#36=ORIENTED_EDGE('',*,*,#103,.F.);
#37=ORIENTED_EDGE('',*,*,#102,.T.);
#38=ORIENTED_EDGE('',*,*,#104,.F.);
#39=ORIENTED_EDGE('',*,*,#103,.T.);
#40=ORIENTED_EDGE('',*,*,#104,.T.);
#41=ORIENTED_EDGE('',*,*,#105,.F.);
#42=ORIENTED_EDGE('',*,*,#106,.F.);
#43=ORIENTED_EDGE('',*,*,#105,.T.);
#44=ORIENTED_EDGE('',*,*,#107,.F.);
#45=ORIENTED_EDGE('',*,*,#106,.T.);
#46=ORIENTED_EDGE('',*,*,#108,.F.);
#47=ORIENTED_EDGE('',*,*,#107,.T.);
#48=ORIENTED_EDGE('',*,*,#109,.F.);
#49=ORIENTED_EDGE('',*,*,#108,.T.);
#50=ORIENTED_EDGE('',*,*,#110,.F.);
#51=ORIENTED_EDGE('',*,*,#109,.T.);
#52=ORIENTED_EDGE('',*,*,#111,.F.);
#53=ORIENTED_EDGE('',*,*,#110,.T.);
#54=ORIENTED_EDGE('',*,*,#112,.F.);
#55=ORIENTED_EDGE('',*,*,#111,.T.);
#56=ORIENTED_EDGE('',*,*,#113,.F.);
#57=ORIENTED_EDGE('',*,*,#112,.T.);
#58=ORIENTED_EDGE('',*,*,#114,.F.);
#59=ORIENTED_EDGE('',*,*,#113,.T.);
#60=ORIENTED_EDGE('',*,*,#115,.F.);
#61=ORIENTED_EDGE('',*,*,#114,.T.);
#62=ORIENTED_EDGE('',*,*,#116,.F.);
#63=ORIENTED_EDGE('',*,*,#115,.T.);
#64=ORIENTED_EDGE('',*,*,#117,.F.);
#65=ORIENTED_EDGE('',*,*,#116,.T.);
#66=ORIENTED_EDGE('',*,*,#118,.F.);
#67=ORIENTED_EDGE('',*,*,#117,.T.);
#68=ORIENTED_EDGE('',*,*,#119,.F.);
#69=ORIENTED_EDGE('',*,*,#118,.T.);
#70=ORIENTED_EDGE('',*,*,#120,.F.);
#71=ORIENTED_EDGE('',*,*,#119,.T.);
#72=ORIENTED_EDGE('',*,*,#121,.F.);
#73=ORIENTED_EDGE('',*,*,#120,.T.);
#74=ORIENTED_EDGE('',*,*,#121,.T.);
#75=ORIENTED_EDGE('',*,*,#122,.F.);
#76=ORIENTED_EDGE('',*,*,#123,.F.);
#77=ORIENTED_EDGE('',*,*,#122,.T.);
#78=ORIENTED_EDGE('',*,*,#124,.F.);
#79=ORIENTED_EDGE('',*,*,#123,.T.);
#80=ORIENTED_EDGE('',*,*,#125,.F.);
#81=ORIENTED_EDGE('',*,*,#124,.T.);
#82=ORIENTED_EDGE('',*,*,#126,.F.);
#83=ORIENTED_EDGE('',*,*,#125,.T.);
#84=ORIENTED_EDGE('',*,*,#127,.F.);
#85=ORIENTED_EDGE('',*,*,#126,.T.);
#86=ORIENTED_EDGE('',*,*,#128,.F.);
#87=ORIENTED_EDGE('',*,*,#127,.T.);
#88=ORIENTED_EDGE('',*,*,#129,.F.);
#89=ORIENTED_EDGE('',*,*,#128,.T.);
#90=ORIENTED_EDGE('',*,*,#130,.F.);
#91=ORIENTED_EDGE('',*,*,#129,.T.);
#92=ORIENTED_EDGE('',*,*,#130,.T.);
#93=ORIENTED_EDGE('',*,*,#131,.F.);
#94=ORIENTED_EDGE('',*,*,#131,.T.);
#95=ORIENTED_EDGE('',*,*,#132,.F.);
#96=ORIENTED_EDGE('',*,*,#98,.F.);
#97=ORIENTED_EDGE('',*,*,#132,.T.);
#98=EDGE_CURVE('',#239,#239,#133,.T.);
#99=EDGE_CURVE('',#240,#240,#134,.T.);
#100=EDGE_CURVE('',#242,#242,#135,.T.);
#101=EDGE_CURVE('',#243,#243,#136,.T.);
#102=EDGE_CURVE('',#244,#244,#137,.T.);
#103=EDGE_CURVE('',#245,#245,#138,.T.);
#104=EDGE_CURVE('',#246,#246,#139,.T.);
#105=EDGE_CURVE('',#247,#247,#140,.T.);
#106=EDGE_CURVE('',#248,#248,#141,.T.);
#107=EDGE_CURVE('',#249,#249,#142,.T.);
#108=EDGE_CURVE('',#250,#250,#143,.T.);
#109=EDGE_CURVE('',#251,#251,#144,.T.);
#110=EDGE_CURVE('',#252,#252,#145,.T.);
#111=EDGE_CURVE('',#253,#253,#146,.T.);
#112=EDGE_CURVE('',#254,#254,#147,.T.);
#113=EDGE_CURVE('',#255,#255,#148,.T.);
#114=EDGE_CURVE('',#256,#256,#149,.T.);
#115=EDGE_CURVE('',#257,#257,#150,.T.);
#116=EDGE_CURVE('',#258,#258,#151,.T.);
#117=EDGE_CURVE('',#259,#259,#152,.T.);
#118=EDGE_CURVE('',#260,#260,#153,.T.);
#119=EDGE_CURVE('',#261,#261,#154,.T.);
#120=EDGE_CURVE('',#262,#262,#155,.T.);
#121=EDGE_CURVE('',#263,#263,#156,.T.);
#122=EDGE_CURVE('',#264,#264,#157,.T.);
#123=EDGE_CURVE('',#265,#265,#158,.T.);
#124=EDGE_CURVE('',#266,#266,#159,.T.);
#125=EDGE_CURVE('',#267,#267,#160,.T.);
#126=EDGE_CURVE('',#268,#268,#161,.T.);
#127=EDGE_CURVE('',#269,#269,#162,.T.);
#128=EDGE_CURVE('',#270,#270,#163,.T.);
#129=EDGE_CURVE('',#271,#271,#164,.T.);
#130=EDGE_CURVE('',#272,#272,#165,.T.);
#131=EDGE_CURVE('',#273,#273,#166,.T.);
#132=EDGE_CURVE('',#274,#274,#167,.T.);
#133=CIRCLE('',#418,0.00118605854873147);
#134=CIRCLE('',#419,0.0117541921040842);
#135=CIRCLE('',#420,0.0120012161037752);
#136=CIRCLE('',#421,0.0120623460972566);
#137=CIRCLE('',#422,0.0111018959411312);
#138=CIRCLE('',#423,0.0106762737682887);
#139=CIRCLE('',#424,0.00816280524238435);
#140=CIRCLE('',#426,0.00799217993801199);
#141=CIRCLE('',#428,0.00808938708994053);
#142=CIRCLE('',#429,0.00827535024796214);
#143=CIRCLE('',#430,0.00827535024796214);
#144=CIRCLE('',#432,0.00823980166528907);
#145=CIRCLE('',#433,0.00708061612163272);
#146=CIRCLE('',#435,0.00695948271964278);
#147=CIRCLE('',#436,0.00490873835001673);
#148=CIRCLE('',#437,0.00657908773933139);
#149=CIRCLE('',#439,0.00645319472277396);
#150=CIRCLE('',#441,0.00589604003068861);
#151=CIRCLE('',#443,0.0053418741277286);
#152=CIRCLE('',#445,0.0053418741277286);
#153=CIRCLE('',#447,0.0058877634891256);
#154=CIRCLE('',#448,0.0061302912177435);
#155=CIRCLE('',#449,0.00427217191968645);
#156=CIRCLE('',#451,0.00426451734417975);
#157=CIRCLE('',#453,0.00419406375799861);
#158=CIRCLE('',#455,0.00419406375799861);
#159=CIRCLE('',#457,0.00484511225436416);
#160=CIRCLE('',#458,0.005059482221944);
#161=CIRCLE('',#459,0.00419406375799861);
#162=CIRCLE('',#461,0.0041036774575644);
#163=CIRCLE('',#462,0.00655711783979621);
#164=CIRCLE('',#463,0.00626657313619342);
#165=CIRCLE('',#465,0.00587257898364749);
#166=CIRCLE('',#466,0.00500023520503726);
#167=CIRCLE('',#468,0.004950690106161);
#168=EDGE_LOOP('',(#28));
#169=EDGE_LOOP('',(#29));
#170=EDGE_LOOP('',(#30));
#171=EDGE_LOOP('',(#31));
#172=EDGE_LOOP('',(#32));
#173=EDGE_LOOP('',(#33));
#174=EDGE_LOOP('',(#34));
#175=EDGE_LOOP('',(#35));
#176=EDGE_LOOP('',(#36));
#177=EDGE_LOOP('',(#37));
#178=EDGE_LOOP('',(#38));
#179=EDGE_LOOP('',(#39));
#180=EDGE_LOOP('',(#40));
#181=EDGE_LOOP('',(#41));
#182=EDGE_LOOP('',(#42));
#183=EDGE_LOOP('',(#43));
#184=EDGE_LOOP('',(#44));
#185=EDGE_LOOP('',(#45));
#186=EDGE_LOOP('',(#46));
#187=EDGE_LOOP('',(#47));
#188=EDGE_LOOP('',(#48));
#189=EDGE_LOOP('',(#49));
#190=EDGE_LOOP('',(#50));
#191=EDGE_LOOP('',(#51));
#192=EDGE_LOOP('',(#52));
#193=EDGE_LOOP('',(#53));
#194=EDGE_LOOP('',(#54));
#195=EDGE_LOOP('',(#55));
#196=EDGE_LOOP('',(#56));
#197=EDGE_LOOP('',(#57));
#198=EDGE_LOOP('',(#58));
#199=EDGE_LOOP('',(#59));
#200=EDGE_LOOP('',(#60));
#201=EDGE_LOOP('',(#61));
#202=EDGE_LOOP('',(#62));
#203=EDGE_LOOP('',(#63));
#204=EDGE_LOOP('',(#64));
#205=EDGE_LOOP('',(#65));
#206=EDGE_LOOP('',(#66));
#207=EDGE_LOOP('',(#67));
#208=EDGE_LOOP('',(#68));
#209=EDGE_LOOP('',(#69));
#210=EDGE_LOOP('',(#70));
#211=EDGE_LOOP('',(#71));
#212=EDGE_LOOP('',(#72));
#213=EDGE_LOOP('',(#73));
#214=EDGE_LOOP('',(#74));
#215=EDGE_LOOP('',(#75));
#216=EDGE_LOOP('',(#76));
#217=EDGE_LOOP('',(#77));
#218=EDGE_LOOP('',(#78));
#219=EDGE_LOOP('',(#79));
#220=EDGE_LOOP('',(#80));
#221=EDGE_LOOP('',(#81));
#222=EDGE_LOOP('',(#82));
#223=EDGE_LOOP('',(#83));
#224=EDGE_LOOP('',(#84));
#225=EDGE_LOOP('',(#85));
#226=EDGE_LOOP('',(#86));
#227=EDGE_LOOP('',(#87));
#228=EDGE_LOOP('',(#88));
#229=EDGE_LOOP('',(#89));
#230=EDGE_LOOP('',(#90));
#231=EDGE_LOOP('',(#91));
#232=EDGE_LOOP('',(#92));
#233=EDGE_LOOP('',(#93));
#234=EDGE_LOOP('',(#94));
#235=EDGE_LOOP('',(#95));
#236=EDGE_LOOP('',(#96));
#237=EDGE_LOOP('',(#97));
#238=VERTEX_POINT('',#640);
#239=VERTEX_POINT('',#642);
#240=VERTEX_POINT('',#853);
#241=VERTEX_POINT('',#854);
#242=VERTEX_POINT('',#932);
#243=VERTEX_POINT('',#1010);
#244=VERTEX_POINT('',#1164);
#245=VERTEX_POINT('',#1261);
#246=VERTEX_POINT('',#1529);
#247=VERTEX_POINT('',#1532);
#248=VERTEX_POINT('',#1535);
#249=VERTEX_POINT('',#1613);
#250=VERTEX_POINT('',#1691);
#251=VERTEX_POINT('',#1694);
#252=VERTEX_POINT('',#1810);
#253=VERTEX_POINT('',#1813);
#254=VERTEX_POINT('',#2252);
#255=VERTEX_POINT('',#2463);
#256=VERTEX_POINT('',#2466);
#257=VERTEX_POINT('',#2469);
#258=VERTEX_POINT('',#2472);
#259=VERTEX_POINT('',#2475);
#260=VERTEX_POINT('',#2478);
#261=VERTEX_POINT('',#2613);
#262=VERTEX_POINT('',#2710);
#263=VERTEX_POINT('',#2713);
#264=VERTEX_POINT('',#2716);
#265=VERTEX_POINT('',#2719);
#266=VERTEX_POINT('',#2722);
#267=VERTEX_POINT('',#2838);
#268=VERTEX_POINT('',#2935);
#269=VERTEX_POINT('',#2938);
#270=VERTEX_POINT('',#3206);
#271=VERTEX_POINT('',#3284);
#272=VERTEX_POINT('',#3287);
#273=VERTEX_POINT('',#3422);
#274=VERTEX_POINT('',#3425);
#275=VERTEX_LOOP('',#238);
#276=VERTEX_LOOP('',#241);
#277=FACE_BOUND('',#275,.T.);
#278=FACE_BOUND('',#168,.T.);
#279=FACE_BOUND('',#169,.T.);
#280=FACE_BOUND('',#276,.T.);
#281=FACE_BOUND('',#170,.T.);
#282=FACE_BOUND('',#171,.T.);
#283=FACE_BOUND('',#172,.T.);
#284=FACE_BOUND('',#173,.T.);
#285=FACE_BOUND('',#174,.T.);
#286=FACE_BOUND('',#175,.T.);
#287=FACE_BOUND('',#176,.T.);
#288=FACE_BOUND('',#177,.T.);
#289=FACE_BOUND('',#178,.T.);
#290=FACE_BOUND('',#179,.T.);
#291=FACE_BOUND('',#180,.T.);
#292=FACE_BOUND('',#181,.T.);
#293=FACE_BOUND('',#182,.T.);
#294=FACE_BOUND('',#183,.T.);
#295=FACE_BOUND('',#184,.T.);
#296=FACE_BOUND('',#185,.T.);
#297=FACE_BOUND('',#186,.T.);
#298=FACE_BOUND('',#187,.T.);
#299=FACE_BOUND('',#188,.T.);
#300=FACE_BOUND('',#189,.T.);
#301=FACE_BOUND('',#190,.T.);
#302=FACE_BOUND('',#191,.T.);
#303=FACE_BOUND('',#192,.T.);
#304=FACE_BOUND('',#193,.T.);
#305=FACE_BOUND('',#194,.T.);
#306=FACE_BOUND('',#195,.T.);
#307=FACE_BOUND('',#196,.T.);
#308=FACE_BOUND('',#197,.T.);
#309=FACE_BOUND('',#198,.T.);
#310=FACE_BOUND('',#199,.T.);
#311=FACE_BOUND('',#200,.T.);
#312=FACE_BOUND('',#201,.T.);
#313=FACE_BOUND('',#202,.T.);
#314=FACE_BOUND('',#203,.T.);
#315=FACE_BOUND('',#204,.T.);
#316=FACE_BOUND('',#205,.T.);
#317=FACE_BOUND('',#206,.T.);
#318=FACE_BOUND('',#207,.T.);
#319=FACE_BOUND('',#208,.T.);
#320=FACE_BOUND('',#209,.T.);
#321=FACE_BOUND('',#210,.T.);
#322=FACE_BOUND('',#211,.T.);
#323=FACE_BOUND('',#212,.T.);
#324=FACE_BOUND('',#213,.T.);
#325=FACE_BOUND('',#214,.T.);
#326=FACE_BOUND('',#215,.T.);
#327=FACE_BOUND('',#216,.T.);
#328=FACE_BOUND('',#217,.T.);
#329=FACE_BOUND('',#218,.T.);
#330=FACE_BOUND('',#219,.T.);
#331=FACE_BOUND('',#220,.T.);
#332=FACE_BOUND('',#221,.T.);
#333=FACE_BOUND('',#222,.T.);
#334=FACE_BOUND('',#223,.T.);
#335=FACE_BOUND('',#224,.T.);
#336=FACE_BOUND('',#225,.T.);
#337=FACE_BOUND('',#226,.T.);
#338=FACE_BOUND('',#227,.T.);
#339=FACE_BOUND('',#228,.T.);
#340=FACE_BOUND('',#229,.T.);
#341=FACE_BOUND('',#230,.T.);
#342=FACE_BOUND('',#231,.T.);
#343=FACE_BOUND('',#232,.T.);
#344=FACE_BOUND('',#233,.T.);
#345=FACE_BOUND('',#234,.T.);
#346=FACE_BOUND('',#235,.T.);
#347=FACE_BOUND('',#236,.T.);
#348=FACE_BOUND('',#237,.T.);
#349=B_SPLINE_SURFACE_WITH_KNOTS('',3,3,((#574,#575,#576,#577,#578,#579,
#580,#581,#582,#583,#584),(#585,#586,#587,#588,#589,#590,#591,#592,#593,
#594,#595),(#596,#597,#598,#599,#600,#601,#602,#603,#604,#605,#606),(#607,
#608,#609,#610,#611,#612,#613,#614,#615,#616,#617),(#618,#619,#620,#621,
#622,#623,#624,#625,#626,#627,#628),(#629,#630,#631,#632,#633,#634,#635,
#636,#637,#638,#639)),.UNSPECIFIED.,.F.,.T.,.F.,(4,1,1,4),(1,1,1,1,1,1,
1,1,1,1,1,1,1,1,1),(0.,0.291666666666667,0.5,1.),(-2.35619449019234,-1.5707963267949,
-0.785398163397448,0.,0.785398163397448,1.5707963267949,2.35619449019234,
3.14159265358979,3.92699081698724,4.71238898038469,5.49778714378214,6.28318530717959,
7.06858347057703,7.85398163397448,8.63937979737193),.UNSPECIFIED.);
#350=B_SPLINE_SURFACE_WITH_KNOTS('',3,3,((#643,#644,#645,#646,#647,#648,
#649,#650,#651,#652,#653,#654,#655,#656,#657,#658,#659,#660,#661),(#662,
#663,#664,#665,#666,#667,#668,#669,#670,#671,#672,#673,#674,#675,#676,#677,
#678,#679,#680),(#681,#682,#683,#684,#685,#686,#687,#688,#689,#690,#691,
#692,#693,#694,#695,#696,#697,#698,#699),(#700,#701,#702,#703,#704,#705,
#706,#707,#708,#709,#710,#711,#712,#713,#714,#715,#716,#717,#718),(#719,
#720,#721,#722,#723,#724,#725,#726,#727,#728,#729,#730,#731,#732,#733,#734,
#735,#736,#737),(#738,#739,#740,#741,#742,#743,#744,#745,#746,#747,#748,
#749,#750,#751,#752,#753,#754,#755,#756),(#757,#758,#759,#760,#761,#762,
#763,#764,#765,#766,#767,#768,#769,#770,#771,#772,#773,#774,#775),(#776,
#777,#778,#779,#780,#781,#782,#783,#784,#785,#786,#787,#788,#789,#790,#791,
#792,#793,#794),(#795,#796,#797,#798,#799,#800,#801,#802,#803,#804,#805,
#806,#807,#808,#809,#810,#811,#812,#813),(#814,#815,#816,#817,#818,#819,
#820,#821,#822,#823,#824,#825,#826,#827,#828,#829,#830,#831,#832),(#833,
#834,#835,#836,#837,#838,#839,#840,#841,#842,#843,#844,#845,#846,#847,#848,
#849,#850,#851)),.UNSPECIFIED.,.F.,.T.,.F.,(4,1,1,1,1,1,1,1,4),(1,1,1,1,
1,1,1,1,1,1,1,1,1,1,1,1,1,1,1,1,1,1,1),(0.,0.25,0.375,0.5,0.625,0.729166666666667,
0.8125,0.875000000000001,1.),(-1.17809724509617,-0.785398163397448,-0.392699081698725,
0.,0.392699081698724,0.785398163397448,1.17809724509617,1.5707963267949,
1.96349540849362,2.35619449019234,2.74889357189107,3.14159265358979,3.53429173528852,
3.92699081698724,4.31968989868597,4.71238898038469,5.10508806208341,5.49778714378214,
5.89048622548086,6.28318530717959,6.67588438887831,7.06858347057703,7.46128255227576),
 .UNSPECIFIED.);
#351=B_SPLINE_SURFACE_WITH_KNOTS('',3,3,((#855,#856,#857,#858,#859,#860,
#861,#862,#863,#864,#865,#866,#867,#868,#869,#870,#871,#872,#873),(#874,
#875,#876,#877,#878,#879,#880,#881,#882,#883,#884,#885,#886,#887,#888,#889,
#890,#891,#892),(#893,#894,#895,#896,#897,#898,#899,#900,#901,#902,#903,
#904,#905,#906,#907,#908,#909,#910,#911),(#912,#913,#914,#915,#916,#917,
#918,#919,#920,#921,#922,#923,#924,#925,#926,#927,#928,#929,#930)),
 .UNSPECIFIED.,.F.,.T.,.F.,(4,4),(1,1,1,1,1,1,1,1,1,1,1,1,1,1,1,1,1,1,1,
1,1,1,1),(2.46134712011811E-16,0.0772619827910823),(-1.17809724509617,-0.785398163397448,
-0.392699081698725,0.,0.392699081698724,0.785398163397448,1.17809724509617,
1.5707963267949,1.96349540849362,2.35619449019234,2.74889357189107,3.14159265358979,
3.53429173528852,3.92699081698724,4.31968989868597,4.71238898038469,5.10508806208341,
5.49778714378214,5.89048622548086,6.28318530717959,6.67588438887831,7.06858347057703,
7.46128255227576),.UNSPECIFIED.);
#352=B_SPLINE_SURFACE_WITH_KNOTS('',3,3,((#933,#934,#935,#936,#937,#938,
#939,#940,#941,#942,#943,#944,#945,#946,#947,#948,#949,#950,#951),(#952,
#953,#954,#955,#956,#957,#958,#959,#960,#961,#962,#963,#964,#965,#966,#967,
#968,#969,#970),(#971,#972,#973,#974,#975,#976,#977,#978,#979,#980,#981,
#982,#983,#984,#985,#986,#987,#988,#989),(#990,#991,#992,#993,#994,#995,
#996,#997,#998,#999,#1000,#1001,#1002,#1003,#1004,#1005,#1006,#1007,#1008)),
 .UNSPECIFIED.,.F.,.T.,.F.,(4,4),(1,1,1,1,1,1,1,1,1,1,1,1,1,1,1,1,1,1,1,
1,1,1,1),(0.0772619827910828,0.168128436090305),(-1.17809724509617,-0.785398163397448,
-0.392699081698725,0.,0.392699081698724,0.785398163397448,1.17809724509617,
1.5707963267949,1.96349540849362,2.35619449019234,2.74889357189107,3.14159265358979,
3.53429173528852,3.92699081698724,4.31968989868597,4.71238898038469,5.10508806208341,
5.49778714378214,5.89048622548086,6.28318530717959,6.67588438887831,7.06858347057703,
7.46128255227576),.UNSPECIFIED.);
#353=B_SPLINE_SURFACE_WITH_KNOTS('',3,3,((#1011,#1012,#1013,#1014,#1015,
#1016,#1017,#1018,#1019,#1020,#1021,#1022,#1023,#1024,#1025,#1026,#1027,
#1028,#1029),(#1030,#1031,#1032,#1033,#1034,#1035,#1036,#1037,#1038,#1039,
#1040,#1041,#1042,#1043,#1044,#1045,#1046,#1047,#1048),(#1049,#1050,#1051,
#1052,#1053,#1054,#1055,#1056,#1057,#1058,#1059,#1060,#1061,#1062,#1063,
#1064,#1065,#1066,#1067),(#1068,#1069,#1070,#1071,#1072,#1073,#1074,#1075,
#1076,#1077,#1078,#1079,#1080,#1081,#1082,#1083,#1084,#1085,#1086),(#1087,
#1088,#1089,#1090,#1091,#1092,#1093,#1094,#1095,#1096,#1097,#1098,#1099,
#1100,#1101,#1102,#1103,#1104,#1105),(#1106,#1107,#1108,#1109,#1110,#1111,
#1112,#1113,#1114,#1115,#1116,#1117,#1118,#1119,#1120,#1121,#1122,#1123,
#1124),(#1125,#1126,#1127,#1128,#1129,#1130,#1131,#1132,#1133,#1134,#1135,
#1136,#1137,#1138,#1139,#1140,#1141,#1142,#1143),(#1144,#1145,#1146,#1147,
#1148,#1149,#1150,#1151,#1152,#1153,#1154,#1155,#1156,#1157,#1158,#1159,
#1160,#1161,#1162)),.UNSPECIFIED.,.F.,.T.,.F.,(4,1,1,1,1,4),(1,1,1,1,1,
1,1,1,1,1,1,1,1,1,1,1,1,1,1,1,1,1,1),(0.168128436090305,0.210848320440308,
0.235259682926023,0.259671045411739,0.277979567276026,0.3145966110046),
(-1.17809724509617,-0.785398163397448,-0.392699081698725,0.,0.392699081698724,
0.785398163397448,1.17809724509617,1.5707963267949,1.96349540849362,2.35619449019234,
2.74889357189107,3.14159265358979,3.53429173528852,3.92699081698724,4.31968989868597,
4.71238898038469,5.10508806208341,5.49778714378214,5.89048622548086,6.28318530717959,
6.67588438887831,7.06858347057703,7.46128255227576),.UNSPECIFIED.);
#354=B_SPLINE_SURFACE_WITH_KNOTS('',3,3,((#1165,#1166,#1167,#1168,#1169,
#1170,#1171,#1172,#1173,#1174,#1175,#1176,#1177,#1178,#1179,#1180,#1181,
#1182,#1183),(#1184,#1185,#1186,#1187,#1188,#1189,#1190,#1191,#1192,#1193,
#1194,#1195,#1196,#1197,#1198,#1199,#1200,#1201,#1202),(#1203,#1204,#1205,
#1206,#1207,#1208,#1209,#1210,#1211,#1212,#1213,#1214,#1215,#1216,#1217,
#1218,#1219,#1220,#1221),(#1222,#1223,#1224,#1225,#1226,#1227,#1228,#1229,
#1230,#1231,#1232,#1233,#1234,#1235,#1236,#1237,#1238,#1239,#1240),(#1241,
#1242,#1243,#1244,#1245,#1246,#1247,#1248,#1249,#1250,#1251,#1252,#1253,
#1254,#1255,#1256,#1257,#1258,#1259)),.UNSPECIFIED.,.F.,.T.,.F.,(4,1,4),
(1,1,1,1,1,1,1,1,1,1,1,1,1,1,1,1,1,1,1,1,1,1,1),(0.314596611678463,0.3530060370719,
0.391415462465336),(-1.17809724509617,-0.785398163397448,-0.392699081698725,
0.,0.392699081698724,0.785398163397448,1.17809724509617,1.5707963267949,
1.96349540849362,2.35619449019234,2.74889357189107,3.14159265358979,3.53429173528852,
3.92699081698724,4.31968989868597,4.71238898038469,5.10508806208341,5.49778714378214,
5.89048622548086,6.28318530717959,6.67588438887831,7.06858347057703,7.46128255227576),
 .UNSPECIFIED.);
#355=B_SPLINE_SURFACE_WITH_KNOTS('',3,3,((#1262,#1263,#1264,#1265,#1266,
#1267,#1268,#1269,#1270,#1271,#1272,#1273,#1274,#1275,#1276,#1277,#1278,
#1279,#1280),(#1281,#1282,#1283,#1284,#1285,#1286,#1287,#1288,#1289,#1290,
#1291,#1292,#1293,#1294,#1295,#1296,#1297,#1298,#1299),(#1300,#1301,#1302,
#1303,#1304,#1305,#1306,#1307,#1308,#1309,#1310,#1311,#1312,#1313,#1314,
#1315,#1316,#1317,#1318),(#1319,#1320,#1321,#1322,#1323,#1324,#1325,#1326,
#1327,#1328,#1329,#1330,#1331,#1332,#1333,#1334,#1335,#1336,#1337),(#1338,
#1339,#1340,#1341,#1342,#1343,#1344,#1345,#1346,#1347,#1348,#1349,#1350,
#1351,#1352,#1353,#1354,#1355,#1356),(#1357,#1358,#1359,#1360,#1361,#1362,
#1363,#1364,#1365,#1366,#1367,#1368,#1369,#1370,#1371,#1372,#1373,#1374,
#1375),(#1376,#1377,#1378,#1379,#1380,#1381,#1382,#1383,#1384,#1385,#1386,
#1387,#1388,#1389,#1390,#1391,#1392,#1393,#1394),(#1395,#1396,#1397,#1398,
#1399,#1400,#1401,#1402,#1403,#1404,#1405,#1406,#1407,#1408,#1409,#1410,
#1411,#1412,#1413),(#1414,#1415,#1416,#1417,#1418,#1419,#1420,#1421,#1422,
#1423,#1424,#1425,#1426,#1427,#1428,#1429,#1430,#1431,#1432),(#1433,#1434,
#1435,#1436,#1437,#1438,#1439,#1440,#1441,#1442,#1443,#1444,#1445,#1446,
#1447,#1448,#1449,#1450,#1451),(#1452,#1453,#1454,#1455,#1456,#1457,#1458,
#1459,#1460,#1461,#1462,#1463,#1464,#1465,#1466,#1467,#1468,#1469,#1470),
(#1471,#1472,#1473,#1474,#1475,#1476,#1477,#1478,#1479,#1480,#1481,#1482,
#1483,#1484,#1485,#1486,#1487,#1488,#1489),(#1490,#1491,#1492,#1493,#1494,
#1495,#1496,#1497,#1498,#1499,#1500,#1501,#1502,#1503,#1504,#1505,#1506,
#1507,#1508),(#1509,#1510,#1511,#1512,#1513,#1514,#1515,#1516,#1517,#1518,
#1519,#1520,#1521,#1522,#1523,#1524,#1525,#1526,#1527)),.UNSPECIFIED.,.F.,
 .T.,.F.,(4,1,1,1,1,1,1,1,1,1,1,4),(1,1,1,1,1,1,1,1,1,1,1,1,1,1,1,1,1,1,
1,1,1,1,1),(0.391415462465337,0.454449506922783,0.485966529151506,0.51748355138023,
0.549000573608953,0.580517595837676,0.612034618066399,0.654057314371363,
0.706585684752568,0.769619729210014,0.82214809959122,0.895687818124907),
(-1.17809724509617,-0.785398163397448,-0.392699081698725,0.,0.392699081698724,
0.785398163397448,1.17809724509617,1.5707963267949,1.96349540849362,2.35619449019234,
2.74889357189107,3.14159265358979,3.53429173528852,3.92699081698724,4.31968989868597,
4.71238898038469,5.10508806208341,5.49778714378214,5.89048622548086,6.28318530717959,
6.67588438887831,7.06858347057703,7.46128255227576),.UNSPECIFIED.);
#356=B_SPLINE_SURFACE_WITH_KNOTS('',3,3,((#1536,#1537,#1538,#1539,#1540,
#1541,#1542,#1543,#1544,#1545,#1546,#1547,#1548,#1549,#1550,#1551,#1552,
#1553,#1554),(#1555,#1556,#1557,#1558,#1559,#1560,#1561,#1562,#1563,#1564,
#1565,#1566,#1567,#1568,#1569,#1570,#1571,#1572,#1573),(#1574,#1575,#1576,
#1577,#1578,#1579,#1580,#1581,#1582,#1583,#1584,#1585,#1586,#1587,#1588,
#1589,#1590,#1591,#1592),(#1593,#1594,#1595,#1596,#1597,#1598,#1599,#1600,
#1601,#1602,#1603,#1604,#1605,#1606,#1607,#1608,#1609,#1610,#1611)),
 .UNSPECIFIED.,.F.,.T.,.F.,(4,4),(1,1,1,1,1,1,1,1,1,1,1,1,1,1,1,1,1,1,1,
1,1,1,1),(8.35192016717346E-14,0.999999999999999),(-1.17809724509617,-0.785398163397448,
-0.392699081698725,0.,0.392699081698724,0.785398163397448,1.17809724509617,
1.5707963267949,1.96349540849362,2.35619449019234,2.74889357189107,3.14159265358979,
3.53429173528852,3.92699081698724,4.31968989868597,4.71238898038469,5.10508806208341,
5.49778714378214,5.89048622548086,6.28318530717959,6.67588438887831,7.06858347057703,
7.46128255227576),.UNSPECIFIED.);
#357=B_SPLINE_SURFACE_WITH_KNOTS('',3,3,((#1614,#1615,#1616,#1617,#1618,
#1619,#1620,#1621,#1622,#1623,#1624,#1625,#1626,#1627,#1628,#1629,#1630,
#1631,#1632),(#1633,#1634,#1635,#1636,#1637,#1638,#1639,#1640,#1641,#1642,
#1643,#1644,#1645,#1646,#1647,#1648,#1649,#1650,#1651),(#1652,#1653,#1654,
#1655,#1656,#1657,#1658,#1659,#1660,#1661,#1662,#1663,#1664,#1665,#1666,
#1667,#1668,#1669,#1670),(#1671,#1672,#1673,#1674,#1675,#1676,#1677,#1678,
#1679,#1680,#1681,#1682,#1683,#1684,#1685,#1686,#1687,#1688,#1689)),
 .UNSPECIFIED.,.F.,.T.,.F.,(4,4),(1,1,1,1,1,1,1,1,1,1,1,1,1,1,1,1,1,1,1,
1,1,1,1),(0.,1.),(-1.17809724509617,-0.785398163397448,-0.392699081698725,
0.,0.392699081698724,0.785398163397448,1.17809724509617,1.5707963267949,
1.96349540849362,2.35619449019234,2.74889357189107,3.14159265358979,3.53429173528852,
3.92699081698724,4.31968989868597,4.71238898038469,5.10508806208341,5.49778714378214,
5.89048622548086,6.28318530717959,6.67588438887831,7.06858347057703,7.46128255227576),
 .UNSPECIFIED.);
#358=B_SPLINE_SURFACE_WITH_KNOTS('',3,3,((#1695,#1696,#1697,#1698,#1699,
#1700,#1701,#1702,#1703,#1704,#1705,#1706,#1707,#1708,#1709,#1710,#1711,
#1712,#1713),(#1714,#1715,#1716,#1717,#1718,#1719,#1720,#1721,#1722,#1723,
#1724,#1725,#1726,#1727,#1728,#1729,#1730,#1731,#1732),(#1733,#1734,#1735,
#1736,#1737,#1738,#1739,#1740,#1741,#1742,#1743,#1744,#1745,#1746,#1747,
#1748,#1749,#1750,#1751),(#1752,#1753,#1754,#1755,#1756,#1757,#1758,#1759,
#1760,#1761,#1762,#1763,#1764,#1765,#1766,#1767,#1768,#1769,#1770),(#1771,
#1772,#1773,#1774,#1775,#1776,#1777,#1778,#1779,#1780,#1781,#1782,#1783,
#1784,#1785,#1786,#1787,#1788,#1789),(#1790,#1791,#1792,#1793,#1794,#1795,
#1796,#1797,#1798,#1799,#1800,#1801,#1802,#1803,#1804,#1805,#1806,#1807,
#1808)),.UNSPECIFIED.,.F.,.T.,.F.,(4,1,1,4),(1,1,1,1,1,1,1,1,1,1,1,1,1,
1,1,1,1,1,1,1,1,1,1),(0.173967137156629,0.414893388819279,0.586983568578315,
1.),(-1.17809724509617,-0.785398163397448,-0.392699081698725,0.,0.392699081698724,
0.785398163397448,1.17809724509617,1.5707963267949,1.96349540849362,2.35619449019234,
2.74889357189107,3.14159265358979,3.53429173528852,3.92699081698724,4.31968989868597,
4.71238898038469,5.10508806208341,5.49778714378214,5.89048622548086,6.28318530717959,
6.67588438887831,7.06858347057703,7.46128255227576),.UNSPECIFIED.);
#359=B_SPLINE_SURFACE_WITH_KNOTS('',3,3,((#1814,#1815,#1816,#1817,#1818,
#1819,#1820,#1821,#1822,#1823,#1824,#1825,#1826,#1827,#1828,#1829,#1830,
#1831,#1832),(#1833,#1834,#1835,#1836,#1837,#1838,#1839,#1840,#1841,#1842,
#1843,#1844,#1845,#1846,#1847,#1848,#1849,#1850,#1851),(#1852,#1853,#1854,
#1855,#1856,#1857,#1858,#1859,#1860,#1861,#1862,#1863,#1864,#1865,#1866,
#1867,#1868,#1869,#1870),(#1871,#1872,#1873,#1874,#1875,#1876,#1877,#1878,
#1879,#1880,#1881,#1882,#1883,#1884,#1885,#1886,#1887,#1888,#1889),(#1890,
#1891,#1892,#1893,#1894,#1895,#1896,#1897,#1898,#1899,#1900,#1901,#1902,
#1903,#1904,#1905,#1906,#1907,#1908),(#1909,#1910,#1911,#1912,#1913,#1914,
#1915,#1916,#1917,#1918,#1919,#1920,#1921,#1922,#1923,#1924,#1925,#1926,
#1927),(#1928,#1929,#1930,#1931,#1932,#1933,#1934,#1935,#1936,#1937,#1938,
#1939,#1940,#1941,#1942,#1943,#1944,#1945,#1946),(#1947,#1948,#1949,#1950,
#1951,#1952,#1953,#1954,#1955,#1956,#1957,#1958,#1959,#1960,#1961,#1962,
#1963,#1964,#1965),(#1966,#1967,#1968,#1969,#1970,#1971,#1972,#1973,#1974,
#1975,#1976,#1977,#1978,#1979,#1980,#1981,#1982,#1983,#1984),(#1985,#1986,
#1987,#1988,#1989,#1990,#1991,#1992,#1993,#1994,#1995,#1996,#1997,#1998,
#1999,#2000,#2001,#2002,#2003),(#2004,#2005,#2006,#2007,#2008,#2009,#2010,
#2011,#2012,#2013,#2014,#2015,#2016,#2017,#2018,#2019,#2020,#2021,#2022),
(#2023,#2024,#2025,#2026,#2027,#2028,#2029,#2030,#2031,#2032,#2033,#2034,
#2035,#2036,#2037,#2038,#2039,#2040,#2041),(#2042,#2043,#2044,#2045,#2046,
#2047,#2048,#2049,#2050,#2051,#2052,#2053,#2054,#2055,#2056,#2057,#2058,
#2059,#2060),(#2061,#2062,#2063,#2064,#2065,#2066,#2067,#2068,#2069,#2070,
#2071,#2072,#2073,#2074,#2075,#2076,#2077,#2078,#2079),(#2080,#2081,#2082,
#2083,#2084,#2085,#2086,#2087,#2088,#2089,#2090,#2091,#2092,#2093,#2094,
#2095,#2096,#2097,#2098),(#2099,#2100,#2101,#2102,#2103,#2104,#2105,#2106,
#2107,#2108,#2109,#2110,#2111,#2112,#2113,#2114,#2115,#2116,#2117),(#2118,
#2119,#2120,#2121,#2122,#2123,#2124,#2125,#2126,#2127,#2128,#2129,#2130,
#2131,#2132,#2133,#2134,#2135,#2136),(#2137,#2138,#2139,#2140,#2141,#2142,
#2143,#2144,#2145,#2146,#2147,#2148,#2149,#2150,#2151,#2152,#2153,#2154,
#2155),(#2156,#2157,#2158,#2159,#2160,#2161,#2162,#2163,#2164,#2165,#2166,
#2167,#2168,#2169,#2170,#2171,#2172,#2173,#2174),(#2175,#2176,#2177,#2178,
#2179,#2180,#2181,#2182,#2183,#2184,#2185,#2186,#2187,#2188,#2189,#2190,
#2191,#2192,#2193),(#2194,#2195,#2196,#2197,#2198,#2199,#2200,#2201,#2202,
#2203,#2204,#2205,#2206,#2207,#2208,#2209,#2210,#2211,#2212),(#2213,#2214,
#2215,#2216,#2217,#2218,#2219,#2220,#2221,#2222,#2223,#2224,#2225,#2226,
#2227,#2228,#2229,#2230,#2231),(#2232,#2233,#2234,#2235,#2236,#2237,#2238,
#2239,#2240,#2241,#2242,#2243,#2244,#2245,#2246,#2247,#2248,#2249,#2250)),
 .UNSPECIFIED.,.F.,.T.,.F.,(4,1,1,1,1,1,1,1,1,1,1,1,1,1,1,1,1,1,1,1,4),
(1,1,1,1,1,1,1,1,1,1,1,1,1,1,1,1,1,1,1,1,1,1,1),(0.,0.0625,0.09375,0.135416666666667,
0.1875,0.239583333333333,0.28125,0.322916666666667,0.375,0.4375,0.5,0.5625,
0.625,0.677083333333333,0.71875,0.760416666666667,0.8125,0.864583333333333,
0.90625,0.9375,1.),(-1.17809724509617,-0.785398163397448,-0.392699081698725,
0.,0.392699081698724,0.785398163397448,1.17809724509617,1.5707963267949,
1.96349540849362,2.35619449019234,2.74889357189107,3.14159265358979,3.53429173528852,
3.92699081698724,4.31968989868597,4.71238898038469,5.10508806208341,5.49778714378214,
5.89048622548086,6.28318530717959,6.67588438887831,7.06858347057703,7.46128255227576),
 .UNSPECIFIED.);
#360=B_SPLINE_SURFACE_WITH_KNOTS('',3,3,((#2253,#2254,#2255,#2256,#2257,
#2258,#2259,#2260,#2261,#2262,#2263,#2264,#2265,#2266,#2267,#2268,#2269,
#2270,#2271),(#2272,#2273,#2274,#2275,#2276,#2277,#2278,#2279,#2280,#2281,
#2282,#2283,#2284,#2285,#2286,#2287,#2288,#2289,#2290),(#2291,#2292,#2293,
#2294,#2295,#2296,#2297,#2298,#2299,#2300,#2301,#2302,#2303,#2304,#2305,
#2306,#2307,#2308,#2309),(#2310,#2311,#2312,#2313,#2314,#2315,#2316,#2317,
#2318,#2319,#2320,#2321,#2322,#2323,#2324,#2325,#2326,#2327,#2328),(#2329,
#2330,#2331,#2332,#2333,#2334,#2335,#2336,#2337,#2338,#2339,#2340,#2341,
#2342,#2343,#2344,#2345,#2346,#2347),(#2348,#2349,#2350,#2351,#2352,#2353,
#2354,#2355,#2356,#2357,#2358,#2359,#2360,#2361,#2362,#2363,#2364,#2365,
#2366),(#2367,#2368,#2369,#2370,#2371,#2372,#2373,#2374,#2375,#2376,#2377,
#2378,#2379,#2380,#2381,#2382,#2383,#2384,#2385),(#2386,#2387,#2388,#2389,
#2390,#2391,#2392,#2393,#2394,#2395,#2396,#2397,#2398,#2399,#2400,#2401,
#2402,#2403,#2404),(#2405,#2406,#2407,#2408,#2409,#2410,#2411,#2412,#2413,
#2414,#2415,#2416,#2417,#2418,#2419,#2420,#2421,#2422,#2423),(#2424,#2425,
#2426,#2427,#2428,#2429,#2430,#2431,#2432,#2433,#2434,#2435,#2436,#2437,
#2438,#2439,#2440,#2441,#2442),(#2443,#2444,#2445,#2446,#2447,#2448,#2449,
#2450,#2451,#2452,#2453,#2454,#2455,#2456,#2457,#2458,#2459,#2460,#2461)),
 .UNSPECIFIED.,.F.,.T.,.F.,(4,1,1,1,1,1,1,1,4),(1,1,1,1,1,1,1,1,1,1,1,1,
1,1,1,1,1,1,1,1,1,1,1),(0.,0.25,0.375,0.5,0.625,0.729166666666667,0.8125,
0.875,1.),(-1.17809724509617,-0.785398163397448,-0.392699081698725,0.,0.392699081698724,
0.785398163397448,1.17809724509617,1.5707963267949,1.96349540849362,2.35619449019234,
2.74889357189107,3.14159265358979,3.53429173528852,3.92699081698724,4.31968989868597,
4.71238898038469,5.10508806208341,5.49778714378214,5.89048622548086,6.28318530717959,
6.67588438887831,7.06858347057703,7.46128255227576),.UNSPECIFIED.);
#361=B_SPLINE_SURFACE_WITH_KNOTS('',3,3,((#2479,#2480,#2481,#2482,#2483,
#2484,#2485,#2486,#2487,#2488,#2489,#2490,#2491,#2492,#2493,#2494,#2495,
#2496,#2497),(#2498,#2499,#2500,#2501,#2502,#2503,#2504,#2505,#2506,#2507,
#2508,#2509,#2510,#2511,#2512,#2513,#2514,#2515,#2516),(#2517,#2518,#2519,
#2520,#2521,#2522,#2523,#2524,#2525,#2526,#2527,#2528,#2529,#2530,#2531,
#2532,#2533,#2534,#2535),(#2536,#2537,#2538,#2539,#2540,#2541,#2542,#2543,
#2544,#2545,#2546,#2547,#2548,#2549,#2550,#2551,#2552,#2553,#2554),(#2555,
#2556,#2557,#2558,#2559,#2560,#2561,#2562,#2563,#2564,#2565,#2566,#2567,
#2568,#2569,#2570,#2571,#2572,#2573),(#2574,#2575,#2576,#2577,#2578,#2579,
#2580,#2581,#2582,#2583,#2584,#2585,#2586,#2587,#2588,#2589,#2590,#2591,
#2592),(#2593,#2594,#2595,#2596,#2597,#2598,#2599,#2600,#2601,#2602,#2603,
#2604,#2605,#2606,#2607,#2608,#2609,#2610,#2611)),.UNSPECIFIED.,.F.,.T.,
 .F.,(4,1,1,1,4),(1,1,1,1,1,1,1,1,1,1,1,1,1,1,1,1,1,1,1,1,1,1,1),(0.18613377069516,
0.292411877252649,0.368324810507998,0.444237743763347,0.550515850320835),
(-1.17809724509617,-0.785398163397448,-0.392699081698725,0.,0.392699081698724,
0.785398163397448,1.17809724509617,1.5707963267949,1.96349540849362,2.35619449019234,
2.74889357189107,3.14159265358979,3.53429173528852,3.92699081698724,4.31968989868597,
4.71238898038469,5.10508806208341,5.49778714378214,5.89048622548086,6.28318530717959,
6.67588438887831,7.06858347057703,7.46128255227576),.UNSPECIFIED.);
#362=B_SPLINE_SURFACE_WITH_KNOTS('',3,3,((#2614,#2615,#2616,#2617,#2618,
#2619,#2620,#2621,#2622,#2623,#2624,#2625,#2626,#2627,#2628,#2629,#2630,
#2631,#2632),(#2633,#2634,#2635,#2636,#2637,#2638,#2639,#2640,#2641,#2642,
#2643,#2644,#2645,#2646,#2647,#2648,#2649,#2650,#2651),(#2652,#2653,#2654,
#2655,#2656,#2657,#2658,#2659,#2660,#2661,#2662,#2663,#2664,#2665,#2666,
#2667,#2668,#2669,#2670),(#2671,#2672,#2673,#2674,#2675,#2676,#2677,#2678,
#2679,#2680,#2681,#2682,#2683,#2684,#2685,#2686,#2687,#2688,#2689),(#2690,
#2691,#2692,#2693,#2694,#2695,#2696,#2697,#2698,#2699,#2700,#2701,#2702,
#2703,#2704,#2705,#2706,#2707,#2708)),.UNSPECIFIED.,.F.,.T.,.F.,(4,1,4),
(1,1,1,1,1,1,1,1,1,1,1,1,1,1,1,1,1,1,1,1,1,1,1),(0.550515853550514,0.775257926775257,
0.999999999999999),(-1.17809724509617,-0.785398163397448,-0.392699081698725,
0.,0.392699081698724,0.785398163397448,1.17809724509617,1.5707963267949,
1.96349540849362,2.35619449019234,2.74889357189107,3.14159265358979,3.53429173528852,
3.92699081698724,4.31968989868597,4.71238898038469,5.10508806208341,5.49778714378214,
5.89048622548086,6.28318530717959,6.67588438887831,7.06858347057703,7.46128255227576),
 .UNSPECIFIED.);
#363=B_SPLINE_SURFACE_WITH_KNOTS('',3,3,((#2723,#2724,#2725,#2726,#2727,
#2728,#2729,#2730,#2731,#2732,#2733,#2734,#2735,#2736,#2737,#2738,#2739,
#2740,#2741),(#2742,#2743,#2744,#2745,#2746,#2747,#2748,#2749,#2750,#2751,
#2752,#2753,#2754,#2755,#2756,#2757,#2758,#2759,#2760),(#2761,#2762,#2763,
#2764,#2765,#2766,#2767,#2768,#2769,#2770,#2771,#2772,#2773,#2774,#2775,
#2776,#2777,#2778,#2779),(#2780,#2781,#2782,#2783,#2784,#2785,#2786,#2787,
#2788,#2789,#2790,#2791,#2792,#2793,#2794,#2795,#2796,#2797,#2798),(#2799,
#2800,#2801,#2802,#2803,#2804,#2805,#2806,#2807,#2808,#2809,#2810,#2811,
#2812,#2813,#2814,#2815,#2816,#2817),(#2818,#2819,#2820,#2821,#2822,#2823,
#2824,#2825,#2826,#2827,#2828,#2829,#2830,#2831,#2832,#2833,#2834,#2835,
#2836)),.UNSPECIFIED.,.F.,.T.,.F.,(4,1,1,4),(1,1,1,1,1,1,1,1,1,1,1,1,1,
1,1,1,1,1,1,1,1,1,1),(0.292115398961095,0.402071377643581,0.480611362416786,
0.669107325872476),(-1.17809724509617,-0.785398163397448,-0.392699081698725,
0.,0.392699081698724,0.785398163397448,1.17809724509617,1.5707963267949,
1.96349540849362,2.35619449019234,2.74889357189107,3.14159265358979,3.53429173528852,
3.92699081698724,4.31968989868597,4.71238898038469,5.10508806208341,5.49778714378214,
5.89048622548086,6.28318530717959,6.67588438887831,7.06858347057703,7.46128255227576),
 .UNSPECIFIED.);
#364=B_SPLINE_SURFACE_WITH_KNOTS('',3,3,((#2839,#2840,#2841,#2842,#2843,
#2844,#2845,#2846,#2847,#2848,#2849,#2850,#2851,#2852,#2853,#2854,#2855,
#2856,#2857),(#2858,#2859,#2860,#2861,#2862,#2863,#2864,#2865,#2866,#2867,
#2868,#2869,#2870,#2871,#2872,#2873,#2874,#2875,#2876),(#2877,#2878,#2879,
#2880,#2881,#2882,#2883,#2884,#2885,#2886,#2887,#2888,#2889,#2890,#2891,
#2892,#2893,#2894,#2895),(#2896,#2897,#2898,#2899,#2900,#2901,#2902,#2903,
#2904,#2905,#2906,#2907,#2908,#2909,#2910,#2911,#2912,#2913,#2914),(#2915,
#2916,#2917,#2918,#2919,#2920,#2921,#2922,#2923,#2924,#2925,#2926,#2927,
#2928,#2929,#2930,#2931,#2932,#2933)),.UNSPECIFIED.,.F.,.T.,.F.,(4,1,4),
(1,1,1,1,1,1,1,1,1,1,1,1,1,1,1,1,1,1,1,1,1,1,1),(0.669107325872477,0.834553662936238,
1.),(-1.17809724509617,-0.785398163397448,-0.392699081698725,0.,0.392699081698724,
0.785398163397448,1.17809724509617,1.5707963267949,1.96349540849362,2.35619449019234,
2.74889357189107,3.14159265358979,3.53429173528852,3.92699081698724,4.31968989868597,
4.71238898038469,5.10508806208341,5.49778714378214,5.89048622548086,6.28318530717959,
6.67588438887831,7.06858347057703,7.46128255227576),.UNSPECIFIED.);
#365=B_SPLINE_SURFACE_WITH_KNOTS('',3,3,((#2939,#2940,#2941,#2942,#2943,
#2944,#2945,#2946,#2947,#2948,#2949,#2950,#2951,#2952,#2953,#2954,#2955,
#2956,#2957),(#2958,#2959,#2960,#2961,#2962,#2963,#2964,#2965,#2966,#2967,
#2968,#2969,#2970,#2971,#2972,#2973,#2974,#2975,#2976),(#2977,#2978,#2979,
#2980,#2981,#2982,#2983,#2984,#2985,#2986,#2987,#2988,#2989,#2990,#2991,
#2992,#2993,#2994,#2995),(#2996,#2997,#2998,#2999,#3000,#3001,#3002,#3003,
#3004,#3005,#3006,#3007,#3008,#3009,#3010,#3011,#3012,#3013,#3014),(#3015,
#3016,#3017,#3018,#3019,#3020,#3021,#3022,#3023,#3024,#3025,#3026,#3027,
#3028,#3029,#3030,#3031,#3032,#3033),(#3034,#3035,#3036,#3037,#3038,#3039,
#3040,#3041,#3042,#3043,#3044,#3045,#3046,#3047,#3048,#3049,#3050,#3051,
#3052),(#3053,#3054,#3055,#3056,#3057,#3058,#3059,#3060,#3061,#3062,#3063,
#3064,#3065,#3066,#3067,#3068,#3069,#3070,#3071),(#3072,#3073,#3074,#3075,
#3076,#3077,#3078,#3079,#3080,#3081,#3082,#3083,#3084,#3085,#3086,#3087,
#3088,#3089,#3090),(#3091,#3092,#3093,#3094,#3095,#3096,#3097,#3098,#3099,
#3100,#3101,#3102,#3103,#3104,#3105,#3106,#3107,#3108,#3109),(#3110,#3111,
#3112,#3113,#3114,#3115,#3116,#3117,#3118,#3119,#3120,#3121,#3122,#3123,
#3124,#3125,#3126,#3127,#3128),(#3129,#3130,#3131,#3132,#3133,#3134,#3135,
#3136,#3137,#3138,#3139,#3140,#3141,#3142,#3143,#3144,#3145,#3146,#3147),
(#3148,#3149,#3150,#3151,#3152,#3153,#3154,#3155,#3156,#3157,#3158,#3159,
#3160,#3161,#3162,#3163,#3164,#3165,#3166),(#3167,#3168,#3169,#3170,#3171,
#3172,#3173,#3174,#3175,#3176,#3177,#3178,#3179,#3180,#3181,#3182,#3183,
#3184,#3185),(#3186,#3187,#3188,#3189,#3190,#3191,#3192,#3193,#3194,#3195,
#3196,#3197,#3198,#3199,#3200,#3201,#3202,#3203,#3204)),.UNSPECIFIED.,.F.,
 .T.,.F.,(4,1,1,1,1,1,1,1,1,1,1,4),(1,1,1,1,1,1,1,1,1,1,1,1,1,1,1,1,1,1,
1,1,1,1,1),(0.042082224770265,0.161821946673982,0.22169180762584,0.301518288894985,
0.401301390481416,0.501084492067846,0.580910973336991,0.660737454606136,
0.74056393587528,0.820390417144425,0.880260278096283,1.),(-1.17809724509617,
-0.785398163397448,-0.392699081698725,0.,0.392699081698724,0.785398163397448,
1.17809724509617,1.5707963267949,1.96349540849362,2.35619449019234,2.74889357189107,
3.14159265358979,3.53429173528852,3.92699081698724,4.31968989868597,4.71238898038469,
5.10508806208341,5.49778714378214,5.89048622548086,6.28318530717959,6.67588438887831,
7.06858347057703,7.46128255227576),.UNSPECIFIED.);
#366=B_SPLINE_SURFACE_WITH_KNOTS('',3,3,((#3207,#3208,#3209,#3210,#3211,
#3212,#3213,#3214,#3215,#3216,#3217,#3218,#3219,#3220,#3221,#3222,#3223,
#3224,#3225),(#3226,#3227,#3228,#3229,#3230,#3231,#3232,#3233,#3234,#3235,
#3236,#3237,#3238,#3239,#3240,#3241,#3242,#3243,#3244),(#3245,#3246,#3247,
#3248,#3249,#3250,#3251,#3252,#3253,#3254,#3255,#3256,#3257,#3258,#3259,
#3260,#3261,#3262,#3263),(#3264,#3265,#3266,#3267,#3268,#3269,#3270,#3271,
#3272,#3273,#3274,#3275,#3276,#3277,#3278,#3279,#3280,#3281,#3282)),
 .UNSPECIFIED.,.F.,.T.,.F.,(4,4),(1,1,1,1,1,1,1,1,1,1,1,1,1,1,1,1,1,1,1,
1,1,1,1),(0.,1.),(-1.17809724509617,-0.785398163397448,-0.392699081698725,
0.,0.392699081698724,0.785398163397448,1.17809724509617,1.5707963267949,
1.96349540849362,2.35619449019234,2.74889357189107,3.14159265358979,3.53429173528852,
3.92699081698724,4.31968989868597,4.71238898038469,5.10508806208341,5.49778714378214,
5.89048622548086,6.28318530717959,6.67588438887831,7.06858347057703,7.46128255227576),
 .UNSPECIFIED.);
#367=B_SPLINE_SURFACE_WITH_KNOTS('',3,3,((#3288,#3289,#3290,#3291,#3292,
#3293,#3294,#3295,#3296,#3297,#3298,#3299,#3300,#3301,#3302,#3303,#3304,
#3305,#3306),(#3307,#3308,#3309,#3310,#3311,#3312,#3313,#3314,#3315,#3316,
#3317,#3318,#3319,#3320,#3321,#3322,#3323,#3324,#3325),(#3326,#3327,#3328,
#3329,#3330,#3331,#3332,#3333,#3334,#3335,#3336,#3337,#3338,#3339,#3340,
#3341,#3342,#3343,#3344),(#3345,#3346,#3347,#3348,#3349,#3350,#3351,#3352,
#3353,#3354,#3355,#3356,#3357,#3358,#3359,#3360,#3361,#3362,#3363),(#3364,
#3365,#3366,#3367,#3368,#3369,#3370,#3371,#3372,#3373,#3374,#3375,#3376,
#3377,#3378,#3379,#3380,#3381,#3382),(#3383,#3384,#3385,#3386,#3387,#3388,
#3389,#3390,#3391,#3392,#3393,#3394,#3395,#3396,#3397,#3398,#3399,#3400,
#3401),(#3402,#3403,#3404,#3405,#3406,#3407,#3408,#3409,#3410,#3411,#3412,
#3413,#3414,#3415,#3416,#3417,#3418,#3419,#3420)),.UNSPECIFIED.,.F.,.T.,
 .F.,(4,1,1,1,4),(1,1,1,1,1,1,1,1,1,1,1,1,1,1,1,1,1,1,1,1,1,1,1),(0.260975980833418,
0.599695322951434,0.722865992812531,0.815243995208354,1.),(-1.17809724509617,
-0.785398163397448,-0.392699081698725,0.,0.392699081698724,0.785398163397448,
1.17809724509617,1.5707963267949,1.96349540849362,2.35619449019234,2.74889357189107,
3.14159265358979,3.53429173528852,3.92699081698724,4.31968989868597,4.71238898038469,
5.10508806208341,5.49778714378214,5.89048622548086,6.28318530717959,6.67588438887831,
7.06858347057703,7.46128255227576),.UNSPECIFIED.);
#368=B_SPLINE_SURFACE_WITH_KNOTS('',3,3,((#3426,#3427,#3428,#3429,#3430,
#3431,#3432,#3433,#3434,#3435,#3436,#3437,#3438,#3439,#3440,#3441,#3442,
#3443,#3444),(#3445,#3446,#3447,#3448,#3449,#3450,#3451,#3452,#3453,#3454,
#3455,#3456,#3457,#3458,#3459,#3460,#3461,#3462,#3463),(#3464,#3465,#3466,
#3467,#3468,#3469,#3470,#3471,#3472,#3473,#3474,#3475,#3476,#3477,#3478,
#3479,#3480,#3481,#3482),(#3483,#3484,#3485,#3486,#3487,#3488,#3489,#3490,
#3491,#3492,#3493,#3494,#3495,#3496,#3497,#3498,#3499,#3500,#3501),(#3502,
#3503,#3504,#3505,#3506,#3507,#3508,#3509,#3510,#3511,#3512,#3513,#3514,
#3515,#3516,#3517,#3518,#3519,#3520),(#3521,#3522,#3523,#3524,#3525,#3526,
#3527,#3528,#3529,#3530,#3531,#3532,#3533,#3534,#3535,#3536,#3537,#3538,
#3539),(#3540,#3541,#3542,#3543,#3544,#3545,#3546,#3547,#3548,#3549,#3550,
#3551,#3552,#3553,#3554,#3555,#3556,#3557,#3558),(#3559,#3560,#3561,#3562,
#3563,#3564,#3565,#3566,#3567,#3568,#3569,#3570,#3571,#3572,#3573,#3574,
#3575,#3576,#3577),(#3578,#3579,#3580,#3581,#3582,#3583,#3584,#3585,#3586,
#3587,#3588,#3589,#3590,#3591,#3592,#3593,#3594,#3595,#3596),(#3597,#3598,
#3599,#3600,#3601,#3602,#3603,#3604,#3605,#3606,#3607,#3608,#3609,#3610,
#3611,#3612,#3613,#3614,#3615),(#3616,#3617,#3618,#3619,#3620,#3621,#3622,
#3623,#3624,#3625,#3626,#3627,#3628,#3629,#3630,#3631,#3632,#3633,#3634),
(#3635,#3636,#3637,#3638,#3639,#3640,#3641,#3642,#3643,#3644,#3645,#3646,
#3647,#3648,#3649,#3650,#3651,#3652,#3653),(#3654,#3655,#3656,#3657,#3658,
#3659,#3660,#3661,#3662,#3663,#3664,#3665,#3666,#3667,#3668,#3669,#3670,
#3671,#3672),(#3673,#3674,#3675,#3676,#3677,#3678,#3679,#3680,#3681,#3682,
#3683,#3684,#3685,#3686,#3687,#3688,#3689,#3690,#3691),(#3692,#3693,#3694,
#3695,#3696,#3697,#3698,#3699,#3700,#3701,#3702,#3703,#3704,#3705,#3706,
#3707,#3708,#3709,#3710),(#3711,#3712,#3713,#3714,#3715,#3716,#3717,#3718,
#3719,#3720,#3721,#3722,#3723,#3724,#3725,#3726,#3727,#3728,#3729),(#3730,
#3731,#3732,#3733,#3734,#3735,#3736,#3737,#3738,#3739,#3740,#3741,#3742,
#3743,#3744,#3745,#3746,#3747,#3748),(#3749,#3750,#3751,#3752,#3753,#3754,
#3755,#3756,#3757,#3758,#3759,#3760,#3761,#3762,#3763,#3764,#3765,#3766,
#3767),(#3768,#3769,#3770,#3771,#3772,#3773,#3774,#3775,#3776,#3777,#3778,
#3779,#3780,#3781,#3782,#3783,#3784,#3785,#3786),(#3787,#3788,#3789,#3790,
#3791,#3792,#3793,#3794,#3795,#3796,#3797,#3798,#3799,#3800,#3801,#3802,
#3803,#3804,#3805),(#3806,#3807,#3808,#3809,#3810,#3811,#3812,#3813,#3814,
#3815,#3816,#3817,#3818,#3819,#3820,#3821,#3822,#3823,#3824),(#3825,#3826,
#3827,#3828,#3829,#3830,#3831,#3832,#3833,#3834,#3835,#3836,#3837,#3838,
#3839,#3840,#3841,#3842,#3843),(#3844,#3845,#3846,#3847,#3848,#3849,#3850,
#3851,#3852,#3853,#3854,#3855,#3856,#3857,#3858,#3859,#3860,#3861,#3862),
(#3863,#3864,#3865,#3866,#3867,#3868,#3869,#3870,#3871,#3872,#3873,#3874,
#3875,#3876,#3877,#3878,#3879,#3880,#3881)),.UNSPECIFIED.,.F.,.T.,.F.,(4,
1,1,1,1,1,1,1,1,1,1,1,1,1,1,1,1,1,1,1,1,4),(1,1,1,1,1,1,1,1,1,1,1,1,1,1,
1,1,1,1,1,1,1,1,1),(1.69125004405657E-10,0.0625000001585547,0.0937500001532695,
0.125000000147984,0.156250000142699,0.197916666802319,0.250000000126844,
0.312500000116273,0.375000000105703,0.437500000095133,0.500000000084562,
0.552083333409087,0.593750000068707,0.625000000063422,0.656250000058137,
0.687500000052852,0.718750000047566,0.750000000042281,0.781250000036996,
0.822916666696616,0.875000000021141,1.),(-1.17809724509617,-0.785398163397448,
-0.392699081698725,0.,0.392699081698724,0.785398163397448,1.17809724509617,
1.5707963267949,1.96349540849362,2.35619449019234,2.74889357189107,3.14159265358979,
3.53429173528852,3.92699081698724,4.31968989868597,4.71238898038469,5.10508806208341,
5.49778714378214,5.89048622548086,6.28318530717959,6.67588438887831,7.06858347057703,
7.46128255227576),.UNSPECIFIED.);
#369=ADVANCED_FACE('',(#277,#278),#349,.F.);
#370=ADVANCED_FACE('',(#279,#280),#350,.F.);
#371=ADVANCED_FACE('',(#281,#282),#351,.F.);
#372=ADVANCED_FACE('',(#283,#284),#352,.F.);
#373=ADVANCED_FACE('',(#285,#286),#353,.F.);
#374=ADVANCED_FACE('',(#287,#288),#354,.F.);
#375=ADVANCED_FACE('',(#289,#290),#355,.F.);
#376=ADVANCED_FACE('',(#291,#292),#23,.F.);
#377=ADVANCED_FACE('',(#293,#294),#16,.T.);
#378=ADVANCED_FACE('',(#295,#296),#356,.F.);
#379=ADVANCED_FACE('',(#297,#298),#357,.F.);
#380=ADVANCED_FACE('',(#299,#300),#24,.T.);
#381=ADVANCED_FACE('',(#301,#302),#358,.F.);
#382=ADVANCED_FACE('',(#303,#304),#17,.T.);
#383=ADVANCED_FACE('',(#305,#306),#359,.F.);
#384=ADVANCED_FACE('',(#307,#308),#360,.F.);
#385=ADVANCED_FACE('',(#309,#310),#18,.T.);
#386=ADVANCED_FACE('',(#311,#312),#25,.T.);
#387=ADVANCED_FACE('',(#313,#314),#19,.T.);
#388=ADVANCED_FACE('',(#315,#316),#14,.T.);
#389=ADVANCED_FACE('',(#317,#318),#12,.T.);
#390=ADVANCED_FACE('',(#319,#320),#361,.F.);
#391=ADVANCED_FACE('',(#321,#322),#362,.F.);
#392=ADVANCED_FACE('',(#323,#324),#20,.T.);
#393=ADVANCED_FACE('',(#325,#326),#26,.F.);
#394=ADVANCED_FACE('',(#327,#328),#15,.T.);
#395=ADVANCED_FACE('',(#329,#330),#13,.T.);
#396=ADVANCED_FACE('',(#331,#332),#363,.F.);
#397=ADVANCED_FACE('',(#333,#334),#364,.F.);
#398=ADVANCED_FACE('',(#335,#336),#27,.F.);
#399=ADVANCED_FACE('',(#337,#338),#365,.F.);
#400=ADVANCED_FACE('',(#339,#340),#366,.F.);
#401=ADVANCED_FACE('',(#341,#342),#21,.F.);
#402=ADVANCED_FACE('',(#343,#344),#367,.T.);
#403=ADVANCED_FACE('',(#345,#346),#22,.F.);
#404=ADVANCED_FACE('',(#347,#348),#368,.F.);
#405=CLOSED_SHELL('',(#369,#370,#371,#372,#373,#374,#375,#376,#377,#378,
#379,#380,#381,#382,#383,#384,#385,#386,#387,#388,#389,#390,#391,#392,#393,
#394,#395,#396,#397,#398,#399,#400,#401,#402,#403,#404));
#406=STYLED_ITEM('',(#407),#414);
#407=PRESENTATION_STYLE_ASSIGNMENT((#408));
#408=SURFACE_STYLE_USAGE(.BOTH.,#409);
#409=SURFACE_SIDE_STYLE('',(#410));
#410=SURFACE_STYLE_FILL_AREA(#411);
#411=FILL_AREA_STYLE('',(#412));
#412=FILL_AREA_STYLE_COLOUR('',#413);
#413=COLOUR_RGB('',0.615686274509804,0.811764705882353,0.929411764705882);
#414=MANIFOLD_SOLID_BREP('Queen Piece',#405);
#415=SHAPE_DEFINITION_REPRESENTATION(#3888,#416);
#416=SHAPE_REPRESENTATION('Queen Piece',(#417),#3883);
#417=AXIS2_PLACEMENT_3D('',#573,#469,#470);
#418=AXIS2_PLACEMENT_3D('',#641,#471,#472);
#419=AXIS2_PLACEMENT_3D('',#852,#473,#474);
#420=AXIS2_PLACEMENT_3D('',#931,#475,#476);
#421=AXIS2_PLACEMENT_3D('',#1009,#477,#478);
#422=AXIS2_PLACEMENT_3D('',#1163,#479,#480);
#423=AXIS2_PLACEMENT_3D('',#1260,#481,#482);
#424=AXIS2_PLACEMENT_3D('',#1528,#483,#484);
#425=AXIS2_PLACEMENT_3D('',#1530,#485,#486);
#426=AXIS2_PLACEMENT_3D('',#1531,#487,#488);
#427=AXIS2_PLACEMENT_3D('',#1533,#489,#490);
#428=AXIS2_PLACEMENT_3D('',#1534,#491,#492);
#429=AXIS2_PLACEMENT_3D('',#1612,#493,#494);
#430=AXIS2_PLACEMENT_3D('',#1690,#495,#496);
#431=AXIS2_PLACEMENT_3D('',#1692,#497,#498);
#432=AXIS2_PLACEMENT_3D('',#1693,#499,#500);
#433=AXIS2_PLACEMENT_3D('',#1809,#501,#502);
#434=AXIS2_PLACEMENT_3D('',#1811,#503,#504);
#435=AXIS2_PLACEMENT_3D('',#1812,#505,#506);
#436=AXIS2_PLACEMENT_3D('',#2251,#507,#508);
#437=AXIS2_PLACEMENT_3D('',#2462,#509,#510);
#438=AXIS2_PLACEMENT_3D('',#2464,#511,#512);
#439=AXIS2_PLACEMENT_3D('',#2465,#513,#514);
#440=AXIS2_PLACEMENT_3D('',#2467,#515,#516);
#441=AXIS2_PLACEMENT_3D('',#2468,#517,#518);
#442=AXIS2_PLACEMENT_3D('',#2470,#519,#520);
#443=AXIS2_PLACEMENT_3D('',#2471,#521,#522);
#444=AXIS2_PLACEMENT_3D('',#2473,#523,#524);
#445=AXIS2_PLACEMENT_3D('',#2474,#525,#526);
#446=AXIS2_PLACEMENT_3D('',#2476,#527,#528);
#447=AXIS2_PLACEMENT_3D('',#2477,#529,#530);
#448=AXIS2_PLACEMENT_3D('',#2612,#531,#532);
#449=AXIS2_PLACEMENT_3D('',#2709,#533,#534);
#450=AXIS2_PLACEMENT_3D('',#2711,#535,#536);
#451=AXIS2_PLACEMENT_3D('',#2712,#537,#538);
#452=AXIS2_PLACEMENT_3D('',#2714,#539,#540);
#453=AXIS2_PLACEMENT_3D('',#2715,#541,#542);
#454=AXIS2_PLACEMENT_3D('',#2717,#543,#544);
#455=AXIS2_PLACEMENT_3D('',#2718,#545,#546);
#456=AXIS2_PLACEMENT_3D('',#2720,#547,#548);
#457=AXIS2_PLACEMENT_3D('',#2721,#549,#550);
#458=AXIS2_PLACEMENT_3D('',#2837,#551,#552);
#459=AXIS2_PLACEMENT_3D('',#2934,#553,#554);
#460=AXIS2_PLACEMENT_3D('',#2936,#555,#556);
#461=AXIS2_PLACEMENT_3D('',#2937,#557,#558);
#462=AXIS2_PLACEMENT_3D('',#3205,#559,#560);
#463=AXIS2_PLACEMENT_3D('',#3283,#561,#562);
#464=AXIS2_PLACEMENT_3D('',#3285,#563,#564);
#465=AXIS2_PLACEMENT_3D('',#3286,#565,#566);
#466=AXIS2_PLACEMENT_3D('',#3421,#567,#568);
#467=AXIS2_PLACEMENT_3D('',#3423,#569,#570);
#468=AXIS2_PLACEMENT_3D('',#3424,#571,#572);
#469=DIRECTION('',(0.,0.,1.));
#470=DIRECTION('',(1.,0.,0.));
#471=DIRECTION('',(0.,0.,1.));
#472=DIRECTION('',(1.,0.,0.));
#473=DIRECTION('',(0.,0.,1.));
#474=DIRECTION('',(1.,0.,0.));
#475=DIRECTION('',(0.,0.,1.));
#476=DIRECTION('',(1.,0.,0.));
#477=DIRECTION('',(0.,0.,1.));
#478=DIRECTION('',(1.,0.,0.));
#479=DIRECTION('',(0.,0.,1.));
#480=DIRECTION('',(1.,0.,0.));
#481=DIRECTION('',(0.,0.,1.));
#482=DIRECTION('',(1.,0.,0.));
#483=DIRECTION('',(0.,0.,1.));
#484=DIRECTION('',(1.,0.,0.));
#485=DIRECTION('',(0.,0.,1.));
#486=DIRECTION('',(1.,0.,0.));
#487=DIRECTION('',(0.,0.,1.));
#488=DIRECTION('',(1.,0.,0.));
#489=DIRECTION('',(0.,0.,1.));
#490=DIRECTION('',(1.,0.,0.));
#491=DIRECTION('',(0.,0.,1.));
#492=DIRECTION('',(1.,0.,0.));
#493=DIRECTION('',(0.,0.,1.));
#494=DIRECTION('',(1.,0.,0.));
#495=DIRECTION('',(0.,0.,1.));
#496=DIRECTION('',(1.,0.,0.));
#497=DIRECTION('',(0.,0.,1.));
#498=DIRECTION('',(1.,0.,0.));
#499=DIRECTION('',(0.,0.,1.));
#500=DIRECTION('',(1.,0.,0.));
#501=DIRECTION('',(0.,0.,1.));
#502=DIRECTION('',(1.,0.,0.));
#503=DIRECTION('',(0.,0.,-1.));
#504=DIRECTION('',(-1.,0.,0.));
#505=DIRECTION('',(0.,0.,1.));
#506=DIRECTION('',(1.,0.,0.));
#507=DIRECTION('',(0.,0.,1.));
#508=DIRECTION('',(1.,0.,0.));
#509=DIRECTION('',(0.,0.,1.));
#510=DIRECTION('',(1.,0.,0.));
#511=DIRECTION('',(0.,0.,-1.));
#512=DIRECTION('',(-1.,0.,0.));
#513=DIRECTION('',(0.,0.,1.));
#514=DIRECTION('',(1.,0.,0.));
#515=DIRECTION('',(0.,0.,1.));
#516=DIRECTION('',(1.,0.,0.));
#517=DIRECTION('',(0.,0.,1.));
#518=DIRECTION('',(1.,0.,0.));
#519=DIRECTION('',(0.,0.,-1.));
#520=DIRECTION('',(-1.,0.,0.));
#521=DIRECTION('',(0.,0.,1.));
#522=DIRECTION('',(1.,0.,0.));
#523=DIRECTION('',(0.,0.,1.));
#524=DIRECTION('',(1.,0.,0.));
#525=DIRECTION('',(0.,0.,1.));
#526=DIRECTION('',(1.,0.,0.));
#527=DIRECTION('',(0.,0.,1.));
#528=DIRECTION('',(1.,0.,0.));
#529=DIRECTION('',(0.,0.,1.));
#530=DIRECTION('',(1.,0.,0.));
#531=DIRECTION('',(0.,0.,1.));
#532=DIRECTION('',(1.,0.,0.));
#533=DIRECTION('',(0.,0.,1.));
#534=DIRECTION('',(1.,0.,0.));
#535=DIRECTION('',(0.,0.,-1.));
#536=DIRECTION('',(-1.,0.,0.));
#537=DIRECTION('',(0.,0.,1.));
#538=DIRECTION('',(1.,0.,0.));
#539=DIRECTION('',(0.,0.,1.));
#540=DIRECTION('',(1.,0.,0.));
#541=DIRECTION('',(0.,0.,1.));
#542=DIRECTION('',(1.,0.,0.));
#543=DIRECTION('',(0.,0.,1.));
#544=DIRECTION('',(1.,0.,0.));
#545=DIRECTION('',(0.,0.,1.));
#546=DIRECTION('',(1.,0.,0.));
#547=DIRECTION('',(0.,0.,1.));
#548=DIRECTION('',(1.,0.,0.));
#549=DIRECTION('',(0.,0.,1.));
#550=DIRECTION('',(1.,0.,0.));
#551=DIRECTION('',(0.,0.,1.));
#552=DIRECTION('',(1.,0.,0.));
#553=DIRECTION('',(0.,0.,1.));
#554=DIRECTION('',(1.,0.,0.));
#555=DIRECTION('',(0.,0.,1.));
#556=DIRECTION('',(1.,0.,0.));
#557=DIRECTION('',(0.,0.,1.));
#558=DIRECTION('',(1.,0.,0.));
#559=DIRECTION('',(0.,0.,1.));
#560=DIRECTION('',(1.,0.,0.));
#561=DIRECTION('',(0.,0.,1.));
#562=DIRECTION('',(1.,0.,0.));
#563=DIRECTION('',(0.,0.,1.));
#564=DIRECTION('',(1.,0.,0.));
#565=DIRECTION('',(0.,0.,1.));
#566=DIRECTION('',(1.,0.,0.));
#567=DIRECTION('',(0.,0.,1.));
#568=DIRECTION('',(1.,0.,0.));
#569=DIRECTION('',(0.,0.,1.));
#570=DIRECTION('',(1.,0.,0.));
#571=DIRECTION('',(0.,0.,1.));
#572=DIRECTION('',(1.,0.,0.));
#573=CARTESIAN_POINT('',(0.,0.,0.));
#574=CARTESIAN_POINT('',(0.0150468199808733,-0.000929409266587617,0.0585385002195835));
#575=CARTESIAN_POINT('',(0.0154317939040891,-2.16840434497101E-19,0.0585385002195835));
#576=CARTESIAN_POINT('',(0.0150468199808733,0.000929409266587618,0.0585385002195835));
#577=CARTESIAN_POINT('',(0.0141174107142857,0.00131438318980344,0.0585385002195835));
#578=CARTESIAN_POINT('',(0.0131880014476981,0.000929409266587618,0.0585385002195835));
#579=CARTESIAN_POINT('',(0.0128030275244823,1.24937359720009E-19,0.0585385002195835));
#580=CARTESIAN_POINT('',(0.0131880014476981,-0.000929409266587618,0.0585385002195835));
#581=CARTESIAN_POINT('',(0.0141174107142857,-0.00131438318980344,0.0585385002195835));
#582=CARTESIAN_POINT('',(0.0150468199808733,-0.000929409266587617,0.0585385002195835));
#583=CARTESIAN_POINT('',(0.0154317939040891,-2.16840434497101E-19,0.0585385002195835));
#584=CARTESIAN_POINT('',(0.0150468199808733,0.000929409266587618,0.0585385002195835));
#585=CARTESIAN_POINT('',(0.0150012738194186,-0.000883863105132863,0.0586298656014117));
#586=CARTESIAN_POINT('',(0.0153673819048458,-1.62630325872826E-19,0.0586298656014117));
#587=CARTESIAN_POINT('',(0.0150012738194186,0.000883863105132863,0.0586298656014117));
#588=CARTESIAN_POINT('',(0.0141174107142857,0.00124997119056009,0.0586298656014117));
#589=CARTESIAN_POINT('',(0.0132335476091528,0.000883863105132863,0.0586298656014117));
#590=CARTESIAN_POINT('',(0.0128674395237256,2.31663511074051E-19,0.0586298656014117));
#591=CARTESIAN_POINT('',(0.0132335476091528,-0.000883863105132863,0.0586298656014117));
#592=CARTESIAN_POINT('',(0.0141174107142857,-0.00124997119056009,0.0586298656014117));
#593=CARTESIAN_POINT('',(0.0150012738194186,-0.000883863105132863,0.0586298656014117));
#594=CARTESIAN_POINT('',(0.0153673819048458,-1.62630325872826E-19,0.0586298656014117));
#595=CARTESIAN_POINT('',(0.0150012738194186,0.000883863105132863,0.0586298656014117));
#596=CARTESIAN_POINT('',(0.0148655213296595,-0.000748110615373747,0.0587323786949546));
#597=CARTESIAN_POINT('',(0.0151753988927025,-2.71050543121376E-19,0.0587323786949546));
#598=CARTESIAN_POINT('',(0.0148655213296595,0.000748110615373748,0.0587323786949546));
#599=CARTESIAN_POINT('',(0.0141174107142857,0.00105798817841684,0.0587323786949546));
#600=CARTESIAN_POINT('',(0.013369300098912,0.000748110615373748,0.0587323786949546));
#601=CARTESIAN_POINT('',(0.0130594225358689,1.21760986167806E-19,0.0587323786949546));
#602=CARTESIAN_POINT('',(0.013369300098912,-0.000748110615373748,0.0587323786949546));
#603=CARTESIAN_POINT('',(0.0141174107142857,-0.00105798817841684,0.0587323786949546));
#604=CARTESIAN_POINT('',(0.0148655213296595,-0.000748110615373747,0.0587323786949546));
#605=CARTESIAN_POINT('',(0.0151753988927025,-2.71050543121376E-19,0.0587323786949546));
#606=CARTESIAN_POINT('',(0.0148655213296595,0.000748110615373748,0.0587323786949546));
#607=CARTESIAN_POINT('',(0.0145483635348335,-0.000430952820547823,0.0589450586692923));
#608=CARTESIAN_POINT('',(0.0147268700378474,-8.80914265144472E-20,0.0589450586692923));
#609=CARTESIAN_POINT('',(0.0145483635348335,0.000430952820547823,0.0589450586692923));
#610=CARTESIAN_POINT('',(0.0141174107142857,0.000609459323561671,0.0589450586692923));
#611=CARTESIAN_POINT('',(0.0136864578937379,0.000430952820547823,0.0589450586692923));
#612=CARTESIAN_POINT('',(0.013507951390724,9.32795033163798E-20,0.0589450586692923));
#613=CARTESIAN_POINT('',(0.0136864578937379,-0.000430952820547823,0.0589450586692923));
#614=CARTESIAN_POINT('',(0.0141174107142857,-0.000609459323561671,0.0589450586692923));
#615=CARTESIAN_POINT('',(0.0145483635348335,-0.000430952820547823,0.0589450586692923));
#616=CARTESIAN_POINT('',(0.0147268700378474,-8.80914265144472E-20,0.0589450586692923));
#617=CARTESIAN_POINT('',(0.0145483635348335,0.000430952820547823,0.0589450586692923));
#618=CARTESIAN_POINT('',(0.0142894496411705,-0.000172038926884782,0.0589640771957283));
#619=CARTESIAN_POINT('',(0.0143607104979423,-4.74338450462408E-20,0.0589640771957283));
#620=CARTESIAN_POINT('',(0.0142894496411705,0.000172038926884783,0.0589640771957283));
#621=CARTESIAN_POINT('',(0.0141174107142857,0.000243299783656573,0.0589640771957283));
#622=CARTESIAN_POINT('',(0.0139453717874009,0.000172038926884783,0.0589640771957283));
#623=CARTESIAN_POINT('',(0.0138741109306291,4.82808779934951E-20,0.0589640771957283));
#624=CARTESIAN_POINT('',(0.0139453717874009,-0.000172038926884783,0.0589640771957283));
#625=CARTESIAN_POINT('',(0.0141174107142857,-0.000243299783656573,0.0589640771957283));
#626=CARTESIAN_POINT('',(0.0142894496411705,-0.000172038926884782,0.0589640771957283));
#627=CARTESIAN_POINT('',(0.0143607104979423,-4.74338450462408E-20,0.0589640771957283));
#628=CARTESIAN_POINT('',(0.0142894496411705,0.000172038926884783,0.0589640771957283));
#629=CARTESIAN_POINT('',(0.0141174107142857,0.,0.0589570067822933));
#630=CARTESIAN_POINT('',(0.0141174107142857,0.,0.0589570067822933));
#631=CARTESIAN_POINT('',(0.0141174107142857,0.,0.0589570067822933));
#632=CARTESIAN_POINT('',(0.0141174107142857,0.,0.0589570067822933));
#633=CARTESIAN_POINT('',(0.0141174107142857,0.,0.0589570067822933));
#634=CARTESIAN_POINT('',(0.0141174107142857,0.,0.0589570067822933));
#635=CARTESIAN_POINT('',(0.0141174107142857,0.,0.0589570067822933));
#636=CARTESIAN_POINT('',(0.0141174107142857,0.,0.0589570067822933));
#637=CARTESIAN_POINT('',(0.0141174107142857,0.,0.0589570067822933));
#638=CARTESIAN_POINT('',(0.0141174107142857,0.,0.0589570067822933));
#639=CARTESIAN_POINT('',(0.0141174107142857,0.,0.0589570067822933));
#640=CARTESIAN_POINT('',(0.0141174107142857,0.,0.0589570067822933));
#641=CARTESIAN_POINT('',(0.0141174107142857,0.,0.0585385002195835));
#642=CARTESIAN_POINT('',(0.0153034692630172,0.,0.0585385002195835));
#643=CARTESIAN_POINT('',(0.0141174107142857,-7.49245910377525E-18,0.00454611657187343));
#644=CARTESIAN_POINT('',(0.0141174107142857,-1.44444745829043E-32,0.00454611657187343));
#645=CARTESIAN_POINT('',(0.0141174107142857,7.49245910377529E-18,0.00454611657187343));
#646=CARTESIAN_POINT('',(0.0141174107142857,1.38442592283117E-17,0.00454611657187343));
#647=CARTESIAN_POINT('',(0.0141174107142857,1.80883963838601E-17,0.00454611657187343));
#648=CARTESIAN_POINT('',(0.0141174107142857,1.95787391616873E-17,0.00454611657187343));
#649=CARTESIAN_POINT('',(0.0141174107142857,1.80883963838601E-17,0.00454611657187343));
#650=CARTESIAN_POINT('',(0.0141174107142857,1.38442592283117E-17,0.00454611657187343));
#651=CARTESIAN_POINT('',(0.0141174107142857,7.49245910377529E-18,0.00454611657187343));
#652=CARTESIAN_POINT('',(0.0141174107142857,4.03041748066438E-33,0.00454611657187343));
#653=CARTESIAN_POINT('',(0.0141174107142857,-7.49245910377529E-18,0.00454611657187343));
#654=CARTESIAN_POINT('',(0.0141174107142857,-1.38442592283117E-17,0.00454611657187343));
#655=CARTESIAN_POINT('',(0.0141174107142857,-1.80883963838601E-17,0.00454611657187343));
#656=CARTESIAN_POINT('',(0.0141174107142857,-1.95787391616873E-17,0.00454611657187343));
#657=CARTESIAN_POINT('',(0.0141174107142857,-1.80883963838601E-17,0.00454611657187343));
#658=CARTESIAN_POINT('',(0.0141174107142857,-1.38442592283117E-17,0.00454611657187343));
#659=CARTESIAN_POINT('',(0.0141174107142857,-7.49245910377525E-18,0.00454611657187343));
#660=CARTESIAN_POINT('',(0.0141174107142857,-1.44444745829043E-32,0.00454611657187343));
#661=CARTESIAN_POINT('',(0.0141174107142857,7.49245910377529E-18,0.00454611657187343));
#662=CARTESIAN_POINT('',(0.0154954379716926,-0.000570797579337714,0.00456674531054847));
#663=CARTESIAN_POINT('',(0.0156089766694932,-1.20617491689012E-18,0.00456674531054846));
#664=CARTESIAN_POINT('',(0.0154954379716925,0.000570797579337718,0.00456674531054846));
#665=CARTESIAN_POINT('',(0.0151721071157999,0.00105469640151421,0.00456674531054847));
#666=CARTESIAN_POINT('',(0.0146882082936234,0.00137802725740685,0.00456674531054846));
#667=CARTESIAN_POINT('',(0.0141174107142857,0.00149156595520749,0.00456674531054847));
#668=CARTESIAN_POINT('',(0.013546613134948,0.00137802725740685,0.00456674531054846));
#669=CARTESIAN_POINT('',(0.0130627143127715,0.00105469640151421,0.00456674531054847));
#670=CARTESIAN_POINT('',(0.0127393834568788,0.000570797579337717,0.00456674531054846));
#671=CARTESIAN_POINT('',(0.0126258447590782,2.01071890480003E-19,0.00456674531054846));
#672=CARTESIAN_POINT('',(0.0127393834568788,-0.000570797579337717,0.00456674531054847));
#673=CARTESIAN_POINT('',(0.0130627143127715,-0.00105469640151421,0.00456674531054846));
#674=CARTESIAN_POINT('',(0.013546613134948,-0.00137802725740685,0.00456674531054847));
#675=CARTESIAN_POINT('',(0.0141174107142857,-0.00149156595520749,0.00456674531054847));
#676=CARTESIAN_POINT('',(0.0146882082936234,-0.00137802725740685,0.00456674531054847));
#677=CARTESIAN_POINT('',(0.0151721071157999,-0.00105469640151421,0.00456674531054846));
#678=CARTESIAN_POINT('',(0.0154954379716926,-0.000570797579337714,0.00456674531054847));
#679=CARTESIAN_POINT('',(0.0156089766694932,-1.20617491689012E-18,0.00456674531054846));
#680=CARTESIAN_POINT('',(0.0154954379716925,0.000570797579337718,0.00456674531054846));
#681=CARTESIAN_POINT('',(0.0175647436296325,-0.0014279320475518,0.00459729666182793));
#682=CARTESIAN_POINT('',(0.0178487769736683,-2.90024081139872E-18,0.00459729666182793));
#683=CARTESIAN_POINT('',(0.0175647436296325,0.0014279320475518,0.00459729666182793));
#684=CARTESIAN_POINT('',(0.0167558850993858,0.00263847438510009,0.00459729666182793));
#685=CARTESIAN_POINT('',(0.0155453427618375,0.00344733291534675,0.00459729666182793));
#686=CARTESIAN_POINT('',(0.0141174107142857,0.00373136625938256,0.00459729666182793));
#687=CARTESIAN_POINT('',(0.0126894786667339,0.00344733291534675,0.00459729666182793));
#688=CARTESIAN_POINT('',(0.0114789363291856,0.00263847438510009,0.00459729666182793));
#689=CARTESIAN_POINT('',(0.0106700777989389,0.0014279320475518,0.00459729666182793));
#690=CARTESIAN_POINT('',(0.0103860444549031,3.72021171773274E-19,0.00459729666182793));
#691=CARTESIAN_POINT('',(0.010670077798939,-0.0014279320475518,0.00459729666182793));
#692=CARTESIAN_POINT('',(0.0114789363291856,-0.00263847438510009,0.00459729666182793));
#693=CARTESIAN_POINT('',(0.0126894786667339,-0.00344733291534675,0.00459729666182793));
#694=CARTESIAN_POINT('',(0.0141174107142857,-0.00373136625938256,0.00459729666182793));
#695=CARTESIAN_POINT('',(0.0155453427618375,-0.00344733291534675,0.00459729666182793));
#696=CARTESIAN_POINT('',(0.0167558850993858,-0.00263847438510009,0.00459729666182793));
#697=CARTESIAN_POINT('',(0.0175647436296325,-0.0014279320475518,0.00459729666182793));
#698=CARTESIAN_POINT('',(0.0178487769736683,-2.90024081139872E-18,0.00459729666182793));
#699=CARTESIAN_POINT('',(0.0175647436296325,0.0014279320475518,0.00459729666182793));
#700=CARTESIAN_POINT('',(0.0198464897581772,-0.00237306223988733,0.00473452420319701));
#701=CARTESIAN_POINT('',(0.0203185211862525,-4.39101879856629E-18,0.00473452420319701));
#702=CARTESIAN_POINT('',(0.0198464897581772,0.00237306223988734,0.00473452420319701));
#703=CARTESIAN_POINT('',(0.0185022579799003,0.00438484726561461,0.00473452420319701));
#704=CARTESIAN_POINT('',(0.016490472954173,0.00572907904389149,0.00473452420319701));
#705=CARTESIAN_POINT('',(0.0141174107142857,0.00620111047196676,0.00473452420319701));
#706=CARTESIAN_POINT('',(0.0117443484743984,0.00572907904389149,0.00473452420319701));
#707=CARTESIAN_POINT('',(0.00973256344867109,0.00438484726561461,0.00473452420319701));
#708=CARTESIAN_POINT('',(0.00838833167039421,0.00237306223988734,0.00473452420319701));
#709=CARTESIAN_POINT('',(0.00791630024231894,1.37932036270972E-18,0.00473452420319701));
#710=CARTESIAN_POINT('',(0.00838833167039421,-0.00237306223988734,0.00473452420319701));
#711=CARTESIAN_POINT('',(0.0097325634486711,-0.0043848472656146,0.00473452420319701));
#712=CARTESIAN_POINT('',(0.0117443484743984,-0.00572907904389149,0.00473452420319701));
#713=CARTESIAN_POINT('',(0.0141174107142857,-0.00620111047196676,0.00473452420319701));
#714=CARTESIAN_POINT('',(0.016490472954173,-0.0057290790438915,0.00473452420319701));
#715=CARTESIAN_POINT('',(0.0185022579799003,-0.0043848472656146,0.00473452420319701));
#716=CARTESIAN_POINT('',(0.0198464897581772,-0.00237306223988733,0.00473452420319701));
#717=CARTESIAN_POINT('',(0.0203185211862525,-4.39101879856629E-18,0.00473452420319701));
#718=CARTESIAN_POINT('',(0.0198464897581772,0.00237306223988734,0.00473452420319701));
#719=CARTESIAN_POINT('',(0.021226733133279,-0.00294477776523009,0.00490513233150346));
#720=CARTESIAN_POINT('',(0.0218124858499678,-5.58364118830035E-18,0.00490513233150346));
#721=CARTESIAN_POINT('',(0.021226733133279,0.0029447777652301,0.00490513233150346));
#722=CARTESIAN_POINT('',(0.0195586505244665,0.00544123981018083,0.00490513233150346));
#723=CARTESIAN_POINT('',(0.0170621884795158,0.00710932241899325,0.00490513233150346));
#724=CARTESIAN_POINT('',(0.0141174107142857,0.00769507513568214,0.00490513233150346));
#725=CARTESIAN_POINT('',(0.0111726329490556,0.00710932241899324,0.00490513233150346));
#726=CARTESIAN_POINT('',(0.00867617090410487,0.00544123981018083,0.00490513233150346));
#727=CARTESIAN_POINT('',(0.00700808829529246,0.0029447777652301,0.00490513233150346));
#728=CARTESIAN_POINT('',(0.00642233557860356,8.1224173069032E-19,0.00490513233150346));
#729=CARTESIAN_POINT('',(0.00700808829529246,-0.0029447777652301,0.00490513233150346));
#730=CARTESIAN_POINT('',(0.00867617090410486,-0.00544123981018083,0.00490513233150346));
#731=CARTESIAN_POINT('',(0.0111726329490556,-0.00710932241899324,0.00490513233150346));
#732=CARTESIAN_POINT('',(0.0141174107142857,-0.00769507513568214,0.00490513233150346));
#733=CARTESIAN_POINT('',(0.0170621884795158,-0.00710932241899325,0.00490513233150346));
#734=CARTESIAN_POINT('',(0.0195586505244665,-0.00544123981018083,0.00490513233150346));
#735=CARTESIAN_POINT('',(0.021226733133279,-0.00294477776523009,0.00490513233150346));
#736=CARTESIAN_POINT('',(0.0218124858499678,-5.58364118830035E-18,0.00490513233150346));
#737=CARTESIAN_POINT('',(0.021226733133279,0.0029447777652301,0.00490513233150346));
#738=CARTESIAN_POINT('',(0.0223727882774024,-0.00341948934915349,0.00509697543805245));
#739=CARTESIAN_POINT('',(0.0230529669990721,-6.01732205729455E-18,0.00509697543805245));
#740=CARTESIAN_POINT('',(0.0223727882774024,0.0034194893491535,0.00509697543805245));
#741=CARTESIAN_POINT('',(0.0204358031569322,0.00631839244264653,0.00509697543805245));
#742=CARTESIAN_POINT('',(0.0175369000634392,0.00825537756311673,0.00509697543805245));
#743=CARTESIAN_POINT('',(0.0141174107142857,0.00893555628478639,0.00509697543805245));
#744=CARTESIAN_POINT('',(0.0106979213651322,0.00825537756311673,0.00509697543805245));
#745=CARTESIAN_POINT('',(0.00779901827163918,0.00631839244264653,0.00509697543805245));
#746=CARTESIAN_POINT('',(0.00586203315116897,0.0034194893491535,0.00509697543805245));
#747=CARTESIAN_POINT('',(0.00518185442949932,1.50251733442092E-18,0.00509697543805245));
#748=CARTESIAN_POINT('',(0.00586203315116896,-0.0034194893491535,0.00509697543805245));
#749=CARTESIAN_POINT('',(0.00779901827163918,-0.00631839244264653,0.00509697543805245));
#750=CARTESIAN_POINT('',(0.0106979213651322,-0.00825537756311674,0.00509697543805245));
#751=CARTESIAN_POINT('',(0.0141174107142857,-0.00893555628478638,0.00509697543805245));
#752=CARTESIAN_POINT('',(0.0175369000634392,-0.00825537756311674,0.00509697543805245));
#753=CARTESIAN_POINT('',(0.0204358031569322,-0.00631839244264652,0.00509697543805245));
#754=CARTESIAN_POINT('',(0.0223727882774024,-0.00341948934915349,0.00509697543805245));
#755=CARTESIAN_POINT('',(0.0230529669990721,-6.01732205729455E-18,0.00509697543805245));
#756=CARTESIAN_POINT('',(0.0223727882774024,0.0034194893491535,0.00509697543805245));
#757=CARTESIAN_POINT('',(0.0233409548150512,-0.0038205170596834,0.00528311599838949));
#758=CARTESIAN_POINT('',(0.0241009029080072,-7.58941520739853E-18,0.00528311599838949));
#759=CARTESIAN_POINT('',(0.0233409548150512,0.00382051705968342,0.00528311599838949));
#760=CARTESIAN_POINT('',(0.0211768057443891,0.00705939503010343,0.00528311599838949));
#761=CARTESIAN_POINT('',(0.0179379277739691,0.0092235441007655,0.00528311599838949));
#762=CARTESIAN_POINT('',(0.0141174107142857,0.0099834921937215,0.00528311599838949));
#763=CARTESIAN_POINT('',(0.0102968936546023,0.0092235441007655,0.00528311599838949));
#764=CARTESIAN_POINT('',(0.00705801568418227,0.00705939503010343,0.00528311599838949));
#765=CARTESIAN_POINT('',(0.0048938666135202,0.00382051705968342,0.00528311599838949));
#766=CARTESIAN_POINT('',(0.00413391852056421,1.29619863731549E-18,0.00528311599838949));
#767=CARTESIAN_POINT('',(0.0048938666135202,-0.00382051705968342,0.00528311599838949));
#768=CARTESIAN_POINT('',(0.00705801568418226,-0.00705939503010343,0.00528311599838949));
#769=CARTESIAN_POINT('',(0.0102968936546023,-0.0092235441007655,0.00528311599838949));
#770=CARTESIAN_POINT('',(0.0141174107142857,-0.0099834921937215,0.00528311599838949));
#771=CARTESIAN_POINT('',(0.0179379277739691,-0.0092235441007655,0.00528311599838949));
#772=CARTESIAN_POINT('',(0.0211768057443891,-0.00705939503010343,0.00528311599838949));
#773=CARTESIAN_POINT('',(0.0233409548150512,-0.0038205170596834,0.00528311599838949));
#774=CARTESIAN_POINT('',(0.0241009029080072,-7.58941520739853E-18,0.00528311599838949));
#775=CARTESIAN_POINT('',(0.0233409548150512,0.00382051705968342,0.00528311599838949));
#776=CARTESIAN_POINT('',(0.0240244823271536,-0.00410364342545136,0.00551612883001302));
#777=CARTESIAN_POINT('',(0.0248407477557921,-8.56519716263549E-18,0.00551612883001301));
#778=CARTESIAN_POINT('',(0.0240244823271536,0.00410364342545139,0.00551612883001301));
#779=CARTESIAN_POINT('',(0.0216999550532838,0.00758254433899808,0.00551612883001301));
#780=CARTESIAN_POINT('',(0.0182210541397371,0.00990707161286792,0.00551612883001301));
#781=CARTESIAN_POINT('',(0.0141174107142857,0.0107233370415064,0.00551612883001301));
#782=CARTESIAN_POINT('',(0.0100137672888343,0.00990707161286792,0.00551612883001301));
#783=CARTESIAN_POINT('',(0.00653486637528761,0.00758254433899808,0.00551612883001301));
#784=CARTESIAN_POINT('',(0.00421033910141778,0.00410364342545139,0.00551612883001301));
#785=CARTESIAN_POINT('',(0.00339407367277927,1.46095316300136E-18,0.00551612883001301));
#786=CARTESIAN_POINT('',(0.00421033910141778,-0.00410364342545138,0.00551612883001301));
#787=CARTESIAN_POINT('',(0.00653486637528761,-0.00758254433899808,0.00551612883001301));
#788=CARTESIAN_POINT('',(0.0100137672888343,-0.00990707161286792,0.00551612883001301));
#789=CARTESIAN_POINT('',(0.0141174107142857,-0.0107233370415064,0.00551612883001301));
#790=CARTESIAN_POINT('',(0.0182210541397371,-0.00990707161286792,0.00551612883001302));
#791=CARTESIAN_POINT('',(0.0216999550532838,-0.00758254433899808,0.00551612883001301));
#792=CARTESIAN_POINT('',(0.0240244823271536,-0.00410364342545136,0.00551612883001302));
#793=CARTESIAN_POINT('',(0.0248407477557921,-8.56519716263549E-18,0.00551612883001301));
#794=CARTESIAN_POINT('',(0.0240244823271536,0.00410364342545139,0.00551612883001301));
#795=CARTESIAN_POINT('',(0.0246525842100325,-0.00436381174389187,0.00588490469147976));
#796=CARTESIAN_POINT('',(0.0255206003348092,-7.80625564189563E-18,0.00588490469147976));
#797=CARTESIAN_POINT('',(0.0246525842100325,0.00436381174389189,0.00588490469147976));
#798=CARTESIAN_POINT('',(0.0221806834221139,0.00806327270782821,0.00588490469147976));
#799=CARTESIAN_POINT('',(0.0184812224581776,0.0105351734957468,0.00588490469147976));
#800=CARTESIAN_POINT('',(0.0141174107142857,0.0114031896205235,0.00588490469147976));
#801=CARTESIAN_POINT('',(0.00975359897039381,0.0105351734957468,0.00588490469147976));
#802=CARTESIAN_POINT('',(0.00605413800645751,0.0080632727078282,0.00588490469147976));
#803=CARTESIAN_POINT('',(0.00358223721853891,0.00436381174389189,0.00588490469147976));
#804=CARTESIAN_POINT('',(0.00271422109376223,9.7275116547256E-19,0.00588490469147976));
#805=CARTESIAN_POINT('',(0.00358223721853892,-0.00436381174389189,0.00588490469147976));
#806=CARTESIAN_POINT('',(0.00605413800645749,-0.00806327270782821,0.00588490469147976));
#807=CARTESIAN_POINT('',(0.00975359897039382,-0.0105351734957468,0.00588490469147976));
#808=CARTESIAN_POINT('',(0.0141174107142857,-0.0114031896205235,0.00588490469147976));
#809=CARTESIAN_POINT('',(0.0184812224581776,-0.0105351734957468,0.00588490469147976));
#810=CARTESIAN_POINT('',(0.0221806834221139,-0.0080632727078282,0.00588490469147976));
#811=CARTESIAN_POINT('',(0.0246525842100325,-0.00436381174389187,0.00588490469147976));
#812=CARTESIAN_POINT('',(0.0255206003348092,-7.80625564189563E-18,0.00588490469147976));
#813=CARTESIAN_POINT('',(0.0246525842100325,0.00436381174389189,0.00588490469147976));
#814=CARTESIAN_POINT('',(0.0250166265842747,-0.00451460303258147,0.00621361369277199));
#815=CARTESIAN_POINT('',(0.0259146369612648,-9.54097911787244E-18,0.00621361369277199));
#816=CARTESIAN_POINT('',(0.0250166265842746,0.0045146030325815,0.00621361369277199));
#817=CARTESIAN_POINT('',(0.0224593093927165,0.00834189867843085,0.00621361369277199));
#818=CARTESIAN_POINT('',(0.0186320137468672,0.010899215869989,0.00621361369277199));
#819=CARTESIAN_POINT('',(0.0141174107142857,0.0117972262469791,0.00621361369277199));
#820=CARTESIAN_POINT('',(0.00960280768170421,0.010899215869989,0.00621361369277199));
#821=CARTESIAN_POINT('',(0.00577551203585483,0.00834189867843086,0.00621361369277199));
#822=CARTESIAN_POINT('',(0.00321819484429675,0.00451460303258149,0.00621361369277199));
#823=CARTESIAN_POINT('',(0.00232018446730657,2.39462169889201E-18,0.00621361369277199));
#824=CARTESIAN_POINT('',(0.00321819484429674,-0.00451460303258149,0.00621361369277199));
#825=CARTESIAN_POINT('',(0.00577551203585484,-0.00834189867843086,0.00621361369277199));
#826=CARTESIAN_POINT('',(0.00960280768170419,-0.0108992158699889,0.00621361369277199));
#827=CARTESIAN_POINT('',(0.0141174107142857,-0.0117972262469791,0.00621361369277199));
#828=CARTESIAN_POINT('',(0.0186320137468672,-0.010899215869989,0.00621361369277199));
#829=CARTESIAN_POINT('',(0.0224593093927166,-0.00834189867843085,0.00621361369277199));
#830=CARTESIAN_POINT('',(0.0250166265842747,-0.00451460303258147,0.00621361369277199));
#831=CARTESIAN_POINT('',(0.0259146369612648,-9.54097911787244E-18,0.00621361369277199));
#832=CARTESIAN_POINT('',(0.0250166265842746,0.0045146030325815,0.00621361369277199));
#833=CARTESIAN_POINT('',(0.0252595840344451,-0.00461523930352165,0.00643247505649924));
#834=CARTESIAN_POINT('',(0.0261776122103322,-8.78203759713259E-18,0.00643247505649924));
#835=CARTESIAN_POINT('',(0.0252595840344451,0.00461523930352168,0.00643247505649924));
#836=CARTESIAN_POINT('',(0.0226452609746163,0.00852785026033065,0.00643247505649924));
#837=CARTESIAN_POINT('',(0.0187326500178074,0.0111421733201594,0.00643247505649924));
#838=CARTESIAN_POINT('',(0.0141174107142857,0.0120602014960465,0.00643247505649924));
#839=CARTESIAN_POINT('',(0.00950217141076403,0.0111421733201594,0.00643247505649924));
#840=CARTESIAN_POINT('',(0.00558956045395506,0.00852785026033065,0.00643247505649924));
#841=CARTESIAN_POINT('',(0.00297523739412631,0.00461523930352168,0.00643247505649924));
#842=CARTESIAN_POINT('',(0.00205720921823917,1.33127109528774E-18,0.00643247505649924));
#843=CARTESIAN_POINT('',(0.00297523739412631,-0.00461523930352167,0.00643247505649924));
#844=CARTESIAN_POINT('',(0.00558956045395505,-0.00852785026033065,0.00643247505649924));
#845=CARTESIAN_POINT('',(0.00950217141076403,-0.0111421733201594,0.00643247505649924));
#846=CARTESIAN_POINT('',(0.0141174107142857,-0.0120602014960465,0.00643247505649924));
#847=CARTESIAN_POINT('',(0.0187326500178074,-0.0111421733201594,0.00643247505649924));
#848=CARTESIAN_POINT('',(0.0226452609746164,-0.00852785026033065,0.00643247505649924));
#849=CARTESIAN_POINT('',(0.0252595840344451,-0.00461523930352165,0.00643247505649924));
#850=CARTESIAN_POINT('',(0.0261776122103322,-8.78203759713259E-18,0.00643247505649924));
#851=CARTESIAN_POINT('',(0.0252595840344451,0.00461523930352168,0.00643247505649924));
#852=CARTESIAN_POINT('',(0.0141174107142857,0.,0.00643247505649924));
#853=CARTESIAN_POINT('',(0.0258716028183699,0.,0.00643247505649924));
#854=CARTESIAN_POINT('',(0.0141174107142857,0.,0.00454611657187343));
#855=CARTESIAN_POINT('',(0.0252595840344451,-0.00461523930352165,0.00643247505649924));
#856=CARTESIAN_POINT('',(0.0261776122103322,-8.78203759713259E-18,0.00643247505649924));
#857=CARTESIAN_POINT('',(0.0252595840344451,0.00461523930352168,0.00643247505649924));
#858=CARTESIAN_POINT('',(0.0226452609746163,0.00852785026033065,0.00643247505649924));
#859=CARTESIAN_POINT('',(0.0187326500178074,0.0111421733201594,0.00643247505649924));
#860=CARTESIAN_POINT('',(0.0141174107142857,0.0120602014960465,0.00643247505649924));
#861=CARTESIAN_POINT('',(0.00950217141076403,0.0111421733201594,0.00643247505649924));
#862=CARTESIAN_POINT('',(0.00558956045395506,0.00852785026033065,0.00643247505649924));
#863=CARTESIAN_POINT('',(0.00297523739412631,0.00461523930352168,0.00643247505649924));
#864=CARTESIAN_POINT('',(0.00205720921823917,1.33127109528774E-18,0.00643247505649924));
#865=CARTESIAN_POINT('',(0.00297523739412631,-0.00461523930352167,0.00643247505649924));
#866=CARTESIAN_POINT('',(0.00558956045395505,-0.00852785026033065,0.00643247505649924));
#867=CARTESIAN_POINT('',(0.00950217141076403,-0.0111421733201594,0.00643247505649924));
#868=CARTESIAN_POINT('',(0.0141174107142857,-0.0120602014960465,0.00643247505649924));
#869=CARTESIAN_POINT('',(0.0187326500178074,-0.0111421733201594,0.00643247505649924));
#870=CARTESIAN_POINT('',(0.0226452609746164,-0.00852785026033065,0.00643247505649924));
#871=CARTESIAN_POINT('',(0.0252595840344451,-0.00461523930352165,0.00643247505649924));
#872=CARTESIAN_POINT('',(0.0261776122103322,-8.78203759713259E-18,0.00643247505649924));
#873=CARTESIAN_POINT('',(0.0252595840344451,0.00461523930352168,0.00643247505649924));
#874=CARTESIAN_POINT('',(0.0253404866328011,-0.00464875025699192,0.00666631498254336));
#875=CARTESIAN_POINT('',(0.0262651805517761,-9.64939933512099E-18,0.00666631498254337));
#876=CARTESIAN_POINT('',(0.0253404866328011,0.00464875025699195,0.00666631498254336));
#877=CARTESIAN_POINT('',(0.0227071811426686,0.00858977042838289,0.00666631498254336));
#878=CARTESIAN_POINT('',(0.0187661609712777,0.0112230759185154,0.00666631498254336));
#879=CARTESIAN_POINT('',(0.0141174107142857,0.0121477698374904,0.00666631498254336));
#880=CARTESIAN_POINT('',(0.00946866045729376,0.0112230759185154,0.00666631498254336));
#881=CARTESIAN_POINT('',(0.00552764028590284,0.00858977042838289,0.00666631498254336));
#882=CARTESIAN_POINT('',(0.00289433479577032,0.00464875025699195,0.00666631498254337));
#883=CARTESIAN_POINT('',(0.00196964087679528,1.20027215603895E-18,0.00666631498254336));
#884=CARTESIAN_POINT('',(0.00289433479577034,-0.00464875025699195,0.00666631498254336));
#885=CARTESIAN_POINT('',(0.00552764028590282,-0.00858977042838289,0.00666631498254337));
#886=CARTESIAN_POINT('',(0.00946866045729376,-0.0112230759185154,0.00666631498254337));
#887=CARTESIAN_POINT('',(0.0141174107142857,-0.0121477698374904,0.00666631498254337));
#888=CARTESIAN_POINT('',(0.0187661609712776,-0.0112230759185154,0.00666631498254337));
#889=CARTESIAN_POINT('',(0.0227071811426686,-0.00858977042838288,0.00666631498254336));
#890=CARTESIAN_POINT('',(0.0253404866328011,-0.00464875025699192,0.00666631498254336));
#891=CARTESIAN_POINT('',(0.0262651805517761,-9.64939933512099E-18,0.00666631498254337));
#892=CARTESIAN_POINT('',(0.0253404866328011,0.00464875025699195,0.00666631498254336));
#893=CARTESIAN_POINT('',(0.0254213892291126,-0.00468226120961533,0.00690015497065898));
#894=CARTESIAN_POINT('',(0.0263527488910071,-9.75781955236954E-18,0.00690015497065897));
#895=CARTESIAN_POINT('',(0.0254213892291126,0.00468226120961536,0.00690015497065898));
#896=CARTESIAN_POINT('',(0.022769101309156,0.00865169059487034,0.00690015497065897));
#897=CARTESIAN_POINT('',(0.0187996719239011,0.0113039785148269,0.00690015497065898));
#898=CARTESIAN_POINT('',(0.0141174107142857,0.0122353381767214,0.00690015497065897));
#899=CARTESIAN_POINT('',(0.00943514950467034,0.0113039785148269,0.00690015497065897));
#900=CARTESIAN_POINT('',(0.00546572011941537,0.00865169059487033,0.00690015497065898));
#901=CARTESIAN_POINT('',(0.00281343219945883,0.00468226120961536,0.00690015497065897));
#902=CARTESIAN_POINT('',(0.00188207253756432,1.07902071312847E-18,0.00690015497065897));
#903=CARTESIAN_POINT('',(0.00281343219945885,-0.00468226120961536,0.00690015497065898));
#904=CARTESIAN_POINT('',(0.00546572011941537,-0.00865169059487033,0.00690015497065897));
#905=CARTESIAN_POINT('',(0.00943514950467033,-0.0113039785148269,0.00690015497065898));
#906=CARTESIAN_POINT('',(0.0141174107142857,-0.0122353381767214,0.00690015497065897));
#907=CARTESIAN_POINT('',(0.0187996719239011,-0.0113039785148268,0.00690015497065898));
#908=CARTESIAN_POINT('',(0.022769101309156,-0.00865169059487034,0.00690015497065897));
#909=CARTESIAN_POINT('',(0.0254213892291126,-0.00468226120961533,0.00690015497065898));
#910=CARTESIAN_POINT('',(0.0263527488910071,-9.75781955236954E-18,0.00690015497065897));
#911=CARTESIAN_POINT('',(0.0254213892291126,0.00468226120961536,0.00690015497065898));
#912=CARTESIAN_POINT('',(0.0254937459567979,-0.00471223234755155,0.00728582730516792));
#913=CARTESIAN_POINT('',(0.0264310672486924,-9.54097911787244E-18,0.00728582730516791));
#914=CARTESIAN_POINT('',(0.0254937459567979,0.00471223234755157,0.00728582730516791));
#915=CARTESIAN_POINT('',(0.0228244807509667,0.00870707003668101,0.00728582730516791));
#916=CARTESIAN_POINT('',(0.0188296430618373,0.0113763352425122,0.00728582730516791));
#917=CARTESIAN_POINT('',(0.0141174107142857,0.0123136565344067,0.00728582730516791));
#918=CARTESIAN_POINT('',(0.00940517836673413,0.0113763352425122,0.00728582730516791));
#919=CARTESIAN_POINT('',(0.00541034067760469,0.00870707003668102,0.00728582730516791));
#920=CARTESIAN_POINT('',(0.00274107547177349,0.00471223234755157,0.00728582730516791));
#921=CARTESIAN_POINT('',(0.00180375417987901,1.67019677075277E-18,0.00728582730516791));
#922=CARTESIAN_POINT('',(0.00274107547177349,-0.00471223234755157,0.00728582730516791));
#923=CARTESIAN_POINT('',(0.00541034067760468,-0.00870707003668102,0.00728582730516791));
#924=CARTESIAN_POINT('',(0.00940517836673413,-0.0113763352425122,0.00728582730516791));
#925=CARTESIAN_POINT('',(0.0141174107142857,-0.0123136565344067,0.00728582730516791));
#926=CARTESIAN_POINT('',(0.0188296430618373,-0.0113763352425122,0.00728582730516791));
#927=CARTESIAN_POINT('',(0.0228244807509667,-0.00870707003668101,0.00728582730516791));
#928=CARTESIAN_POINT('',(0.0254937459567979,-0.00471223234755155,0.00728582730516792));
#929=CARTESIAN_POINT('',(0.0264310672486924,-9.54097911787244E-18,0.00728582730516791));
#930=CARTESIAN_POINT('',(0.0254937459567979,0.00471223234755157,0.00728582730516791));
#931=CARTESIAN_POINT('',(0.0141174107142857,0.,0.00728582730516791));
#932=CARTESIAN_POINT('',(0.0261186268180609,0.,0.00728582730516791));
#933=CARTESIAN_POINT('',(0.0254937459567979,-0.00471223234755155,0.00728582730516791));
#934=CARTESIAN_POINT('',(0.0264310672486924,-9.32413868337534E-18,0.00728582730516791));
#935=CARTESIAN_POINT('',(0.0254937459567979,0.00471223234755157,0.00728582730516791));
#936=CARTESIAN_POINT('',(0.0228244807509667,0.00870707003668101,0.00728582730516791));
#937=CARTESIAN_POINT('',(0.0188296430618373,0.0113763352425122,0.00728582730516791));
#938=CARTESIAN_POINT('',(0.0141174107142857,0.0123136565344067,0.00728582730516791));
#939=CARTESIAN_POINT('',(0.00940517836673413,0.0113763352425122,0.00728582730516791));
#940=CARTESIAN_POINT('',(0.00541034067760469,0.00870707003668102,0.00728582730516791));
#941=CARTESIAN_POINT('',(0.00274107547177349,0.00471223234755157,0.00728582730516791));
#942=CARTESIAN_POINT('',(0.00180375417987901,1.67020338819767E-18,0.00728582730516791));
#943=CARTESIAN_POINT('',(0.00274107547177349,-0.00471223234755157,0.00728582730516791));
#944=CARTESIAN_POINT('',(0.00541034067760468,-0.00870707003668101,0.00728582730516791));
#945=CARTESIAN_POINT('',(0.00940517836673413,-0.0113763352425122,0.00728582730516791));
#946=CARTESIAN_POINT('',(0.0141174107142857,-0.0123136565344067,0.00728582730516791));
#947=CARTESIAN_POINT('',(0.0188296430618373,-0.0113763352425122,0.00728582730516791));
#948=CARTESIAN_POINT('',(0.0228244807509667,-0.00870707003668101,0.00728582730516791));
#949=CARTESIAN_POINT('',(0.0254937459567979,-0.00471223234755155,0.00728582730516791));
#950=CARTESIAN_POINT('',(0.0264310672486924,-9.32413868337534E-18,0.00728582730516791));
#951=CARTESIAN_POINT('',(0.0254937459567979,0.00471223234755157,0.00728582730516791));
#952=CARTESIAN_POINT('',(0.0255788434262076,-0.00474748087350466,0.00773940972573842));
#953=CARTESIAN_POINT('',(0.026523176085846,-9.32413868337534E-18,0.00773940972573842));
#954=CARTESIAN_POINT('',(0.0255788434262076,0.00474748087350469,0.00773940972573842));
#955=CARTESIAN_POINT('',(0.0228896115343253,0.00877220082003958,0.00773940972573842));
#956=CARTESIAN_POINT('',(0.0188648915877904,0.0114614327119219,0.00773940972573842));
#957=CARTESIAN_POINT('',(0.0141174107142857,0.0124057653715604,0.00773940972573842));
#958=CARTESIAN_POINT('',(0.00936992984078102,0.0114614327119219,0.00773940972573842));
#959=CARTESIAN_POINT('',(0.00534520989424614,0.00877220082003958,0.00773940972573842));
#960=CARTESIAN_POINT('',(0.00265597800236379,0.00474748087350469,0.00773940972573842));
#961=CARTESIAN_POINT('',(0.00171164534272535,1.23816364553877E-18,0.00773940972573842));
#962=CARTESIAN_POINT('',(0.00265597800236379,-0.00474748087350469,0.00773940972573842));
#963=CARTESIAN_POINT('',(0.00534520989424613,-0.00877220082003958,0.00773940972573841));
#964=CARTESIAN_POINT('',(0.00936992984078101,-0.0114614327119219,0.00773940972573842));
#965=CARTESIAN_POINT('',(0.0141174107142857,-0.0124057653715604,0.00773940972573842));
#966=CARTESIAN_POINT('',(0.0188648915877904,-0.0114614327119219,0.00773940972573842));
#967=CARTESIAN_POINT('',(0.0228896115343253,-0.00877220082003958,0.00773940972573842));
#968=CARTESIAN_POINT('',(0.0255788434262076,-0.00474748087350466,0.00773940972573842));
#969=CARTESIAN_POINT('',(0.026523176085846,-9.32413868337534E-18,0.00773940972573842));
#970=CARTESIAN_POINT('',(0.0255788434262076,0.00474748087350469,0.00773940972573842));
#971=CARTESIAN_POINT('',(0.0256521205093817,-0.0047778332351665,0.00840300204184218));
#972=CARTESIAN_POINT('',(0.0266024906291338,-9.64939933512099E-18,0.00840300204184218));
#973=CARTESIAN_POINT('',(0.0256521205093816,0.00477783323516652,0.00840300204184218));
#974=CARTESIAN_POINT('',(0.0229456953857308,0.00882828467144507,0.00840300204184218));
#975=CARTESIAN_POINT('',(0.0188952439494522,0.0115347097950959,0.00840300204184218));
#976=CARTESIAN_POINT('',(0.0141174107142857,0.0124850799148481,0.00840300204184218));
#977=CARTESIAN_POINT('',(0.00933957747911917,0.0115347097950959,0.00840300204184218));
#978=CARTESIAN_POINT('',(0.00528912604284063,0.00882828467144507,0.00840300204184218));
#979=CARTESIAN_POINT('',(0.00258270091918975,0.00477783323516652,0.00840300204184218));
#980=CARTESIAN_POINT('',(0.00163233079943757,2.00317998069722E-18,0.00840300204184218));
#981=CARTESIAN_POINT('',(0.00258270091918976,-0.00477783323516652,0.00840300204184218));
#982=CARTESIAN_POINT('',(0.00528912604284062,-0.00882828467144507,0.00840300204184218));
#983=CARTESIAN_POINT('',(0.00933957747911918,-0.0115347097950959,0.00840300204184218));
#984=CARTESIAN_POINT('',(0.0141174107142857,-0.0124850799148481,0.00840300204184218));
#985=CARTESIAN_POINT('',(0.0188952439494522,-0.0115347097950959,0.00840300204184218));
#986=CARTESIAN_POINT('',(0.0229456953857308,-0.00882828467144507,0.00840300204184218));
#987=CARTESIAN_POINT('',(0.0256521205093817,-0.0047778332351665,0.00840300204184218));
#988=CARTESIAN_POINT('',(0.0266024906291338,-9.64939933512099E-18,0.00840300204184218));
#989=CARTESIAN_POINT('',(0.0256521205093816,0.00477783323516652,0.00840300204184218));
#990=CARTESIAN_POINT('',(0.0255516930259286,-0.00473623480948522,0.00882349166581952));
#991=CARTESIAN_POINT('',(0.0264937887043492,-8.99887803162969E-18,0.00882349166581951));
#992=CARTESIAN_POINT('',(0.0255516930259285,0.00473623480948525,0.00882349166581951));
#993=CARTESIAN_POINT('',(0.0228688315175875,0.00875142080330182,0.00882349166581951));
#994=CARTESIAN_POINT('',(0.018853645523771,0.0114342823116428,0.00882349166581951));
#995=CARTESIAN_POINT('',(0.0141174107142857,0.0123763779900635,0.00882349166581951));
#996=CARTESIAN_POINT('',(0.00938117590480046,0.0114342823116428,0.00882349166581951));
#997=CARTESIAN_POINT('',(0.00536598991098388,0.00875142080330182,0.00882349166581951));
#998=CARTESIAN_POINT('',(0.00268312840264287,0.00473623480948525,0.00882349166581951));
#999=CARTESIAN_POINT('',(0.00174103272422222,1.91459886326014E-18,0.00882349166581951));
#1000=CARTESIAN_POINT('',(0.00268312840264287,-0.00473623480948524,0.00882349166581951));
#1001=CARTESIAN_POINT('',(0.00536598991098388,-0.00875142080330182,0.00882349166581951));
#1002=CARTESIAN_POINT('',(0.00938117590480046,-0.0114342823116428,0.00882349166581951));
#1003=CARTESIAN_POINT('',(0.0141174107142857,-0.0123763779900635,0.00882349166581951));
#1004=CARTESIAN_POINT('',(0.018853645523771,-0.0114342823116428,0.00882349166581952));
#1005=CARTESIAN_POINT('',(0.0228688315175875,-0.00875142080330182,0.00882349166581951));
#1006=CARTESIAN_POINT('',(0.0255516930259286,-0.00473623480948522,0.00882349166581952));
#1007=CARTESIAN_POINT('',(0.0264937887043492,-8.99887803162969E-18,0.00882349166581951));
#1008=CARTESIAN_POINT('',(0.0255516930259285,0.00473623480948525,0.00882349166581951));
#1009=CARTESIAN_POINT('',(0.0141174107142857,0.,0.00882349166581951));
#1010=CARTESIAN_POINT('',(0.0261797568115423,0.,0.00882349166581951));
#1011=CARTESIAN_POINT('',(0.0255516930259285,-0.00473623480948522,0.00882349166581951));
#1012=CARTESIAN_POINT('',(0.0264937887043492,-9.21571846612679E-18,0.00882349166581951));
#1013=CARTESIAN_POINT('',(0.0255516930259285,0.00473623480948525,0.00882349166581951));
#1014=CARTESIAN_POINT('',(0.0228688315175875,0.00875142080330182,0.00882349166581951));
#1015=CARTESIAN_POINT('',(0.018853645523771,0.0114342823116428,0.00882349166581951));
#1016=CARTESIAN_POINT('',(0.0141174107142857,0.0123763779900635,0.00882349166581951));
#1017=CARTESIAN_POINT('',(0.00938117590480046,0.0114342823116428,0.00882349166581951));
#1018=CARTESIAN_POINT('',(0.00536598991098388,0.00875142080330182,0.00882349166581951));
#1019=CARTESIAN_POINT('',(0.00268312840264287,0.00473623480948525,0.00882349166581951));
#1020=CARTESIAN_POINT('',(0.00174103272422222,2.08888250960261E-18,0.00882349166581951));
#1021=CARTESIAN_POINT('',(0.00268312840264287,-0.00473623480948524,0.00882349166581951));
#1022=CARTESIAN_POINT('',(0.00536598991098388,-0.00875142080330182,0.00882349166581951));
#1023=CARTESIAN_POINT('',(0.00938117590480046,-0.0114342823116428,0.00882349166581951));
#1024=CARTESIAN_POINT('',(0.0141174107142857,-0.0123763779900635,0.00882349166581951));
#1025=CARTESIAN_POINT('',(0.0188536455237709,-0.0114342823116428,0.00882349166581951));
#1026=CARTESIAN_POINT('',(0.0228688315175875,-0.00875142080330182,0.00882349166581951));
#1027=CARTESIAN_POINT('',(0.0255516930259285,-0.00473623480948522,0.00882349166581951));
#1028=CARTESIAN_POINT('',(0.0264937887043492,-9.21571846612679E-18,0.00882349166581951));
#1029=CARTESIAN_POINT('',(0.0255516930259285,0.00473623480948525,0.00882349166581951));
#1030=CARTESIAN_POINT('',(0.0255080929518715,-0.0047181750674903,0.00902833056863077));
#1031=CARTESIAN_POINT('',(0.0264465963242576,-9.64939933512099E-18,0.00902833056863077));
#1032=CARTESIAN_POINT('',(0.0255080929518715,0.00471817506749033,0.00902833056863077));
#1033=CARTESIAN_POINT('',(0.0228354614656044,0.00871805075131874,0.00902833056863077));
#1034=CARTESIAN_POINT('',(0.018835585781776,0.0113906822375857,0.00902833056863077));
#1035=CARTESIAN_POINT('',(0.0141174107142857,0.0123291856099719,0.00902833056863077));
#1036=CARTESIAN_POINT('',(0.00939923564679538,0.0113906822375857,0.00902833056863077));
#1037=CARTESIAN_POINT('',(0.00539935996296695,0.00871805075131874,0.00902833056863077));
#1038=CARTESIAN_POINT('',(0.00272672847669996,0.00471817506749033,0.00902833056863077));
#1039=CARTESIAN_POINT('',(0.00178822510431378,6.89842161089623E-19,0.00902833056863077));
#1040=CARTESIAN_POINT('',(0.00272672847669997,-0.00471817506749032,0.00902833056863077));
#1041=CARTESIAN_POINT('',(0.00539935996296696,-0.00871805075131874,0.00902833056863077));
#1042=CARTESIAN_POINT('',(0.00939923564679538,-0.0113906822375857,0.00902833056863077));
#1043=CARTESIAN_POINT('',(0.0141174107142857,-0.0123291856099719,0.00902833056863077));
#1044=CARTESIAN_POINT('',(0.018835585781776,-0.0113906822375857,0.00902833056863077));
#1045=CARTESIAN_POINT('',(0.0228354614656044,-0.00871805075131874,0.00902833056863077));
#1046=CARTESIAN_POINT('',(0.0255080929518715,-0.0047181750674903,0.00902833056863077));
#1047=CARTESIAN_POINT('',(0.0264465963242576,-9.64939933512099E-18,0.00902833056863077));
#1048=CARTESIAN_POINT('',(0.0255080929518715,0.00471817506749033,0.00902833056863077));
#1049=CARTESIAN_POINT('',(0.025352968547088,-0.00465392043517396,0.00921380704001832));
#1050=CARTESIAN_POINT('',(0.0262786908784451,-9.54097911787244E-18,0.00921380704001831));
#1051=CARTESIAN_POINT('',(0.025352968547088,0.00465392043517399,0.00921380704001831));
#1052=CARTESIAN_POINT('',(0.0227167343862722,0.00859932367198653,0.00921380704001831));
#1053=CARTESIAN_POINT('',(0.0187713311494597,0.0112355578328023,0.00921380704001831));
#1054=CARTESIAN_POINT('',(0.0141174107142857,0.0121612801641594,0.00921380704001831));
#1055=CARTESIAN_POINT('',(0.00946349027911171,0.0112355578328023,0.00921380704001831));
#1056=CARTESIAN_POINT('',(0.00551808704229917,0.00859932367198654,0.00921380704001831));
#1057=CARTESIAN_POINT('',(0.00288185288148335,0.00465392043517399,0.00921380704001831));
#1058=CARTESIAN_POINT('',(0.00195613055012633,2.39628929500692E-18,0.00921380704001831));
#1059=CARTESIAN_POINT('',(0.00288185288148336,-0.00465392043517399,0.00921380704001831));
#1060=CARTESIAN_POINT('',(0.00551808704229916,-0.00859932367198653,0.00921380704001831));
#1061=CARTESIAN_POINT('',(0.0094634902791117,-0.0112355578328023,0.00921380704001831));
#1062=CARTESIAN_POINT('',(0.0141174107142857,-0.0121612801641594,0.00921380704001831));
#1063=CARTESIAN_POINT('',(0.0187713311494597,-0.0112355578328023,0.00921380704001831));
#1064=CARTESIAN_POINT('',(0.0227167343862723,-0.00859932367198653,0.00921380704001831));
#1065=CARTESIAN_POINT('',(0.025352968547088,-0.00465392043517396,0.00921380704001832));
#1066=CARTESIAN_POINT('',(0.0262786908784451,-9.54097911787244E-18,0.00921380704001831));
#1067=CARTESIAN_POINT('',(0.025352968547088,0.00465392043517399,0.00921380704001831));
#1068=CARTESIAN_POINT('',(0.0250773022347941,-0.00453973570993244,0.00936815663409943));
#1069=CARTESIAN_POINT('',(0.0259803118121347,-8.67361737988404E-18,0.00936815663409942));
#1070=CARTESIAN_POINT('',(0.0250773022347941,0.00453973570993246,0.00936815663409942));
#1071=CARTESIAN_POINT('',(0.0225057485251201,0.0083883378108344,0.00936815663409942));
#1072=CARTESIAN_POINT('',(0.0186571464242182,0.0109598915205084,0.00936815663409942));
#1073=CARTESIAN_POINT('',(0.0141174107142857,0.011862901097849,0.00936815663409942));
#1074=CARTESIAN_POINT('',(0.00957767500435325,0.0109598915205084,0.00936815663409942));
#1075=CARTESIAN_POINT('',(0.0057290729034513,0.0083883378108344,0.00936815663409942));
#1076=CARTESIAN_POINT('',(0.0031575191937773,0.00453973570993246,0.00936815663409942));
#1077=CARTESIAN_POINT('',(0.00225450961643666,1.77260173058684E-18,0.00936815663409942));
#1078=CARTESIAN_POINT('',(0.0031575191937773,-0.00453973570993246,0.00936815663409942));
#1079=CARTESIAN_POINT('',(0.0057290729034513,-0.00838833781083439,0.00936815663409942));
#1080=CARTESIAN_POINT('',(0.00957767500435325,-0.0109598915205084,0.00936815663409942));
#1081=CARTESIAN_POINT('',(0.0141174107142857,-0.011862901097849,0.00936815663409942));
#1082=CARTESIAN_POINT('',(0.0186571464242182,-0.0109598915205084,0.00936815663409942));
#1083=CARTESIAN_POINT('',(0.0225057485251201,-0.0083883378108344,0.00936815663409942));
#1084=CARTESIAN_POINT('',(0.0250773022347941,-0.00453973570993244,0.00936815663409943));
#1085=CARTESIAN_POINT('',(0.0259803118121347,-8.67361737988404E-18,0.00936815663409942));
#1086=CARTESIAN_POINT('',(0.0250773022347941,0.00453973570993246,0.00936815663409942));
#1087=CARTESIAN_POINT('',(0.0248967412918172,-0.00446494491851654,0.00952493698053944));
#1088=CARTESIAN_POINT('',(0.0257848740557791,-8.45677694538693E-18,0.00952493698053943));
#1089=CARTESIAN_POINT('',(0.0248967412918172,0.00446494491851657,0.00952493698053944));
#1090=CARTESIAN_POINT('',(0.0223675531623012,0.00825014244801545,0.00952493698053944));
#1091=CARTESIAN_POINT('',(0.0185823556328023,0.0107793305775315,0.00952493698053944));
#1092=CARTESIAN_POINT('',(0.0141174107142857,0.0116674633414934,0.00952493698053943));
#1093=CARTESIAN_POINT('',(0.00965246579576914,0.0107793305775315,0.00952493698053944));
#1094=CARTESIAN_POINT('',(0.00586726826627025,0.00825014244801545,0.00952493698053944));
#1095=CARTESIAN_POINT('',(0.00333808013675418,0.00446494491851656,0.00952493698053944));
#1096=CARTESIAN_POINT('',(0.00244994737279228,1.0575801916511E-18,0.00952493698053944));
#1097=CARTESIAN_POINT('',(0.00333808013675418,-0.00446494491851656,0.00952493698053944));
#1098=CARTESIAN_POINT('',(0.00586726826627024,-0.00825014244801545,0.00952493698053944));
#1099=CARTESIAN_POINT('',(0.00965246579576914,-0.0107793305775315,0.00952493698053944));
#1100=CARTESIAN_POINT('',(0.0141174107142857,-0.0116674633414934,0.00952493698053944));
#1101=CARTESIAN_POINT('',(0.0185823556328023,-0.0107793305775315,0.00952493698053944));
#1102=CARTESIAN_POINT('',(0.0223675531623012,-0.00825014244801545,0.00952493698053944));
#1103=CARTESIAN_POINT('',(0.0248967412918172,-0.00446494491851654,0.00952493698053944));
#1104=CARTESIAN_POINT('',(0.0257848740557791,-8.45677694538693E-18,0.00952493698053943));
#1105=CARTESIAN_POINT('',(0.0248967412918172,0.00446494491851657,0.00952493698053944));
#1106=CARTESIAN_POINT('',(0.024753635269307,-0.00440566846313551,0.00983562267038454));
#1107=CARTESIAN_POINT('',(0.0256299772131991,-9.75781955236954E-18,0.00983562267038453));
#1108=CARTESIAN_POINT('',(0.024753635269307,0.00440566846313554,0.00983562267038454));
#1109=CARTESIAN_POINT('',(0.0222580245545285,0.00814061384024277,0.00983562267038454));
#1110=CARTESIAN_POINT('',(0.0185230791774212,0.0106362245550213,0.00983562267038454));
#1111=CARTESIAN_POINT('',(0.0141174107142857,0.0115125664989134,0.00983562267038454));
#1112=CARTESIAN_POINT('',(0.00971174225115016,0.0106362245550213,0.00983562267038454));
#1113=CARTESIAN_POINT('',(0.00597679687404293,0.00814061384024276,0.00983562267038454));
#1114=CARTESIAN_POINT('',(0.00348118615926444,0.00440566846313554,0.00983562267038454));
#1115=CARTESIAN_POINT('',(0.00260484421537226,1.68916236783739E-18,0.00983562267038454));
#1116=CARTESIAN_POINT('',(0.00348118615926445,-0.00440566846313554,0.00983562267038454));
#1117=CARTESIAN_POINT('',(0.00597679687404293,-0.00814061384024277,0.00983562267038454));
#1118=CARTESIAN_POINT('',(0.00971174225115015,-0.0106362245550213,0.00983562267038454));
#1119=CARTESIAN_POINT('',(0.0141174107142857,-0.0115125664989135,0.00983562267038454));
#1120=CARTESIAN_POINT('',(0.0185230791774213,-0.0106362245550213,0.00983562267038454));
#1121=CARTESIAN_POINT('',(0.0222580245545285,-0.00814061384024277,0.00983562267038454));
#1122=CARTESIAN_POINT('',(0.024753635269307,-0.00440566846313551,0.00983562267038454));
#1123=CARTESIAN_POINT('',(0.0256299772131991,-9.75781955236954E-18,0.00983562267038453));
#1124=CARTESIAN_POINT('',(0.024753635269307,0.00440566846313554,0.00983562267038454));
#1125=CARTESIAN_POINT('',(0.0246902947219298,-0.00437943194936375,0.0101049889021181));
#1126=CARTESIAN_POINT('',(0.0255614178987558,-7.69783542464708E-18,0.0101049889021181));
#1127=CARTESIAN_POINT('',(0.0246902947219298,0.00437943194936377,0.0101049889021181));
#1128=CARTESIAN_POINT('',(0.0222095457983721,0.00809213508408639,0.0101049889021181));
#1129=CARTESIAN_POINT('',(0.0184968426636495,0.0105728840076441,0.0101049889021181));
#1130=CARTESIAN_POINT('',(0.0141174107142857,0.0114440071844701,0.0101049889021181));
#1131=CARTESIAN_POINT('',(0.00973797876492193,0.0105728840076441,0.0101049889021181));
#1132=CARTESIAN_POINT('',(0.00602527563019931,0.0080921350840864,0.0101049889021181));
#1133=CARTESIAN_POINT('',(0.00354452670664164,0.00437943194936377,0.0101049889021181));
#1134=CARTESIAN_POINT('',(0.00267340352981558,1.83370059935245E-18,0.0101049889021181));
#1135=CARTESIAN_POINT('',(0.00354452670664163,-0.00437943194936377,0.0101049889021181));
#1136=CARTESIAN_POINT('',(0.00602527563019931,-0.00809213508408639,0.0101049889021181));
#1137=CARTESIAN_POINT('',(0.00973797876492192,-0.0105728840076441,0.0101049889021181));
#1138=CARTESIAN_POINT('',(0.0141174107142857,-0.0114440071844701,0.0101049889021181));
#1139=CARTESIAN_POINT('',(0.0184968426636495,-0.0105728840076441,0.0101049889021181));
#1140=CARTESIAN_POINT('',(0.0222095457983721,-0.00809213508408639,0.0101049889021181));
#1141=CARTESIAN_POINT('',(0.0246902947219298,-0.00437943194936375,0.0101049889021181));
#1142=CARTESIAN_POINT('',(0.0255614178987558,-7.69783542464708E-18,0.0101049889021181));
#1143=CARTESIAN_POINT('',(0.0246902947219298,0.00437943194936377,0.0101049889021181));
#1144=CARTESIAN_POINT('',(0.0246412517145797,-0.00435911767057977,0.0102598384783386));
#1145=CARTESIAN_POINT('',(0.0255083341301212,-8.78203759713259E-18,0.0102598384783386));
#1146=CARTESIAN_POINT('',(0.0246412517145797,0.00435911767057979,0.0102598384783386));
#1147=CARTESIAN_POINT('',(0.0221720099055996,0.0080545991913139,0.0102598384783386));
#1148=CARTESIAN_POINT('',(0.0184765283848655,0.010523841000294,0.0102598384783386));
#1149=CARTESIAN_POINT('',(0.0141174107142857,0.0113909234158355,0.0102598384783386));
#1150=CARTESIAN_POINT('',(0.00975829304370591,0.010523841000294,0.0102598384783386));
#1151=CARTESIAN_POINT('',(0.0060628115229718,0.0080545991913139,0.0102598384783386));
#1152=CARTESIAN_POINT('',(0.00359356971399175,0.00435911767057979,0.0102598384783386));
#1153=CARTESIAN_POINT('',(0.00272648729845022,1.82953160906518E-18,0.0102598384783386));
#1154=CARTESIAN_POINT('',(0.00359356971399175,-0.00435911767057979,0.0102598384783386));
#1155=CARTESIAN_POINT('',(0.0060628115229718,-0.0080545991913139,0.0102598384783386));
#1156=CARTESIAN_POINT('',(0.00975829304370591,-0.0105238410002939,0.0102598384783386));
#1157=CARTESIAN_POINT('',(0.0141174107142857,-0.0113909234158355,0.0102598384783386));
#1158=CARTESIAN_POINT('',(0.0184765283848655,-0.010523841000294,0.0102598384783386));
#1159=CARTESIAN_POINT('',(0.0221720099055996,-0.00805459919131389,0.0102598384783386));
#1160=CARTESIAN_POINT('',(0.0246412517145797,-0.00435911767057977,0.0102598384783386));
#1161=CARTESIAN_POINT('',(0.0255083341301212,-8.78203759713259E-18,0.0102598384783386));
#1162=CARTESIAN_POINT('',(0.0246412517145797,0.00435911767057979,0.0102598384783386));
#1163=CARTESIAN_POINT('',(0.0141174107142857,0.,0.0102598384868864));
#1164=CARTESIAN_POINT('',(0.0252193066554169,0.,0.0102598384868864));
#1165=CARTESIAN_POINT('',(0.0246412517118713,-0.00435911766945794,0.0102598384868864));
#1166=CARTESIAN_POINT('',(0.0255083341271897,-9.21571846612679E-18,0.0102598384868864));
#1167=CARTESIAN_POINT('',(0.0246412517118713,0.00435911766945797,0.0102598384868864));
#1168=CARTESIAN_POINT('',(0.0221720099035267,0.00805459918924103,0.0102598384868864));
#1169=CARTESIAN_POINT('',(0.0184765283837437,0.0105238409975856,0.0102598384868864));
#1170=CARTESIAN_POINT('',(0.0141174107142857,0.011390923412904,0.0102598384868864));
#1171=CARTESIAN_POINT('',(0.00975829304482774,0.0105238409975856,0.0102598384868864));
#1172=CARTESIAN_POINT('',(0.00606281152504467,0.00805459918924104,0.0102598384868864));
#1173=CARTESIAN_POINT('',(0.00359356971670008,0.00435911766945797,0.0102598384868864));
#1174=CARTESIAN_POINT('',(0.0027264873013817,1.7969605452653E-18,0.0102598384868864));
#1175=CARTESIAN_POINT('',(0.00359356971670007,-0.00435911766945797,0.0102598384868864));
#1176=CARTESIAN_POINT('',(0.00606281152504467,-0.00805459918924103,0.0102598384868864));
#1177=CARTESIAN_POINT('',(0.00975829304482773,-0.0105238409975856,0.0102598384868864));
#1178=CARTESIAN_POINT('',(0.0141174107142857,-0.011390923412904,0.0102598384868864));
#1179=CARTESIAN_POINT('',(0.0184765283837437,-0.0105238409975856,0.0102598384868864));
#1180=CARTESIAN_POINT('',(0.0221720099035267,-0.00805459918924103,0.0102598384868864));
#1181=CARTESIAN_POINT('',(0.0246412517118713,-0.00435911766945794,0.0102598384868864));
#1182=CARTESIAN_POINT('',(0.0255083341271897,-9.21571846612679E-18,0.0102598384868864));
#1183=CARTESIAN_POINT('',(0.0246412517118713,0.00435911766945797,0.0102598384868864));
#1184=CARTESIAN_POINT('',(0.0245931155337322,-0.00433917901163192,0.0104269168993452));
#1185=CARTESIAN_POINT('',(0.02545623190342,-8.45677694538693E-18,0.0104269168993452));
#1186=CARTESIAN_POINT('',(0.0245931155337322,0.00433917901163194,0.0104269168993452));
#1187=CARTESIAN_POINT('',(0.0221351680677843,0.00801775735349861,0.0104269168993452));
#1188=CARTESIAN_POINT('',(0.0184565897259176,0.0104757048194465,0.0104269168993452));
#1189=CARTESIAN_POINT('',(0.0141174107142857,0.0113388211891343,0.0104269168993452));
#1190=CARTESIAN_POINT('',(0.00977823170265376,0.0104757048194465,0.0104269168993452));
#1191=CARTESIAN_POINT('',(0.0060996533607871,0.00801775735349861,0.0104269168993452));
#1192=CARTESIAN_POINT('',(0.00364170589483918,0.00433917901163194,0.0104269168993452));
#1193=CARTESIAN_POINT('',(0.00277858952515136,8.3626636440131E-19,0.0104269168993452));
#1194=CARTESIAN_POINT('',(0.00364170589483918,-0.00433917901163194,0.0104269168993452));
#1195=CARTESIAN_POINT('',(0.00609965336078709,-0.00801775735349861,0.0104269168993452));
#1196=CARTESIAN_POINT('',(0.00977823170265376,-0.0104757048194465,0.0104269168993452));
#1197=CARTESIAN_POINT('',(0.0141174107142857,-0.0113388211891344,0.0104269168993452));
#1198=CARTESIAN_POINT('',(0.0184565897259176,-0.0104757048194465,0.0104269168993452));
#1199=CARTESIAN_POINT('',(0.0221351680677843,-0.00801775735349861,0.0104269168993452));
#1200=CARTESIAN_POINT('',(0.0245931155337322,-0.00433917901163192,0.0104269168993452));
#1201=CARTESIAN_POINT('',(0.02545623190342,-8.45677694538693E-18,0.0104269168993452));
#1202=CARTESIAN_POINT('',(0.0245931155337322,0.00433917901163194,0.0104269168993452));
#1203=CARTESIAN_POINT('',(0.0244547778776335,-0.00428187767828892,0.0106685129728409));
#1204=CARTESIAN_POINT('',(0.025306496303452,-8.78203759713259E-18,0.0106685129728409));
#1205=CARTESIAN_POINT('',(0.0244547778776335,0.00428187767828894,0.0106685129728409));
#1206=CARTESIAN_POINT('',(0.0220292890096619,0.00791187829537619,0.0106685129728409));
#1207=CARTESIAN_POINT('',(0.0183992883925746,0.0103373671633478,0.0106685129728409));
#1208=CARTESIAN_POINT('',(0.0141174107142857,0.0111890855891663,0.0106685129728409));
#1209=CARTESIAN_POINT('',(0.00983553303599676,0.0103373671633478,0.0106685129728409));
#1210=CARTESIAN_POINT('',(0.00620553241890951,0.0079118782953762,0.0106685129728409));
#1211=CARTESIAN_POINT('',(0.00378004355093792,0.00428187767828894,0.0106685129728409));
#1212=CARTESIAN_POINT('',(0.00292832512511936,2.55418814777594E-18,0.0106685129728409));
#1213=CARTESIAN_POINT('',(0.00378004355093793,-0.00428187767828894,0.0106685129728409));
#1214=CARTESIAN_POINT('',(0.0062055324189095,-0.00791187829537619,0.0106685129728409));
#1215=CARTESIAN_POINT('',(0.00983553303599677,-0.0103373671633478,0.0106685129728409));
#1216=CARTESIAN_POINT('',(0.0141174107142857,-0.0111890855891663,0.0106685129728409));
#1217=CARTESIAN_POINT('',(0.0183992883925747,-0.0103373671633478,0.0106685129728409));
#1218=CARTESIAN_POINT('',(0.0220292890096619,-0.00791187829537619,0.0106685129728409));
#1219=CARTESIAN_POINT('',(0.0244547778776335,-0.00428187767828892,0.0106685129728409));
#1220=CARTESIAN_POINT('',(0.025306496303452,-8.78203759713259E-18,0.0106685129728409));
#1221=CARTESIAN_POINT('',(0.0244547778776335,0.00428187767828894,0.0106685129728409));
#1222=CARTESIAN_POINT('',(0.0242532793311434,-0.00419841424753424,0.0106761704383064));
#1223=CARTESIAN_POINT('',(0.0250883958483609,-7.69783542464708E-18,0.0106761704383064));
#1224=CARTESIAN_POINT('',(0.0242532793311433,0.00419841424753426,0.0106761704383064));
#1225=CARTESIAN_POINT('',(0.021875068698887,0.00775765798460135,0.0106761704383064));
#1226=CARTESIAN_POINT('',(0.01831582496182,0.0101358686168576,0.0106761704383064));
#1227=CARTESIAN_POINT('',(0.0141174107142857,0.0109709851340752,0.0106761704383064));
#1228=CARTESIAN_POINT('',(0.00991899646675145,0.0101358686168576,0.0106761704383064));
#1229=CARTESIAN_POINT('',(0.00635975272968435,0.00775765798460135,0.0106761704383064));
#1230=CARTESIAN_POINT('',(0.00398154209742806,0.00419841424753426,0.0106761704383064));
#1231=CARTESIAN_POINT('',(0.00314642558021054,1.36033491329041E-18,0.0106761704383064));
#1232=CARTESIAN_POINT('',(0.00398154209742806,-0.00419841424753426,0.0106761704383064));
#1233=CARTESIAN_POINT('',(0.00635975272968435,-0.00775765798460135,0.0106761704383064));
#1234=CARTESIAN_POINT('',(0.00991899646675145,-0.0101358686168576,0.0106761704383064));
#1235=CARTESIAN_POINT('',(0.0141174107142857,-0.0109709851340752,0.0106761704383064));
#1236=CARTESIAN_POINT('',(0.01831582496182,-0.0101358686168576,0.0106761704383064));
#1237=CARTESIAN_POINT('',(0.0218750686988871,-0.00775765798460135,0.0106761704383064));
#1238=CARTESIAN_POINT('',(0.0242532793311434,-0.00419841424753424,0.0106761704383064));
#1239=CARTESIAN_POINT('',(0.0250883958483609,-7.69783542464708E-18,0.0106761704383064));
#1240=CARTESIAN_POINT('',(0.0242532793311433,0.00419841424753426,0.0106761704383064));
#1241=CARTESIAN_POINT('',(0.024237790888982,-0.00419199872473096,0.0107441516593099));
#1242=CARTESIAN_POINT('',(0.0250716312793707,-8.45677694538693E-18,0.0107441516593099));
#1243=CARTESIAN_POINT('',(0.024237790888982,0.00419199872473099,0.0107441516593099));
#1244=CARTESIAN_POINT('',(0.0218632143584704,0.00774580364418474,0.0107441516593099));
#1245=CARTESIAN_POINT('',(0.0183094094390167,0.0101203801746963,0.0107441516593099));
#1246=CARTESIAN_POINT('',(0.0141174107142857,0.010954220565085,0.0107441516593099));
#1247=CARTESIAN_POINT('',(0.00992541198955472,0.0101203801746963,0.0107441516593099));
#1248=CARTESIAN_POINT('',(0.00637160707010096,0.00774580364418474,0.0107441516593099));
#1249=CARTESIAN_POINT('',(0.00399703053958945,0.00419199872473098,0.0107441516593099));
#1250=CARTESIAN_POINT('',(0.0031631901492007,1.50642824435707E-18,0.0107441516593099));
#1251=CARTESIAN_POINT('',(0.00399703053958945,-0.00419199872473098,0.0107441516593099));
#1252=CARTESIAN_POINT('',(0.00637160707010096,-0.00774580364418474,0.0107441516593099));
#1253=CARTESIAN_POINT('',(0.00992541198955472,-0.0101203801746963,0.0107441516593099));
#1254=CARTESIAN_POINT('',(0.0141174107142857,-0.010954220565085,0.0107441516593099));
#1255=CARTESIAN_POINT('',(0.0183094094390167,-0.0101203801746963,0.0107441516593099));
#1256=CARTESIAN_POINT('',(0.0218632143584705,-0.00774580364418474,0.0107441516593099));
#1257=CARTESIAN_POINT('',(0.024237790888982,-0.00419199872473096,0.0107441516593099));
#1258=CARTESIAN_POINT('',(0.0250716312793707,-8.45677694538693E-18,0.0107441516593099));
#1259=CARTESIAN_POINT('',(0.024237790888982,0.00419199872473099,0.0107441516593099));
#1260=CARTESIAN_POINT('',(0.0141174107142857,0.,0.0107441516593099));
#1261=CARTESIAN_POINT('',(0.0247936844825744,0.,0.0107441516593099));
#1262=CARTESIAN_POINT('',(0.024237790888982,-0.00419199872473096,0.0107441516593099));
#1263=CARTESIAN_POINT('',(0.0250716312793707,-8.45677694538693E-18,0.0107441516593099));
#1264=CARTESIAN_POINT('',(0.024237790888982,0.00419199872473099,0.0107441516593099));
#1265=CARTESIAN_POINT('',(0.0218632143584704,0.00774580364418474,0.0107441516593099));
#1266=CARTESIAN_POINT('',(0.0183094094390167,0.0101203801746963,0.0107441516593099));
#1267=CARTESIAN_POINT('',(0.0141174107142857,0.010954220565085,0.0107441516593099));
#1268=CARTESIAN_POINT('',(0.00992541198955472,0.0101203801746963,0.0107441516593099));
#1269=CARTESIAN_POINT('',(0.00637160707010096,0.00774580364418474,0.0107441516593099));
#1270=CARTESIAN_POINT('',(0.00399703053958945,0.00419199872473098,0.0107441516593099));
#1271=CARTESIAN_POINT('',(0.0031631901492007,1.50642824435707E-18,0.0107441516593099));
#1272=CARTESIAN_POINT('',(0.00399703053958945,-0.00419199872473098,0.0107441516593099));
#1273=CARTESIAN_POINT('',(0.00637160707010096,-0.00774580364418474,0.0107441516593099));
#1274=CARTESIAN_POINT('',(0.00992541198955472,-0.0101203801746963,0.0107441516593099));
#1275=CARTESIAN_POINT('',(0.0141174107142857,-0.010954220565085,0.0107441516593099));
#1276=CARTESIAN_POINT('',(0.0183094094390167,-0.0101203801746963,0.0107441516593099));
#1277=CARTESIAN_POINT('',(0.0218632143584705,-0.00774580364418474,0.0107441516593099));
#1278=CARTESIAN_POINT('',(0.024237790888982,-0.00419199872473096,0.0107441516593099));
#1279=CARTESIAN_POINT('',(0.0250716312793707,-8.45677694538693E-18,0.0107441516593099));
#1280=CARTESIAN_POINT('',(0.024237790888982,0.00419199872473099,0.0107441516593099));
#1281=CARTESIAN_POINT('',(0.0242094618420643,-0.00418026444928856,0.0108522613515111));
#1282=CARTESIAN_POINT('',(0.0250409681399453,-7.58941520739853E-18,0.0108522613515111));
#1283=CARTESIAN_POINT('',(0.0242094618420643,0.00418026444928858,0.0108522613515111));
#1284=CARTESIAN_POINT('',(0.0218415322446503,0.00772412153036457,0.0108522613515111));
#1285=CARTESIAN_POINT('',(0.0182976751635743,0.0100920511277786,0.0108522613515111));
#1286=CARTESIAN_POINT('',(0.0141174107142857,0.0109235574256596,0.0108522613515111));
#1287=CARTESIAN_POINT('',(0.00993714626499714,0.0100920511277786,0.0108522613515111));
#1288=CARTESIAN_POINT('',(0.00639328918392113,0.00772412153036457,0.0108522613515111));
#1289=CARTESIAN_POINT('',(0.00402535958650712,0.00418026444928858,0.0108522613515111));
#1290=CARTESIAN_POINT('',(0.00319385328862611,1.41817799916501E-18,0.0108522613515111));
#1291=CARTESIAN_POINT('',(0.00402535958650712,-0.00418026444928858,0.0108522613515111));
#1292=CARTESIAN_POINT('',(0.00639328918392114,-0.00772412153036457,0.0108522613515111));
#1293=CARTESIAN_POINT('',(0.00993714626499713,-0.0100920511277786,0.0108522613515111));
#1294=CARTESIAN_POINT('',(0.0141174107142857,-0.0109235574256596,0.0108522613515111));
#1295=CARTESIAN_POINT('',(0.0182976751635743,-0.0100920511277786,0.0108522613515111));
#1296=CARTESIAN_POINT('',(0.0218415322446503,-0.00772412153036456,0.0108522613515111));
#1297=CARTESIAN_POINT('',(0.0242094618420643,-0.00418026444928856,0.0108522613515111));
#1298=CARTESIAN_POINT('',(0.0250409681399453,-7.58941520739853E-18,0.0108522613515111));
#1299=CARTESIAN_POINT('',(0.0242094618420643,0.00418026444928858,0.0108522613515111));
#1300=CARTESIAN_POINT('',(0.0244945345687663,-0.00429834543895121,0.0112457989516025));
#1301=CARTESIAN_POINT('',(0.0253495286358436,-1.06251812903579E-17,0.0112457989516025));
#1302=CARTESIAN_POINT('',(0.0244945345687663,0.00429834543895124,0.0112457989516025));
#1303=CARTESIAN_POINT('',(0.0220597174637063,0.00794230674942057,0.0112457989516025));
#1304=CARTESIAN_POINT('',(0.0184157561532369,0.0103771238544806,0.0112457989516025));
#1305=CARTESIAN_POINT('',(0.0141174107142857,0.011232117921558,0.0112457989516025));
#1306=CARTESIAN_POINT('',(0.00981906527533446,0.0103771238544806,0.0112457989516025));
#1307=CARTESIAN_POINT('',(0.00617510396486512,0.00794230674942058,0.0112457989516025));
#1308=CARTESIAN_POINT('',(0.00374028685980509,0.00429834543895124,0.0112457989516025));
#1309=CARTESIAN_POINT('',(0.00288529279272774,2.1791907801587E-18,0.0112457989516025));
#1310=CARTESIAN_POINT('',(0.00374028685980508,-0.00429834543895124,0.0112457989516025));
#1311=CARTESIAN_POINT('',(0.00617510396486511,-0.00794230674942057,0.0112457989516025));
#1312=CARTESIAN_POINT('',(0.00981906527533446,-0.0103771238544806,0.0112457989516025));
#1313=CARTESIAN_POINT('',(0.0141174107142857,-0.011232117921558,0.0112457989516025));
#1314=CARTESIAN_POINT('',(0.0184157561532369,-0.0103771238544806,0.0112457989516025));
#1315=CARTESIAN_POINT('',(0.0220597174637063,-0.00794230674942058,0.0112457989516025));
#1316=CARTESIAN_POINT('',(0.0244945345687663,-0.00429834543895121,0.0112457989516025));
#1317=CARTESIAN_POINT('',(0.0253495286358436,-1.06251812903579E-17,0.0112457989516025));
#1318=CARTESIAN_POINT('',(0.0244945345687663,0.00429834543895124,0.0112457989516025));
#1319=CARTESIAN_POINT('',(0.0248046701884268,-0.00442680781878955,0.0118189844629041));
#1320=CARTESIAN_POINT('',(0.025685217011597,-7.91467585914418E-18,0.0118189844629041));
#1321=CARTESIAN_POINT('',(0.0248046701884267,0.00442680781878957,0.0118189844629041));
#1322=CARTESIAN_POINT('',(0.0222970849905669,0.00817967427628124,0.0118189844629041));
#1323=CARTESIAN_POINT('',(0.0185442185330753,0.0106872594741411,0.0118189844629041));
#1324=CARTESIAN_POINT('',(0.0141174107142857,0.0115678062973113,0.0118189844629041));
#1325=CARTESIAN_POINT('',(0.00969060289549613,0.0106872594741411,0.0118189844629041));
#1326=CARTESIAN_POINT('',(0.00593773643800446,0.00817967427628125,0.0118189844629041));
#1327=CARTESIAN_POINT('',(0.00343015124014464,0.00442680781878958,0.0118189844629041));
#1328=CARTESIAN_POINT('',(0.00254960441697444,1.70642728158259E-18,0.0118189844629041));
#1329=CARTESIAN_POINT('',(0.00343015124014465,-0.00442680781878957,0.0118189844629041));
#1330=CARTESIAN_POINT('',(0.00593773643800446,-0.00817967427628124,0.0118189844629041));
#1331=CARTESIAN_POINT('',(0.00969060289549613,-0.0106872594741411,0.0118189844629041));
#1332=CARTESIAN_POINT('',(0.0141174107142857,-0.0115678062973113,0.0118189844629041));
#1333=CARTESIAN_POINT('',(0.0185442185330753,-0.0106872594741411,0.0118189844629041));
#1334=CARTESIAN_POINT('',(0.0222970849905669,-0.00817967427628124,0.0118189844629041));
#1335=CARTESIAN_POINT('',(0.0248046701884268,-0.00442680781878955,0.0118189844629041));
#1336=CARTESIAN_POINT('',(0.025685217011597,-7.91467585914418E-18,0.0118189844629041));
#1337=CARTESIAN_POINT('',(0.0248046701884267,0.00442680781878957,0.0118189844629041));
#1338=CARTESIAN_POINT('',(0.0248825743400735,-0.00445907677496681,0.0122020687317405));
#1339=CARTESIAN_POINT('',(0.0257695398577098,-8.89045781438114E-18,0.0122020687317405));
#1340=CARTESIAN_POINT('',(0.0248825743400735,0.00445907677496684,0.0122020687317405));
#1341=CARTESIAN_POINT('',(0.0223567102468623,0.0082392995325766,0.0122020687317405));
#1342=CARTESIAN_POINT('',(0.0185764874892525,0.0107651636257878,0.0122020687317405));
#1343=CARTESIAN_POINT('',(0.0141174107142857,0.0116521291434241,0.0122020687317405));
#1344=CARTESIAN_POINT('',(0.00965833393931886,0.0107651636257878,0.0122020687317405));
#1345=CARTESIAN_POINT('',(0.00587811118170911,0.0082392995325766,0.0122020687317405));
#1346=CARTESIAN_POINT('',(0.00335224708849788,0.00445907677496684,0.0122020687317405));
#1347=CARTESIAN_POINT('',(0.00246528157086158,1.76658647317235E-18,0.0122020687317405));
#1348=CARTESIAN_POINT('',(0.00335224708849788,-0.00445907677496684,0.0122020687317405));
#1349=CARTESIAN_POINT('',(0.0058781111817091,-0.0082392995325766,0.0122020687317405));
#1350=CARTESIAN_POINT('',(0.00965833393931887,-0.0107651636257878,0.0122020687317405));
#1351=CARTESIAN_POINT('',(0.0141174107142857,-0.0116521291434241,0.0122020687317405));
#1352=CARTESIAN_POINT('',(0.0185764874892526,-0.0107651636257878,0.0122020687317405));
#1353=CARTESIAN_POINT('',(0.0223567102468623,-0.00823929953257659,0.0122020687317405));
#1354=CARTESIAN_POINT('',(0.0248825743400735,-0.00445907677496681,0.0122020687317405));
#1355=CARTESIAN_POINT('',(0.0257695398577098,-8.89045781438114E-18,0.0122020687317405));
#1356=CARTESIAN_POINT('',(0.0248825743400735,0.00445907677496684,0.0122020687317405));
#1357=CARTESIAN_POINT('',(0.0248844682407598,-0.00445986125431687,0.0125734153849657));
#1358=CARTESIAN_POINT('',(0.0257715898010408,-8.99887803162969E-18,0.0125734153849657));
#1359=CARTESIAN_POINT('',(0.0248844682407598,0.00445986125431689,0.0125734153849657));
#1360=CARTESIAN_POINT('',(0.0223581597756927,0.00824074906140698,0.0125734153849657));
#1361=CARTESIAN_POINT('',(0.0185772719686026,0.0107670575264741,0.0125734153849657));
#1362=CARTESIAN_POINT('',(0.0141174107142857,0.0116541790867551,0.0125734153849657));
#1363=CARTESIAN_POINT('',(0.00965754945996882,0.0107670575264741,0.0125734153849657));
#1364=CARTESIAN_POINT('',(0.00587666165287872,0.00824074906140698,0.0125734153849657));
#1365=CARTESIAN_POINT('',(0.00335035318781158,0.00445986125431689,0.0125734153849657));
#1366=CARTESIAN_POINT('',(0.0024632316275306,1.60698693706392E-18,0.0125734153849657));
#1367=CARTESIAN_POINT('',(0.00335035318781157,-0.00445986125431689,0.0125734153849657));
#1368=CARTESIAN_POINT('',(0.00587666165287873,-0.00824074906140698,0.0125734153849657));
#1369=CARTESIAN_POINT('',(0.00965754945996881,-0.0107670575264741,0.0125734153849657));
#1370=CARTESIAN_POINT('',(0.0141174107142857,-0.0116541790867551,0.0125734153849657));
#1371=CARTESIAN_POINT('',(0.0185772719686026,-0.0107670575264741,0.0125734153849657));
#1372=CARTESIAN_POINT('',(0.0223581597756927,-0.00824074906140698,0.0125734153849657));
#1373=CARTESIAN_POINT('',(0.0248844682407598,-0.00445986125431687,0.0125734153849657));
#1374=CARTESIAN_POINT('',(0.0257715898010408,-8.99887803162969E-18,0.0125734153849657));
#1375=CARTESIAN_POINT('',(0.0248844682407598,0.00445986125431689,0.0125734153849657));
#1376=CARTESIAN_POINT('',(0.0248658348190802,-0.00445214303834376,0.0129528875738375));
#1377=CARTESIAN_POINT('',(0.02575142113075,-8.78203759713259E-18,0.0129528875738374));
#1378=CARTESIAN_POINT('',(0.0248658348190802,0.00445214303834379,0.0129528875738375));
#1379=CARTESIAN_POINT('',(0.0223438983721626,0.00822648765787687,0.0129528875738375));
#1380=CARTESIAN_POINT('',(0.0185695537526295,0.0107484241047945,0.0129528875738375));
#1381=CARTESIAN_POINT('',(0.0141174107142857,0.0116340104164643,0.0129528875738375));
#1382=CARTESIAN_POINT('',(0.00966526767594192,0.0107484241047945,0.0129528875738375));
#1383=CARTESIAN_POINT('',(0.00589092305640883,0.00822648765787687,0.0129528875738375));
#1384=CARTESIAN_POINT('',(0.00336898660949118,0.00445214303834378,0.0129528875738375));
#1385=CARTESIAN_POINT('',(0.00248340029782135,1.60969347202819E-18,0.0129528875738375));
#1386=CARTESIAN_POINT('',(0.00336898660949118,-0.00445214303834378,0.0129528875738375));
#1387=CARTESIAN_POINT('',(0.00589092305640883,-0.00822648765787687,0.0129528875738375));
#1388=CARTESIAN_POINT('',(0.00966526767594191,-0.0107484241047945,0.0129528875738375));
#1389=CARTESIAN_POINT('',(0.0141174107142857,-0.0116340104164643,0.0129528875738375));
#1390=CARTESIAN_POINT('',(0.0185695537526295,-0.0107484241047945,0.0129528875738375));
#1391=CARTESIAN_POINT('',(0.0223438983721626,-0.00822648765787686,0.0129528875738375));
#1392=CARTESIAN_POINT('',(0.0248658348190802,-0.00445214303834376,0.0129528875738375));
#1393=CARTESIAN_POINT('',(0.02575142113075,-8.78203759713259E-18,0.0129528875738374));
#1394=CARTESIAN_POINT('',(0.0248658348190802,0.00445214303834379,0.0129528875738375));
#1395=CARTESIAN_POINT('',(0.0248172842007954,-0.00443203271378859,0.0133904820935642));
#1396=CARTESIAN_POINT('',(0.0256988703201992,-8.99887803162969E-18,0.0133904820935642));
#1397=CARTESIAN_POINT('',(0.0248172842007954,0.00443203271378861,0.0133904820935642));
#1398=CARTESIAN_POINT('',(0.0223067393376652,0.00818932862337951,0.0133904820935642));
#1399=CARTESIAN_POINT('',(0.0185494434280743,0.0106998734865097,0.0133904820935642));
#1400=CARTESIAN_POINT('',(0.0141174107142857,0.0115814596059135,0.0133904820935642));
#1401=CARTESIAN_POINT('',(0.00968537800049709,0.0106998734865097,0.0133904820935642));
#1402=CARTESIAN_POINT('',(0.0059280820909062,0.00818932862337951,0.0133904820935642));
#1403=CARTESIAN_POINT('',(0.00341753722777599,0.00443203271378861,0.0133904820935642));
#1404=CARTESIAN_POINT('',(0.00253595110837222,2.41620118671229E-18,0.0133904820935642));
#1405=CARTESIAN_POINT('',(0.00341753722777599,-0.00443203271378861,0.0133904820935642));
#1406=CARTESIAN_POINT('',(0.0059280820909062,-0.00818932862337951,0.0133904820935642));
#1407=CARTESIAN_POINT('',(0.00968537800049708,-0.0106998734865097,0.0133904820935642));
#1408=CARTESIAN_POINT('',(0.0141174107142857,-0.0115814596059135,0.0133904820935642));
#1409=CARTESIAN_POINT('',(0.0185494434280743,-0.0106998734865097,0.0133904820935642));
#1410=CARTESIAN_POINT('',(0.0223067393376652,-0.0081893286233795,0.0133904820935642));
#1411=CARTESIAN_POINT('',(0.0248172842007954,-0.00443203271378859,0.0133904820935642));
#1412=CARTESIAN_POINT('',(0.0256988703201992,-8.99887803162969E-18,0.0133904820935642));
#1413=CARTESIAN_POINT('',(0.0248172842007954,0.00443203271378861,0.0133904820935642));
#1414=CARTESIAN_POINT('',(0.0246490946504411,-0.00436236632098242,0.0139356501229616));
#1415=CARTESIAN_POINT('',(0.025516823262725,-8.23993651088983E-18,0.0139356501229616));
#1416=CARTESIAN_POINT('',(0.0246490946504411,0.00436236632098244,0.0139356501229616));
#1417=CARTESIAN_POINT('',(0.0221780126288302,0.00806060191454447,0.0139356501229616));
#1418=CARTESIAN_POINT('',(0.0184797770352681,0.0105316839361554,0.0139356501229616));
#1419=CARTESIAN_POINT('',(0.0141174107142857,0.0113994125484393,0.0139356501229616));
#1420=CARTESIAN_POINT('',(0.00975504439330327,0.0105316839361554,0.0139356501229616));
#1421=CARTESIAN_POINT('',(0.00605680879974123,0.00806060191454448,0.0139356501229616));
#1422=CARTESIAN_POINT('',(0.00358572677813028,0.00436236632098244,0.0139356501229616));
#1423=CARTESIAN_POINT('',(0.00271799816584637,1.90064928941004E-18,0.0139356501229616));
#1424=CARTESIAN_POINT('',(0.00358572677813027,-0.00436236632098244,0.0139356501229616));
#1425=CARTESIAN_POINT('',(0.00605680879974122,-0.00806060191454447,0.0139356501229616));
#1426=CARTESIAN_POINT('',(0.00975504439330327,-0.0105316839361554,0.0139356501229616));
#1427=CARTESIAN_POINT('',(0.0141174107142857,-0.0113994125484393,0.0139356501229616));
#1428=CARTESIAN_POINT('',(0.0184797770352681,-0.0105316839361554,0.0139356501229616));
#1429=CARTESIAN_POINT('',(0.0221780126288302,-0.00806060191454448,0.0139356501229616));
#1430=CARTESIAN_POINT('',(0.0246490946504411,-0.00436236632098242,0.0139356501229616));
#1431=CARTESIAN_POINT('',(0.025516823262725,-8.23993651088983E-18,0.0139356501229616));
#1432=CARTESIAN_POINT('',(0.0246490946504411,0.00436236632098244,0.0139356501229616));
#1433=CARTESIAN_POINT('',(0.0241903450271339,-0.00417234600527499,0.0146369385630686));
#1434=CARTESIAN_POINT('',(0.0250202762485702,-8.23993651088983E-18,0.0146369385630686));
#1435=CARTESIAN_POINT('',(0.0241903450271339,0.00417234600527502,0.0146369385630686));
#1436=CARTESIAN_POINT('',(0.0218269008679433,0.00770949015365763,0.0146369385630686));
#1437=CARTESIAN_POINT('',(0.0182897567195607,0.0100729343128481,0.0146369385630686));
#1438=CARTESIAN_POINT('',(0.0141174107142857,0.0109028655342845,0.0146369385630686));
#1439=CARTESIAN_POINT('',(0.00994506470901069,0.0100729343128481,0.0146369385630686));
#1440=CARTESIAN_POINT('',(0.00640792056062807,0.00770949015365763,0.0146369385630686));
#1441=CARTESIAN_POINT('',(0.00404447640143755,0.00417234600527502,0.0146369385630686));
#1442=CARTESIAN_POINT('',(0.00321454518000124,1.12805597984062E-18,0.0146369385630686));
#1443=CARTESIAN_POINT('',(0.00404447640143756,-0.00417234600527501,0.0146369385630686));
#1444=CARTESIAN_POINT('',(0.00640792056062807,-0.00770949015365763,0.0146369385630686));
#1445=CARTESIAN_POINT('',(0.00994506470901069,-0.0100729343128481,0.0146369385630686));
#1446=CARTESIAN_POINT('',(0.0141174107142857,-0.0109028655342845,0.0146369385630686));
#1447=CARTESIAN_POINT('',(0.0182897567195607,-0.0100729343128482,0.0146369385630686));
#1448=CARTESIAN_POINT('',(0.0218269008679433,-0.00770949015365763,0.0146369385630686));
#1449=CARTESIAN_POINT('',(0.0241903450271339,-0.00417234600527499,0.0146369385630686));
#1450=CARTESIAN_POINT('',(0.0250202762485702,-8.23993651088983E-18,0.0146369385630686));
#1451=CARTESIAN_POINT('',(0.0241903450271339,0.00417234600527502,0.0146369385630686));
#1452=CARTESIAN_POINT('',(0.0235066992022191,-0.00388917063273555,0.0152925666290288));
#1453=CARTESIAN_POINT('',(0.0242803033399199,-8.02309607639273E-18,0.0152925666290288));
#1454=CARTESIAN_POINT('',(0.0235066992022191,0.00388917063273557,0.0152925666290288));
#1455=CARTESIAN_POINT('',(0.0213036610063424,0.00718625029205672,0.0152925666290288));
#1456=CARTESIAN_POINT('',(0.0180065813470213,0.00938928848793336,0.0152925666290288));
#1457=CARTESIAN_POINT('',(0.0141174107142857,0.0101628926256342,0.0152925666290288));
#1458=CARTESIAN_POINT('',(0.0102282400815501,0.00938928848793336,0.0152925666290288));
#1459=CARTESIAN_POINT('',(0.00693116042222898,0.00718625029205672,0.0152925666290288));
#1460=CARTESIAN_POINT('',(0.00472812222635234,0.00388917063273557,0.0152925666290288));
#1461=CARTESIAN_POINT('',(0.00395451808865147,1.67275772192923E-18,0.0152925666290288));
#1462=CARTESIAN_POINT('',(0.00472812222635235,-0.00388917063273557,0.0152925666290288));
#1463=CARTESIAN_POINT('',(0.00693116042222898,-0.00718625029205672,0.0152925666290288));
#1464=CARTESIAN_POINT('',(0.0102282400815501,-0.00938928848793336,0.0152925666290288));
#1465=CARTESIAN_POINT('',(0.0141174107142857,-0.0101628926256342,0.0152925666290288));
#1466=CARTESIAN_POINT('',(0.0180065813470213,-0.00938928848793336,0.0152925666290288));
#1467=CARTESIAN_POINT('',(0.0213036610063424,-0.00718625029205672,0.0152925666290288));
#1468=CARTESIAN_POINT('',(0.0235066992022191,-0.00388917063273555,0.0152925666290288));
#1469=CARTESIAN_POINT('',(0.0242803033399199,-8.02309607639273E-18,0.0152925666290288));
#1470=CARTESIAN_POINT('',(0.0235066992022191,0.00388917063273557,0.0152925666290288));
#1471=CARTESIAN_POINT('',(0.0226681635058158,-0.00354183777475137,0.0158280065240871));
#1472=CARTESIAN_POINT('',(0.0233726788424663,-7.26415455565288E-18,0.0158280065240871));
#1473=CARTESIAN_POINT('',(0.0226681635058158,0.00354183777475139,0.0158280065240871));
#1474=CARTESIAN_POINT('',(0.020661873569422,0.00654446285513625,0.0158280065240871));
#1475=CARTESIAN_POINT('',(0.0176592484890371,0.00855075279153014,0.0158280065240871));
#1476=CARTESIAN_POINT('',(0.0141174107142857,0.00925526812818064,0.0158280065240871));
#1477=CARTESIAN_POINT('',(0.0105755729395343,0.00855075279153014,0.0158280065240871));
#1478=CARTESIAN_POINT('',(0.00757294785914944,0.00654446285513626,0.0158280065240871));
#1479=CARTESIAN_POINT('',(0.00556665792275557,0.00354183777475139,0.0158280065240871));
#1480=CARTESIAN_POINT('',(0.00486214258610506,2.03449372996602E-18,0.0158280065240871));
#1481=CARTESIAN_POINT('',(0.00556665792275556,-0.00354183777475139,0.0158280065240871));
#1482=CARTESIAN_POINT('',(0.00757294785914944,-0.00654446285513625,0.0158280065240871));
#1483=CARTESIAN_POINT('',(0.0105755729395343,-0.00855075279153014,0.0158280065240871));
#1484=CARTESIAN_POINT('',(0.0141174107142857,-0.00925526812818064,0.0158280065240871));
#1485=CARTESIAN_POINT('',(0.0176592484890371,-0.00855075279153015,0.0158280065240871));
#1486=CARTESIAN_POINT('',(0.020661873569422,-0.00654446285513625,0.0158280065240871));
#1487=CARTESIAN_POINT('',(0.0226681635058158,-0.00354183777475137,0.0158280065240871));
#1488=CARTESIAN_POINT('',(0.0233726788424663,-7.26415455565288E-18,0.0158280065240871));
#1489=CARTESIAN_POINT('',(0.0226681635058158,0.00354183777475139,0.0158280065240871));
#1490=CARTESIAN_POINT('',(0.0221153056974927,-0.00331283657248004,0.0160448186066085));
#1491=CARTESIAN_POINT('',(0.0227742698628666,-6.66784336078585E-18,0.0160448186066085));
#1492=CARTESIAN_POINT('',(0.0221153056974927,0.00331283657248006,0.0160448186066085));
#1493=CARTESIAN_POINT('',(0.020238734522024,0.00612132380773834,0.0160448186066085));
#1494=CARTESIAN_POINT('',(0.0174302472867658,0.00799789498320696,0.0160448186066085));
#1495=CARTESIAN_POINT('',(0.0141174107142857,0.00865685914858088,0.0160448186066085));
#1496=CARTESIAN_POINT('',(0.0108045741418056,0.00799789498320696,0.0160448186066085));
#1497=CARTESIAN_POINT('',(0.00799608690654737,0.00612132380773834,0.0160448186066085));
#1498=CARTESIAN_POINT('',(0.00611951573107874,0.00331283657248006,0.0160448186066085));
#1499=CARTESIAN_POINT('',(0.00546055156570483,9.39161015158006E-19,0.0160448186066085));
#1500=CARTESIAN_POINT('',(0.00611951573107874,-0.00331283657248006,0.0160448186066085));
#1501=CARTESIAN_POINT('',(0.00799608690654736,-0.00612132380773834,0.0160448186066085));
#1502=CARTESIAN_POINT('',(0.0108045741418056,-0.00799789498320696,0.0160448186066085));
#1503=CARTESIAN_POINT('',(0.0141174107142857,-0.00865685914858088,0.0160448186066085));
#1504=CARTESIAN_POINT('',(0.0174302472867658,-0.00799789498320696,0.0160448186066085));
#1505=CARTESIAN_POINT('',(0.020238734522024,-0.00612132380773834,0.0160448186066085));
#1506=CARTESIAN_POINT('',(0.0221153056974927,-0.00331283657248004,0.0160448186066085));
#1507=CARTESIAN_POINT('',(0.0227742698628666,-6.66784336078585E-18,0.0160448186066085));
#1508=CARTESIAN_POINT('',(0.0221153056974927,0.00331283657248006,0.0160448186066085));
#1509=CARTESIAN_POINT('',(0.0218551939650588,-0.00320509476517359,0.0161483581227953));
#1510=CARTESIAN_POINT('',(0.0224927269524757,-6.1257422745431E-18,0.0161483581227953));
#1511=CARTESIAN_POINT('',(0.0218551939650588,0.00320509476517361,0.0161483581227953));
#1512=CARTESIAN_POINT('',(0.0200396536208916,0.00592224290660593,0.0161483581227953));
#1513=CARTESIAN_POINT('',(0.0173225054794593,0.00773778325077313,0.0161483581227953));
#1514=CARTESIAN_POINT('',(0.0141174107142857,0.00837531623818996,0.0161483581227953));
#1515=CARTESIAN_POINT('',(0.0109123159491121,0.00773778325077313,0.0161483581227953));
#1516=CARTESIAN_POINT('',(0.00819516780767978,0.00592224290660593,0.0161483581227953));
#1517=CARTESIAN_POINT('',(0.00637962746351257,0.00320509476517361,0.0161483581227953));
#1518=CARTESIAN_POINT('',(0.00574209447609574,1.26912667022786E-18,0.0161483581227953));
#1519=CARTESIAN_POINT('',(0.00637962746351257,-0.00320509476517361,0.0161483581227953));
#1520=CARTESIAN_POINT('',(0.00819516780767977,-0.00592224290660593,0.0161483581227953));
#1521=CARTESIAN_POINT('',(0.0109123159491121,-0.00773778325077313,0.0161483581227953));
#1522=CARTESIAN_POINT('',(0.0141174107142857,-0.00837531623818996,0.0161483581227953));
#1523=CARTESIAN_POINT('',(0.0173225054794593,-0.00773778325077313,0.0161483581227953));
#1524=CARTESIAN_POINT('',(0.0200396536208916,-0.00592224290660592,0.0161483581227953));
#1525=CARTESIAN_POINT('',(0.0218551939650588,-0.00320509476517359,0.0161483581227953));
#1526=CARTESIAN_POINT('',(0.0224927269524757,-6.1257422745431E-18,0.0161483581227953));
#1527=CARTESIAN_POINT('',(0.0218551939650588,0.00320509476517361,0.0161483581227953));
#1528=CARTESIAN_POINT('',(0.0141174107142857,0.,0.0161483581227953));
#1529=CARTESIAN_POINT('',(0.02228021595667,0.,0.0161483581227953));
#1530=CARTESIAN_POINT('',(0.0141174107142857,0.,0.0167173508541704));
#1531=CARTESIAN_POINT('',(0.0141174107142857,0.,0.017182699814852));
#1532=CARTESIAN_POINT('',(0.0221095906522977,0.,0.017182699814852));
#1533=CARTESIAN_POINT('',(0.0141174107142857,0.,0.017182699814852));
#1534=CARTESIAN_POINT('',(0.0141174107142857,0.,0.0172661434249723));
#1535=CARTESIAN_POINT('',(0.0222067978042262,0.,0.0172661434249723));
#1536=CARTESIAN_POINT('',(0.0217855985584046,-0.00317626740385855,0.0172661434249723));
#1537=CARTESIAN_POINT('',(0.022417397427137,-6.17995238316738E-18,0.0172661434249722));
#1538=CARTESIAN_POINT('',(0.0217855985584046,0.00317626740385857,0.0172661434249722));
#1539=CARTESIAN_POINT('',(0.0199863876027011,0.00586897688841538,0.0172661434249722));
#1540=CARTESIAN_POINT('',(0.0172936781181443,0.00766818784411894,0.0172661434249722));
#1541=CARTESIAN_POINT('',(0.0141174107142857,0.00829998671285128,0.0172661434249723));
#1542=CARTESIAN_POINT('',(0.0109411433104271,0.00766818784411893,0.0172661434249722));
#1543=CARTESIAN_POINT('',(0.00824843382587032,0.00586897688841539,0.0172661434249723));
#1544=CARTESIAN_POINT('',(0.00644922287016676,0.00317626740385857,0.0172661434249722));
#1545=CARTESIAN_POINT('',(0.00581742400143442,1.22685443220395E-18,0.0172661434249722));
#1546=CARTESIAN_POINT('',(0.00644922287016677,-0.00317626740385857,0.0172661434249723));
#1547=CARTESIAN_POINT('',(0.00824843382587032,-0.00586897688841538,0.0172661434249723));
#1548=CARTESIAN_POINT('',(0.0109411433104271,-0.00766818784411893,0.0172661434249722));
#1549=CARTESIAN_POINT('',(0.0141174107142857,-0.00829998671285128,0.0172661434249723));
#1550=CARTESIAN_POINT('',(0.0172936781181443,-0.00766818784411894,0.0172661434249723));
#1551=CARTESIAN_POINT('',(0.0199863876027011,-0.00586897688841538,0.0172661434249722));
#1552=CARTESIAN_POINT('',(0.0217855985584046,-0.00317626740385855,0.0172661434249723));
#1553=CARTESIAN_POINT('',(0.022417397427137,-6.17995238316738E-18,0.0172661434249722));
#1554=CARTESIAN_POINT('',(0.0217855985584046,0.00317626740385857,0.0172661434249722));
#1555=CARTESIAN_POINT('',(0.0218871757426066,-0.00321834205118265,0.0174756973670111));
#1556=CARTESIAN_POINT('',(0.0225273437790448,-6.61363325216158E-18,0.0174756973670111));
#1557=CARTESIAN_POINT('',(0.0218871757426065,0.00321834205118267,0.0174756973670111));
#1558=CARTESIAN_POINT('',(0.0200641314137018,0.00594672069941611,0.0174756973670111));
#1559=CARTESIAN_POINT('',(0.0173357527654684,0.00776976502832084,0.0174756973670111));
#1560=CARTESIAN_POINT('',(0.0141174107142857,0.00840993306475909,0.0174756973670111));
#1561=CARTESIAN_POINT('',(0.010899068663103,0.00776976502832084,0.0174756973670111));
#1562=CARTESIAN_POINT('',(0.00817069001486959,0.00594672069941612,0.0174756973670111));
#1563=CARTESIAN_POINT('',(0.00634764568596486,0.00321834205118266,0.0174756973670111));
#1564=CARTESIAN_POINT('',(0.00570747764952661,1.30079776152129E-18,0.0174756973670111));
#1565=CARTESIAN_POINT('',(0.00634764568596487,-0.00321834205118266,0.0174756973670111));
#1566=CARTESIAN_POINT('',(0.00817069001486958,-0.00594672069941612,0.0174756973670111));
#1567=CARTESIAN_POINT('',(0.010899068663103,-0.00776976502832084,0.0174756973670111));
#1568=CARTESIAN_POINT('',(0.0141174107142857,-0.00840993306475909,0.0174756973670111));
#1569=CARTESIAN_POINT('',(0.0173357527654684,-0.00776976502832084,0.0174756973670111));
#1570=CARTESIAN_POINT('',(0.0200641314137018,-0.00594672069941612,0.0174756973670111));
#1571=CARTESIAN_POINT('',(0.0218871757426066,-0.00321834205118265,0.0174756973670111));
#1572=CARTESIAN_POINT('',(0.0225273437790448,-6.61363325216158E-18,0.0174756973670111));
#1573=CARTESIAN_POINT('',(0.0218871757426065,0.00321834205118267,0.0174756973670111));
#1574=CARTESIAN_POINT('',(0.0219459358774161,-0.00324268129594763,0.0176741676917312));
#1575=CARTESIAN_POINT('',(0.0225909452906507,-5.63785129692462E-18,0.0176741676917312));
#1576=CARTESIAN_POINT('',(0.0219459358774161,0.00324268129594765,0.0176741676917312));
#1577=CARTESIAN_POINT('',(0.0201091044738521,0.00599169375956642,0.0176741676917312));
#1578=CARTESIAN_POINT('',(0.0173600920102334,0.00782852516313038,0.0176741676917312));
#1579=CARTESIAN_POINT('',(0.0141174107142857,0.00847353457636507,0.0176741676917312));
#1580=CARTESIAN_POINT('',(0.0108747294183381,0.00782852516313038,0.0176741676917312));
#1581=CARTESIAN_POINT('',(0.00812571695471928,0.00599169375956642,0.0176741676917312));
#1582=CARTESIAN_POINT('',(0.00628888555115532,0.00324268129594765,0.0176741676917312));
#1583=CARTESIAN_POINT('',(0.00564387613792064,1.37067797966977E-18,0.0176741676917312));
#1584=CARTESIAN_POINT('',(0.00628888555115532,-0.00324268129594765,0.0176741676917312));
#1585=CARTESIAN_POINT('',(0.00812571695471928,-0.00599169375956641,0.0176741676917312));
#1586=CARTESIAN_POINT('',(0.010874729418338,-0.00782852516313038,0.0176741676917312));
#1587=CARTESIAN_POINT('',(0.0141174107142857,-0.00847353457636506,0.0176741676917312));
#1588=CARTESIAN_POINT('',(0.0173600920102334,-0.00782852516313038,0.0176741676917312));
#1589=CARTESIAN_POINT('',(0.0201091044738521,-0.00599169375956641,0.0176741676917312));
#1590=CARTESIAN_POINT('',(0.0219459358774161,-0.00324268129594763,0.0176741676917312));
#1591=CARTESIAN_POINT('',(0.0225909452906507,-5.63785129692462E-18,0.0176741676917312));
#1592=CARTESIAN_POINT('',(0.0219459358774161,0.00324268129594765,0.0176741676917312));
#1593=CARTESIAN_POINT('',(0.0219618789628334,-0.00324928513815356,0.0178615543991328));
#1594=CARTESIAN_POINT('',(0.0226082019619551,-6.28837260041593E-18,0.0178615543991327));
#1595=CARTESIAN_POINT('',(0.0219618789628334,0.00324928513815358,0.0178615543991328));
#1596=CARTESIAN_POINT('',(0.0201213067831521,0.0060038960688664,0.0178615543991328));
#1597=CARTESIAN_POINT('',(0.0173666958524393,0.0078444682485477,0.0178615543991328));
#1598=CARTESIAN_POINT('',(0.0141174107142857,0.00849079124766937,0.0178615543991328));
#1599=CARTESIAN_POINT('',(0.0108681255761321,0.0078444682485477,0.0178615543991328));
#1600=CARTESIAN_POINT('',(0.00811351464541931,0.0060038960688664,0.0178615543991328));
#1601=CARTESIAN_POINT('',(0.00627294246573799,0.00324928513815358,0.0178615543991328));
#1602=CARTESIAN_POINT('',(0.00562661946661633,9.14008107091494E-19,0.0178615543991328));
#1603=CARTESIAN_POINT('',(0.006272942465738,-0.00324928513815358,0.0178615543991328));
#1604=CARTESIAN_POINT('',(0.0081135146454193,-0.0060038960688664,0.0178615543991328));
#1605=CARTESIAN_POINT('',(0.0108681255761321,-0.0078444682485477,0.0178615543991328));
#1606=CARTESIAN_POINT('',(0.0141174107142857,-0.00849079124766938,0.0178615543991328));
#1607=CARTESIAN_POINT('',(0.0173666958524393,-0.00784446824854771,0.0178615543991328));
#1608=CARTESIAN_POINT('',(0.0201213067831521,-0.0060038960688664,0.0178615543991328));
#1609=CARTESIAN_POINT('',(0.0219618789628334,-0.00324928513815356,0.0178615543991328));
#1610=CARTESIAN_POINT('',(0.0226082019619551,-6.28837260041593E-18,0.0178615543991327));
#1611=CARTESIAN_POINT('',(0.0219618789628334,0.00324928513815358,0.0178615543991328));
#1612=CARTESIAN_POINT('',(0.0141174107142857,0.,0.0178615543991327));
#1613=CARTESIAN_POINT('',(0.0223927609622478,0.,0.0178615543991327));
#1614=CARTESIAN_POINT('',(0.0219618789628334,-0.00324928513815356,0.0178615543991328));
#1615=CARTESIAN_POINT('',(0.0226082019619551,-6.28837260041593E-18,0.0178615543991327));
#1616=CARTESIAN_POINT('',(0.0219618789628334,0.00324928513815358,0.0178615543991327));
#1617=CARTESIAN_POINT('',(0.0201213067831521,0.0060038960688664,0.0178615543991328));
#1618=CARTESIAN_POINT('',(0.0173666958524393,0.0078444682485477,0.0178615543991327));
#1619=CARTESIAN_POINT('',(0.0141174107142857,0.00849079124766937,0.0178615543991327));
#1620=CARTESIAN_POINT('',(0.0108681255761321,0.0078444682485477,0.0178615543991328));
#1621=CARTESIAN_POINT('',(0.00811351464541931,0.0060038960688664,0.0178615543991328));
#1622=CARTESIAN_POINT('',(0.00627294246573799,0.00324928513815358,0.0178615543991327));
#1623=CARTESIAN_POINT('',(0.00562661946661633,1.08830498832377E-18,0.0178615543991327));
#1624=CARTESIAN_POINT('',(0.006272942465738,-0.00324928513815358,0.0178615543991328));
#1625=CARTESIAN_POINT('',(0.0081135146454193,-0.0060038960688664,0.0178615543991327));
#1626=CARTESIAN_POINT('',(0.0108681255761321,-0.0078444682485477,0.0178615543991328));
#1627=CARTESIAN_POINT('',(0.0141174107142857,-0.00849079124766937,0.0178615543991328));
#1628=CARTESIAN_POINT('',(0.0173666958524393,-0.00784446824854771,0.0178615543991328));
#1629=CARTESIAN_POINT('',(0.0201213067831521,-0.0060038960688664,0.0178615543991327));
#1630=CARTESIAN_POINT('',(0.0219618789628334,-0.00324928513815356,0.0178615543991328));
#1631=CARTESIAN_POINT('',(0.0226082019619551,-6.28837260041593E-18,0.0178615543991327));
#1632=CARTESIAN_POINT('',(0.0219618789628334,0.00324928513815358,0.0178615543991327));
#1633=CARTESIAN_POINT('',(0.0219770953836524,-0.00325558798602755,0.0180404002699962));
#1634=CARTESIAN_POINT('',(0.0226246720971659,-6.50521303491303E-18,0.0180404002699962));
#1635=CARTESIAN_POINT('',(0.0219770953836524,0.00325558798602757,0.0180404002699962));
#1636=CARTESIAN_POINT('',(0.0201329529274467,0.00601554221316103,0.0180404002699962));
#1637=CARTESIAN_POINT('',(0.0173729987003133,0.00785968466936668,0.0180404002699962));
#1638=CARTESIAN_POINT('',(0.0141174107142857,0.00850726138288019,0.0180404002699962));
#1639=CARTESIAN_POINT('',(0.0108618227282581,0.00785968466936668,0.0180404002699962));
#1640=CARTESIAN_POINT('',(0.00810186850112467,0.00601554221316103,0.0180404002699962));
#1641=CARTESIAN_POINT('',(0.00625772604491902,0.00325558798602757,0.0180404002699962));
#1642=CARTESIAN_POINT('',(0.0056101493314055,1.45929218433135E-18,0.0180404002699962));
#1643=CARTESIAN_POINT('',(0.00625772604491902,-0.00325558798602757,0.0180404002699962));
#1644=CARTESIAN_POINT('',(0.00810186850112466,-0.00601554221316103,0.0180404002699962));
#1645=CARTESIAN_POINT('',(0.0108618227282581,-0.00785968466936667,0.0180404002699962));
#1646=CARTESIAN_POINT('',(0.0141174107142857,-0.00850726138288019,0.0180404002699962));
#1647=CARTESIAN_POINT('',(0.0173729987003133,-0.00785968466936668,0.0180404002699962));
#1648=CARTESIAN_POINT('',(0.0201329529274467,-0.00601554221316103,0.0180404002699962));
#1649=CARTESIAN_POINT('',(0.0219770953836524,-0.00325558798602755,0.0180404002699962));
#1650=CARTESIAN_POINT('',(0.0226246720971659,-6.50521303491303E-18,0.0180404002699962));
#1651=CARTESIAN_POINT('',(0.0219770953836524,0.00325558798602757,0.0180404002699962));
#1652=CARTESIAN_POINT('',(0.0219770953836524,-0.00325558798602756,0.0181798641232777));
#1653=CARTESIAN_POINT('',(0.0226246720971659,-5.74627151417317E-18,0.0181798641232777));
#1654=CARTESIAN_POINT('',(0.0219770953836524,0.00325558798602757,0.0181798641232777));
#1655=CARTESIAN_POINT('',(0.0201329529274467,0.00601554221316103,0.0181798641232777));
#1656=CARTESIAN_POINT('',(0.0173729987003133,0.00785968466936668,0.0181798641232777));
#1657=CARTESIAN_POINT('',(0.0141174107142857,0.0085072613828802,0.0181798641232777));
#1658=CARTESIAN_POINT('',(0.0108618227282581,0.00785968466936667,0.0181798641232777));
#1659=CARTESIAN_POINT('',(0.00810186850112467,0.00601554221316103,0.0181798641232777));
#1660=CARTESIAN_POINT('',(0.00625772604491902,0.00325558798602757,0.0181798641232777));
#1661=CARTESIAN_POINT('',(0.00561014933140551,9.36441245303932E-19,0.0181798641232777));
#1662=CARTESIAN_POINT('',(0.00625772604491902,-0.00325558798602757,0.0181798641232777));
#1663=CARTESIAN_POINT('',(0.00810186850112467,-0.00601554221316103,0.0181798641232777));
#1664=CARTESIAN_POINT('',(0.0108618227282581,-0.00785968466936667,0.0181798641232777));
#1665=CARTESIAN_POINT('',(0.0141174107142857,-0.0085072613828802,0.0181798641232777));
#1666=CARTESIAN_POINT('',(0.0173729987003133,-0.00785968466936668,0.0181798641232777));
#1667=CARTESIAN_POINT('',(0.0201329529274467,-0.00601554221316103,0.0181798641232777));
#1668=CARTESIAN_POINT('',(0.0219770953836524,-0.00325558798602756,0.0181798641232777));
#1669=CARTESIAN_POINT('',(0.0226246720971659,-5.74627151417317E-18,0.0181798641232777));
#1670=CARTESIAN_POINT('',(0.0219770953836524,0.00325558798602757,0.0181798641232777));
#1671=CARTESIAN_POINT('',(0.0219618789628334,-0.00324928513815356,0.0182799459589772));
#1672=CARTESIAN_POINT('',(0.0226082019619551,-6.28837260041593E-18,0.0182799459589771));
#1673=CARTESIAN_POINT('',(0.0219618789628334,0.00324928513815358,0.0182799459589771));
#1674=CARTESIAN_POINT('',(0.0201213067831521,0.0060038960688664,0.0182799459589771));
#1675=CARTESIAN_POINT('',(0.0173666958524393,0.0078444682485477,0.0182799459589772));
#1676=CARTESIAN_POINT('',(0.0141174107142857,0.00849079124766937,0.0182799459589771));
#1677=CARTESIAN_POINT('',(0.0108681255761321,0.0078444682485477,0.0182799459589772));
#1678=CARTESIAN_POINT('',(0.00811351464541931,0.0060038960688664,0.0182799459589772));
#1679=CARTESIAN_POINT('',(0.00627294246573799,0.00324928513815358,0.0182799459589771));
#1680=CARTESIAN_POINT('',(0.00562661946661633,1.08830498832377E-18,0.0182799459589772));
#1681=CARTESIAN_POINT('',(0.006272942465738,-0.00324928513815358,0.0182799459589771));
#1682=CARTESIAN_POINT('',(0.0081135146454193,-0.0060038960688664,0.0182799459589772));
#1683=CARTESIAN_POINT('',(0.0108681255761321,-0.0078444682485477,0.0182799459589772));
#1684=CARTESIAN_POINT('',(0.0141174107142857,-0.00849079124766937,0.0182799459589772));
#1685=CARTESIAN_POINT('',(0.0173666958524393,-0.00784446824854771,0.0182799459589772));
#1686=CARTESIAN_POINT('',(0.0201213067831521,-0.0060038960688664,0.0182799459589771));
#1687=CARTESIAN_POINT('',(0.0219618789628334,-0.00324928513815356,0.0182799459589772));
#1688=CARTESIAN_POINT('',(0.0226082019619551,-6.28837260041593E-18,0.0182799459589771));
#1689=CARTESIAN_POINT('',(0.0219618789628334,0.00324928513815358,0.0182799459589771));
#1690=CARTESIAN_POINT('',(0.0141174107142857,0.,0.0182799459589771));
#1691=CARTESIAN_POINT('',(0.0223923324621903,0.,0.0182799074436387));
#1692=CARTESIAN_POINT('',(0.0141174107142857,0.,0.0182026482432691));
#1693=CARTESIAN_POINT('',(0.0141174107142857,0.,0.0184566508978605));
#1694=CARTESIAN_POINT('',(0.0223572123795748,0.,0.0184566508978605));
#1695=CARTESIAN_POINT('',(0.0219281813283281,-0.00323532712092155,0.0184566508978606));
#1696=CARTESIAN_POINT('',(0.0225717279051982,-6.23416249179165E-18,0.0184566508978605));
#1697=CARTESIAN_POINT('',(0.0219281813283281,0.00323532712092157,0.0184566508978605));
#1698=CARTESIAN_POINT('',(0.0200955157302819,0.00597810501599621,0.0184566508978605));
#1699=CARTESIAN_POINT('',(0.0173527378352073,0.00781077061404235,0.0184566508978606));
#1700=CARTESIAN_POINT('',(0.0141174107142857,0.00845431719091247,0.0184566508978605));
#1701=CARTESIAN_POINT('',(0.0108820835933641,0.00781077061404235,0.0184566508978606));
#1702=CARTESIAN_POINT('',(0.00813930569828949,0.00597810501599621,0.0184566508978605));
#1703=CARTESIAN_POINT('',(0.00630664010024335,0.00323532712092157,0.0184566508978605));
#1704=CARTESIAN_POINT('',(0.00566309352337323,1.55043425294489E-18,0.0184566508978605));
#1705=CARTESIAN_POINT('',(0.00630664010024335,-0.00323532712092157,0.0184566508978606));
#1706=CARTESIAN_POINT('',(0.00813930569828948,-0.00597810501599621,0.0184566508978605));
#1707=CARTESIAN_POINT('',(0.0108820835933641,-0.00781077061404235,0.0184566508978606));
#1708=CARTESIAN_POINT('',(0.0141174107142857,-0.00845431719091248,0.0184566508978606));
#1709=CARTESIAN_POINT('',(0.0173527378352073,-0.00781077061404235,0.0184566508978606));
#1710=CARTESIAN_POINT('',(0.0200955157302819,-0.00597810501599621,0.0184566508978606));
#1711=CARTESIAN_POINT('',(0.0219281813283281,-0.00323532712092155,0.0184566508978606));
#1712=CARTESIAN_POINT('',(0.0225717279051982,-6.23416249179165E-18,0.0184566508978605));
#1713=CARTESIAN_POINT('',(0.0219281813283281,0.00323532712092157,0.0184566508978605));
#1714=CARTESIAN_POINT('',(0.0219003152882188,-0.00322378462917864,0.0185457803538412));
#1715=CARTESIAN_POINT('',(0.0225415659207308,-6.17995238316738E-18,0.0185457803538412));
#1716=CARTESIAN_POINT('',(0.0219003152882187,0.00322378462917866,0.0185457803538412));
#1717=CARTESIAN_POINT('',(0.020074187986531,0.00595677727224529,0.0185457803538412));
#1718=CARTESIAN_POINT('',(0.0173411953434643,0.00778290457393303,0.0185457803538412));
#1719=CARTESIAN_POINT('',(0.0141174107142857,0.00842415520644511,0.0185457803538412));
#1720=CARTESIAN_POINT('',(0.010893626085107,0.00778290457393303,0.0185457803538412));
#1721=CARTESIAN_POINT('',(0.0081606334420404,0.0059567772722453,0.0185457803538412));
#1722=CARTESIAN_POINT('',(0.00633450614035266,0.00322378462917866,0.0185457803538412));
#1723=CARTESIAN_POINT('',(0.00569325550784059,8.7026679629969E-19,0.0185457803538412));
#1724=CARTESIAN_POINT('',(0.00633450614035267,-0.00322378462917866,0.0185457803538412));
#1725=CARTESIAN_POINT('',(0.0081606334420404,-0.00595677727224529,0.0185457803538412));
#1726=CARTESIAN_POINT('',(0.010893626085107,-0.00778290457393303,0.0185457803538412));
#1727=CARTESIAN_POINT('',(0.0141174107142857,-0.00842415520644511,0.0185457803538412));
#1728=CARTESIAN_POINT('',(0.0173411953434644,-0.00778290457393303,0.0185457803538412));
#1729=CARTESIAN_POINT('',(0.020074187986531,-0.00595677727224529,0.0185457803538412));
#1730=CARTESIAN_POINT('',(0.0219003152882188,-0.00322378462917864,0.0185457803538412));
#1731=CARTESIAN_POINT('',(0.0225415659207308,-6.17995238316738E-18,0.0185457803538412));
#1732=CARTESIAN_POINT('',(0.0219003152882187,0.00322378462917866,0.0185457803538412));
#1733=CARTESIAN_POINT('',(0.021806991338246,-0.00318512858340568,0.0187226940826823));
#1734=CARTESIAN_POINT('',(0.0224405528051798,-6.07153216591882E-18,0.0187226940826823));
#1735=CARTESIAN_POINT('',(0.0218069913382459,0.0031851285834057,0.0187226940826823));
#1736=CARTESIAN_POINT('',(0.0200027609275361,0.00588535021325039,0.0187226940826823));
#1737=CARTESIAN_POINT('',(0.0173025392976914,0.00768958062396025,0.0187226940826823));
#1738=CARTESIAN_POINT('',(0.0141174107142857,0.00832314209089409,0.0187226940826823));
#1739=CARTESIAN_POINT('',(0.01093228213088,0.00768958062396025,0.0187226940826823));
#1740=CARTESIAN_POINT('',(0.00823206050103531,0.00588535021325039,0.0187226940826823));
#1741=CARTESIAN_POINT('',(0.00642783009032545,0.0031851285834057,0.0187226940826823));
#1742=CARTESIAN_POINT('',(0.00579426862339161,1.22979919518464E-18,0.0187226940826823));
#1743=CARTESIAN_POINT('',(0.00642783009032545,-0.0031851285834057,0.0187226940826823));
#1744=CARTESIAN_POINT('',(0.0082320605010353,-0.00588535021325039,0.0187226940826823));
#1745=CARTESIAN_POINT('',(0.01093228213088,-0.00768958062396025,0.0187226940826823));
#1746=CARTESIAN_POINT('',(0.0141174107142857,-0.00832314209089409,0.0187226940826823));
#1747=CARTESIAN_POINT('',(0.0173025392976914,-0.00768958062396025,0.0187226940826823));
#1748=CARTESIAN_POINT('',(0.0200027609275361,-0.00588535021325039,0.0187226940826823));
#1749=CARTESIAN_POINT('',(0.021806991338246,-0.00318512858340568,0.0187226940826823));
#1750=CARTESIAN_POINT('',(0.0224405528051798,-6.07153216591882E-18,0.0187226940826823));
#1751=CARTESIAN_POINT('',(0.0218069913382459,0.0031851285834057,0.0187226940826823));
#1752=CARTESIAN_POINT('',(0.0214823491690234,-0.00305065739399549,0.0189421337792041));
#1753=CARTESIAN_POINT('',(0.0220891626533273,-6.28837260041593E-18,0.018942133779204));
#1754=CARTESIAN_POINT('',(0.0214823491690234,0.00305065739399551,0.0189421337792041));
#1755=CARTESIAN_POINT('',(0.019754290568319,0.00563687985403332,0.0189421337792041));
#1756=CARTESIAN_POINT('',(0.0171680681082812,0.00736493845473771,0.0189421337792041));
#1757=CARTESIAN_POINT('',(0.0141174107142857,0.0079717519390416,0.0189421337792041));
#1758=CARTESIAN_POINT('',(0.0110667533202902,0.0073649384547377,0.0189421337792041));
#1759=CARTESIAN_POINT('',(0.00848053086025236,0.00563687985403333,0.0189421337792041));
#1760=CARTESIAN_POINT('',(0.00675247225954799,0.00305065739399551,0.0189421337792041));
#1761=CARTESIAN_POINT('',(0.00614565877524409,7.38553173001646E-19,0.0189421337792041));
#1762=CARTESIAN_POINT('',(0.00675247225954799,-0.0030506573939955,0.0189421337792041));
#1763=CARTESIAN_POINT('',(0.00848053086025236,-0.00563687985403333,0.0189421337792041));
#1764=CARTESIAN_POINT('',(0.0110667533202902,-0.0073649384547377,0.0189421337792041));
#1765=CARTESIAN_POINT('',(0.0141174107142857,-0.00797175193904161,0.0189421337792041));
#1766=CARTESIAN_POINT('',(0.0171680681082812,-0.0073649384547377,0.0189421337792041));
#1767=CARTESIAN_POINT('',(0.019754290568319,-0.00563687985403333,0.0189421337792041));
#1768=CARTESIAN_POINT('',(0.0214823491690234,-0.00305065739399549,0.0189421337792041));
#1769=CARTESIAN_POINT('',(0.0220891626533273,-6.28837260041593E-18,0.018942133779204));
#1770=CARTESIAN_POINT('',(0.0214823491690234,0.00305065739399551,0.0189421337792041));
#1771=CARTESIAN_POINT('',(0.0211016200321206,-0.00289295422189973,0.0190564165161986));
#1772=CARTESIAN_POINT('',(0.0216770644051196,-5.80048162279745E-18,0.0190564165161986));
#1773=CARTESIAN_POINT('',(0.0211016200321206,0.00289295422189975,0.0190564165161986));
#1774=CARTESIAN_POINT('',(0.0194628931024963,0.00534548238821058,0.0190564165161986));
#1775=CARTESIAN_POINT('',(0.0170103649361855,0.00698420931783487,0.0190564165161986));
#1776=CARTESIAN_POINT('',(0.0141174107142857,0.00755965369083393,0.0190564165161986));
#1777=CARTESIAN_POINT('',(0.011224456492386,0.00698420931783487,0.0190564165161986));
#1778=CARTESIAN_POINT('',(0.00877192832607512,0.00534548238821058,0.0190564165161986));
#1779=CARTESIAN_POINT('',(0.00713320139645083,0.00289295422189975,0.0190564165161986));
#1780=CARTESIAN_POINT('',(0.00655775702345178,1.53216679629727E-18,0.0190564165161986));
#1781=CARTESIAN_POINT('',(0.00713320139645083,-0.00289295422189975,0.0190564165161986));
#1782=CARTESIAN_POINT('',(0.00877192832607512,-0.00534548238821058,0.0190564165161986));
#1783=CARTESIAN_POINT('',(0.011224456492386,-0.00698420931783487,0.0190564165161986));
#1784=CARTESIAN_POINT('',(0.0141174107142857,-0.00755965369083393,0.0190564165161986));
#1785=CARTESIAN_POINT('',(0.0170103649361855,-0.00698420931783488,0.0190564165161986));
#1786=CARTESIAN_POINT('',(0.0194628931024963,-0.00534548238821058,0.0190564165161986));
#1787=CARTESIAN_POINT('',(0.0211016200321206,-0.00289295422189973,0.0190564165161986));
#1788=CARTESIAN_POINT('',(0.0216770644051196,-5.80048162279745E-18,0.0190564165161986));
#1789=CARTESIAN_POINT('',(0.0211016200321206,0.00289295422189975,0.0190564165161986));
#1790=CARTESIAN_POINT('',(0.0208293524064191,-0.00278017727873904,0.0191394593566656));
#1791=CARTESIAN_POINT('',(0.0213823640506682,-5.2583805365547E-18,0.0191394593566656));
#1792=CARTESIAN_POINT('',(0.020829352406419,0.00278017727873905,0.0191394593566656));
#1793=CARTESIAN_POINT('',(0.0192545084834456,0.00513709776915987,0.0191394593566656));
#1794=CARTESIAN_POINT('',(0.0168975879930248,0.00671194169213334,0.0191394593566656));
#1795=CARTESIAN_POINT('',(0.0141174107142857,0.00726495333638246,0.0191394593566656));
#1796=CARTESIAN_POINT('',(0.0113372334355467,0.00671194169213334,0.0191394593566656));
#1797=CARTESIAN_POINT('',(0.00898031294512583,0.00513709776915987,0.0191394593566656));
#1798=CARTESIAN_POINT('',(0.00740546902215236,0.00278017727873905,0.0191394593566656));
#1799=CARTESIAN_POINT('',(0.00685245737790324,1.11462256669275E-18,0.0191394593566656));
#1800=CARTESIAN_POINT('',(0.00740546902215236,-0.00278017727873905,0.0191394593566656));
#1801=CARTESIAN_POINT('',(0.00898031294512583,-0.00513709776915987,0.0191394593566656));
#1802=CARTESIAN_POINT('',(0.0113372334355467,-0.00671194169213334,0.0191394593566656));
#1803=CARTESIAN_POINT('',(0.0141174107142857,-0.00726495333638246,0.0191394593566656));
#1804=CARTESIAN_POINT('',(0.0168975879930248,-0.00671194169213334,0.0191394593566656));
#1805=CARTESIAN_POINT('',(0.0192545084834456,-0.00513709776915987,0.0191394593566656));
#1806=CARTESIAN_POINT('',(0.0208293524064191,-0.00278017727873904,0.0191394593566656));
#1807=CARTESIAN_POINT('',(0.0213823640506682,-5.2583805365547E-18,0.0191394593566656));
#1808=CARTESIAN_POINT('',(0.020829352406419,0.00278017727873905,0.0191394593566656));
#1809=CARTESIAN_POINT('',(0.0141174107142857,0.,0.0191394593566656));
#1810=CARTESIAN_POINT('',(0.0211980268359184,0.,0.0191394593566656));
#1811=CARTESIAN_POINT('',(0.0141174107142857,0.,0.0191394593566656));
#1812=CARTESIAN_POINT('',(0.0141174107142857,0.,0.0191795229911804));
#1813=CARTESIAN_POINT('',(0.0210768934339285,0.,0.0191795229911804));
#1814=CARTESIAN_POINT('',(0.0207145261939596,-0.00273261470422242,0.0191795229911804));
#1815=CARTESIAN_POINT('',(0.021258077053913,8.23993651088984E-19,0.0191795229911804));
#1816=CARTESIAN_POINT('',(0.0207145261939596,0.00273261470422242,0.0191795229911804));
#1817=CARTESIAN_POINT('',(0.0191666243052266,0.00504921359094095,0.0191795229911804));
#1818=CARTESIAN_POINT('',(0.0168500254185081,0.0065971154796739,0.0191795229911804));
#1819=CARTESIAN_POINT('',(0.0141174107142857,0.00714066633962725,0.0191795229911804));
#1820=CARTESIAN_POINT('',(0.0113847960100633,0.0065971154796739,0.0191795229911804));
#1821=CARTESIAN_POINT('',(0.00906819712334475,0.00504921359094095,0.0191795229911804));
#1822=CARTESIAN_POINT('',(0.0075202952346118,0.00273261470422242,0.0191795229911804));
#1823=CARTESIAN_POINT('',(0.00697674437465846,1.01365880427023E-18,0.0191795229911804));
#1824=CARTESIAN_POINT('',(0.0075202952346118,-0.00273261470422242,0.0191795229911804));
#1825=CARTESIAN_POINT('',(0.00906819712334475,-0.00504921359094095,0.0191795229911804));
#1826=CARTESIAN_POINT('',(0.0113847960100633,-0.0065971154796739,0.0191795229911804));
#1827=CARTESIAN_POINT('',(0.0141174107142857,-0.00714066633962725,0.0191795229911804));
#1828=CARTESIAN_POINT('',(0.0168500254185081,-0.00659711547967391,0.0191795229911804));
#1829=CARTESIAN_POINT('',(0.0191666243052266,-0.00504921359094095,0.0191795229911804));
#1830=CARTESIAN_POINT('',(0.0207145261939596,-0.00273261470422242,0.0191795229911804));
#1831=CARTESIAN_POINT('',(0.021258077053913,8.23993651088984E-19,0.0191795229911804));
#1832=CARTESIAN_POINT('',(0.0207145261939596,0.00273261470422242,0.0191795229911804));
#1833=CARTESIAN_POINT('',(0.0206183020128631,-0.00269275734338402,0.0194063936120973));
#1834=CARTESIAN_POINT('',(0.0211539247508146,1.22518187178652E-18,0.0194063936120973));
#1835=CARTESIAN_POINT('',(0.0206183020128631,0.00269275734338401,0.0194063936120973));
#1836=CARTESIAN_POINT('',(0.0190929775054296,0.00497556679114392,0.0194063936120973));
#1837=CARTESIAN_POINT('',(0.0168101680576697,0.00650089129857743,0.0194063936120973));
#1838=CARTESIAN_POINT('',(0.0141174107142857,0.00703651403652891,0.0194063936120973));
#1839=CARTESIAN_POINT('',(0.0114246533709017,0.00650089129857744,0.0194063936120973));
#1840=CARTESIAN_POINT('',(0.00914184392314178,0.00497556679114392,0.0194063936120973));
#1841=CARTESIAN_POINT('',(0.00761651941570827,0.00269275734338402,0.0194063936120973));
#1842=CARTESIAN_POINT('',(0.00708089667775679,6.93416967020732E-19,0.0194063936120973));
#1843=CARTESIAN_POINT('',(0.00761651941570827,-0.00269275734338401,0.0194063936120973));
#1844=CARTESIAN_POINT('',(0.00914184392314178,-0.00497556679114391,0.0194063936120973));
#1845=CARTESIAN_POINT('',(0.0114246533709017,-0.00650089129857743,0.0194063936120973));
#1846=CARTESIAN_POINT('',(0.0141174107142857,-0.00703651403652891,0.0194063936120973));
#1847=CARTESIAN_POINT('',(0.0168101680576697,-0.00650089129857744,0.0194063936120973));
#1848=CARTESIAN_POINT('',(0.0190929775054296,-0.00497556679114392,0.0194063936120973));
#1849=CARTESIAN_POINT('',(0.0206183020128631,-0.00269275734338402,0.0194063936120973));
#1850=CARTESIAN_POINT('',(0.0211539247508146,1.22518187178652E-18,0.0194063936120973));
#1851=CARTESIAN_POINT('',(0.0206183020128631,0.00269275734338401,0.0194063936120973));
#1852=CARTESIAN_POINT('',(0.020475582440646,-0.00263364096095561,0.01974181383019));
#1853=CARTESIAN_POINT('',(0.0209994461990178,8.67294904232613E-19,0.01974181383019));
#1854=CARTESIAN_POINT('',(0.020475582440646,0.00263364096095561,0.01974181383019));
#1855=CARTESIAN_POINT('',(0.0189837446739062,0.00486633395962049,0.01974181383019));
#1856=CARTESIAN_POINT('',(0.0167510516752413,0.00635817172636035,0.01974181383019));
#1857=CARTESIAN_POINT('',(0.0141174107142857,0.00688203548473206,0.01974181383019));
#1858=CARTESIAN_POINT('',(0.0114837697533301,0.00635817172636034,0.01974181383019));
#1859=CARTESIAN_POINT('',(0.00925107675466522,0.00486633395962049,0.01974181383019));
#1860=CARTESIAN_POINT('',(0.00775923898792536,0.00263364096095561,0.01974181383019));
#1861=CARTESIAN_POINT('',(0.00723537522955365,6.7441158137779E-19,0.01974181383019));
#1862=CARTESIAN_POINT('',(0.00775923898792536,-0.00263364096095561,0.01974181383019));
#1863=CARTESIAN_POINT('',(0.00925107675466522,-0.00486633395962049,0.01974181383019));
#1864=CARTESIAN_POINT('',(0.0114837697533301,-0.00635817172636034,0.01974181383019));
#1865=CARTESIAN_POINT('',(0.0141174107142857,-0.00688203548473207,0.01974181383019));
#1866=CARTESIAN_POINT('',(0.0167510516752413,-0.00635817172636034,0.01974181383019));
#1867=CARTESIAN_POINT('',(0.0189837446739062,-0.00486633395962049,0.0197418138301899));
#1868=CARTESIAN_POINT('',(0.020475582440646,-0.00263364096095561,0.01974181383019));
#1869=CARTESIAN_POINT('',(0.0209994461990178,8.67294904232613E-19,0.01974181383019));
#1870=CARTESIAN_POINT('',(0.020475582440646,0.00263364096095561,0.01974181383019));
#1871=CARTESIAN_POINT('',(0.0202222528001584,-0.00252870838811454,0.0203727721208558));
#1872=CARTESIAN_POINT('',(0.0207252441720511,7.38275153433358E-19,0.0203727721208558));
#1873=CARTESIAN_POINT('',(0.0202222528001584,0.00252870838811454,0.0203727721208558));
#1874=CARTESIAN_POINT('',(0.018789854561223,0.00467244384693726,0.0203727721208558));
#1875=CARTESIAN_POINT('',(0.0166461191024002,0.00610484208587273,0.0203727721208558));
#1876=CARTESIAN_POINT('',(0.0141174107142857,0.00660783345776539,0.0203727721208558));
#1877=CARTESIAN_POINT('',(0.0115887023261712,0.00610484208587273,0.0203727721208558));
#1878=CARTESIAN_POINT('',(0.00944496686734843,0.00467244384693726,0.0203727721208558));
#1879=CARTESIAN_POINT('',(0.00801256862841297,0.00252870838811454,0.0203727721208558));
#1880=CARTESIAN_POINT('',(0.0075095772565203,6.50148276822123E-19,0.0203727721208558));
#1881=CARTESIAN_POINT('',(0.00801256862841296,-0.00252870838811454,0.0203727721208558));
#1882=CARTESIAN_POINT('',(0.00944496686734843,-0.00467244384693726,0.0203727721208558));
#1883=CARTESIAN_POINT('',(0.0115887023261712,-0.00610484208587273,0.0203727721208558));
#1884=CARTESIAN_POINT('',(0.0141174107142857,-0.00660783345776539,0.0203727721208558));
#1885=CARTESIAN_POINT('',(0.0166461191024002,-0.00610484208587274,0.0203727721208558));
#1886=CARTESIAN_POINT('',(0.018789854561223,-0.00467244384693726,0.0203727721208558));
#1887=CARTESIAN_POINT('',(0.0202222528001584,-0.00252870838811454,0.0203727721208558));
#1888=CARTESIAN_POINT('',(0.0207252441720511,7.38275153433358E-19,0.0203727721208558));
#1889=CARTESIAN_POINT('',(0.0202222528001584,0.00252870838811454,0.0203727721208558));
#1890=CARTESIAN_POINT('',(0.0199573355101529,-0.00241897605368711,0.0210530622068163));
#1891=CARTESIAN_POINT('',(0.0204384997636265,9.21820934564295E-19,0.0210530622068162));
#1892=CARTESIAN_POINT('',(0.0199573355101529,0.00241897605368711,0.0210530622068162));
#1893=CARTESIAN_POINT('',(0.0185870956455586,0.00446968493127289,0.0210530622068162));
#1894=CARTESIAN_POINT('',(0.0165363867679728,0.00583992479586718,0.0210530622068162));
#1895=CARTESIAN_POINT('',(0.0141174107142857,0.00632108904934078,0.0210530622068162));
#1896=CARTESIAN_POINT('',(0.0116984346605986,0.00583992479586717,0.0210530622068162));
#1897=CARTESIAN_POINT('',(0.00964772578301281,0.00446968493127289,0.0210530622068162));
#1898=CARTESIAN_POINT('',(0.00827748591841854,0.00241897605368711,0.0210530622068163));
#1899=CARTESIAN_POINT('',(0.00779632166494493,1.10492559538608E-18,0.0210530622068163));
#1900=CARTESIAN_POINT('',(0.00827748591841854,-0.00241897605368711,0.0210530622068162));
#1901=CARTESIAN_POINT('',(0.00964772578301281,-0.00446968493127289,0.0210530622068162));
#1902=CARTESIAN_POINT('',(0.0116984346605986,-0.00583992479586717,0.0210530622068162));
#1903=CARTESIAN_POINT('',(0.0141174107142857,-0.00632108904934078,0.0210530622068163));
#1904=CARTESIAN_POINT('',(0.0165363867679728,-0.00583992479586717,0.0210530622068163));
#1905=CARTESIAN_POINT('',(0.0185870956455586,-0.00446968493127289,0.0210530622068162));
#1906=CARTESIAN_POINT('',(0.0199573355101529,-0.00241897605368711,0.0210530622068163));
#1907=CARTESIAN_POINT('',(0.0204384997636265,9.21820934564295E-19,0.0210530622068162));
#1908=CARTESIAN_POINT('',(0.0199573355101529,0.00241897605368711,0.0210530622068162));
#1909=CARTESIAN_POINT('',(0.0196413928232288,-0.00228810830783058,0.021869857978994));
#1910=CARTESIAN_POINT('',(0.0200965258635605,4.35097640508481E-19,0.021869857978994));
#1911=CARTESIAN_POINT('',(0.0196413928232288,0.00228810830783057,0.021869857978994));
#1912=CARTESIAN_POINT('',(0.0183452835818331,0.00422787286754741,0.021869857978994));
#1913=CARTESIAN_POINT('',(0.0164055190221163,0.00552398210894312,0.021869857978994));
#1914=CARTESIAN_POINT('',(0.0141174107142857,0.00597911514927477,0.021869857978994));
#1915=CARTESIAN_POINT('',(0.0118293024064551,0.00552398210894313,0.021869857978994));
#1916=CARTESIAN_POINT('',(0.00988953784673829,0.0042278728675474,0.021869857978994));
#1917=CARTESIAN_POINT('',(0.00859342860534257,0.00228810830783058,0.021869857978994));
#1918=CARTESIAN_POINT('',(0.00813829556501093,4.88625210497358E-19,0.021869857978994));
#1919=CARTESIAN_POINT('',(0.00859342860534257,-0.00228810830783057,0.021869857978994));
#1920=CARTESIAN_POINT('',(0.00988953784673829,-0.00422787286754741,0.021869857978994));
#1921=CARTESIAN_POINT('',(0.0118293024064551,-0.00552398210894313,0.021869857978994));
#1922=CARTESIAN_POINT('',(0.0141174107142857,-0.00597911514927477,0.021869857978994));
#1923=CARTESIAN_POINT('',(0.0164055190221163,-0.00552398210894313,0.021869857978994));
#1924=CARTESIAN_POINT('',(0.0183452835818331,-0.00422787286754741,0.021869857978994));
#1925=CARTESIAN_POINT('',(0.0196413928232288,-0.00228810830783058,0.021869857978994));
#1926=CARTESIAN_POINT('',(0.0200965258635605,4.35097640508481E-19,0.021869857978994));
#1927=CARTESIAN_POINT('',(0.0196413928232288,0.00228810830783057,0.021869857978994));
#1928=CARTESIAN_POINT('',(0.0193532875159181,-0.00216877118215079,0.0226238593017516));
#1929=CARTESIAN_POINT('',(0.0197846829260645,9.11885572519718E-19,0.0226238593017515));
#1930=CARTESIAN_POINT('',(0.0193532875159181,0.00216877118215079,0.0226238593017516));
#1931=CARTESIAN_POINT('',(0.0181247773260645,0.00400736661177884,0.0226238593017516));
#1932=CARTESIAN_POINT('',(0.0162861818964365,0.00523587680163236,0.0226238593017516));
#1933=CARTESIAN_POINT('',(0.0141174107142857,0.00566727221177875,0.0226238593017516));
#1934=CARTESIAN_POINT('',(0.0119486395321349,0.00523587680163236,0.0226238593017516));
#1935=CARTESIAN_POINT('',(0.0101100441025069,0.00400736661177884,0.0226238593017516));
#1936=CARTESIAN_POINT('',(0.00888153391265333,0.00216877118215079,0.0226238593017515));
#1937=CARTESIAN_POINT('',(0.00845013850250695,7.64358653665541E-19,0.0226238593017516));
#1938=CARTESIAN_POINT('',(0.00888153391265334,-0.00216877118215079,0.0226238593017516));
#1939=CARTESIAN_POINT('',(0.0101100441025069,-0.00400736661177884,0.0226238593017515));
#1940=CARTESIAN_POINT('',(0.0119486395321349,-0.00523587680163236,0.0226238593017516));
#1941=CARTESIAN_POINT('',(0.0141174107142857,-0.00566727221177876,0.0226238593017516));
#1942=CARTESIAN_POINT('',(0.0162861818964365,-0.00523587680163237,0.0226238593017516));
#1943=CARTESIAN_POINT('',(0.0181247773260645,-0.00400736661177884,0.0226238593017515));
#1944=CARTESIAN_POINT('',(0.0193532875159181,-0.00216877118215079,0.0226238593017516));
#1945=CARTESIAN_POINT('',(0.0197846829260645,9.11885572519718E-19,0.0226238593017515));
#1946=CARTESIAN_POINT('',(0.0193532875159181,0.00216877118215079,0.0226238593017516));
#1947=CARTESIAN_POINT('',(0.0190931140399199,-0.00206100379982259,0.0234226955710465));
#1948=CARTESIAN_POINT('',(0.0195030731849211,3.79127450906252E-19,0.0234226955710465));
#1949=CARTESIAN_POINT('',(0.0190931140399199,0.00206100379982259,0.0234226955710465));
#1950=CARTESIAN_POINT('',(0.0179256491684539,0.00380823845416815,0.0234226955710465));
#1951=CARTESIAN_POINT('',(0.0161784145141083,0.00497570332563417,0.0234226955710465));
#1952=CARTESIAN_POINT('',(0.0141174107142857,0.00538566247063535,0.0234226955710465));
#1953=CARTESIAN_POINT('',(0.0120564069144631,0.00497570332563417,0.0234226955710465));
#1954=CARTESIAN_POINT('',(0.0103091722601175,0.00380823845416815,0.0234226955710465));
#1955=CARTESIAN_POINT('',(0.00914170738865154,0.00206100379982259,0.0234226955710465));
#1956=CARTESIAN_POINT('',(0.00873174824365036,5.96137094272259E-19,0.0234226955710465));
#1957=CARTESIAN_POINT('',(0.00914170738865154,-0.00206100379982259,0.0234226955710465));
#1958=CARTESIAN_POINT('',(0.0103091722601175,-0.00380823845416815,0.0234226955710465));
#1959=CARTESIAN_POINT('',(0.0120564069144631,-0.00497570332563417,0.0234226955710465));
#1960=CARTESIAN_POINT('',(0.0141174107142857,-0.00538566247063536,0.0234226955710465));
#1961=CARTESIAN_POINT('',(0.0161784145141083,-0.00497570332563417,0.0234226955710465));
#1962=CARTESIAN_POINT('',(0.0179256491684539,-0.00380823845416816,0.0234226955710465));
#1963=CARTESIAN_POINT('',(0.0190931140399199,-0.00206100379982259,0.0234226955710465));
#1964=CARTESIAN_POINT('',(0.0195030731849211,3.79127450906252E-19,0.0234226955710465));
#1965=CARTESIAN_POINT('',(0.0190931140399199,0.00206100379982259,0.0234226955710465));
#1966=CARTESIAN_POINT('',(0.0188309676895022,-0.00195241922615298,0.0244067952074494));
#1967=CARTESIAN_POINT('',(0.0192193280198938,7.64751676556926E-19,0.0244067952074494));
#1968=CARTESIAN_POINT('',(0.0188309676895022,0.00195241922615298,0.0244067952074494));
#1969=CARTESIAN_POINT('',(0.0177250110381342,0.00360760032384851,0.0244067952074494));
#1970=CARTESIAN_POINT('',(0.0160698299404387,0.0047135569752165,0.0244067952074495));
#1971=CARTESIAN_POINT('',(0.0141174107142857,0.00510191730560814,0.0244067952074494));
#1972=CARTESIAN_POINT('',(0.0121649914881327,0.00471355697521649,0.0244067952074494));
#1973=CARTESIAN_POINT('',(0.0105098103904372,0.00360760032384852,0.0244067952074494));
#1974=CARTESIAN_POINT('',(0.0094038537390692,0.00195241922615298,0.0244067952074494));
#1975=CARTESIAN_POINT('',(0.00901549340867755,6.93240415489065E-19,0.0244067952074494));
#1976=CARTESIAN_POINT('',(0.0094038537390692,-0.00195241922615297,0.0244067952074495));
#1977=CARTESIAN_POINT('',(0.0105098103904372,-0.00360760032384852,0.0244067952074494));
#1978=CARTESIAN_POINT('',(0.0121649914881327,-0.0047135569752165,0.0244067952074495));
#1979=CARTESIAN_POINT('',(0.0141174107142857,-0.00510191730560814,0.0244067952074494));
#1980=CARTESIAN_POINT('',(0.0160698299404387,-0.0047135569752165,0.0244067952074494));
#1981=CARTESIAN_POINT('',(0.0177250110381342,-0.00360760032384851,0.0244067952074495));
#1982=CARTESIAN_POINT('',(0.0188309676895022,-0.00195241922615298,0.0244067952074494));
#1983=CARTESIAN_POINT('',(0.0192193280198938,7.64751676556926E-19,0.0244067952074494));
#1984=CARTESIAN_POINT('',(0.0188309676895022,0.00195241922615298,0.0244067952074494));
#1985=CARTESIAN_POINT('',(0.0185324529440129,-0.00182877037000294,0.0256999378310639));
#1986=CARTESIAN_POINT('',(0.0188962179877039,3.86652667238678E-19,0.0256999378310638));
#1987=CARTESIAN_POINT('',(0.0185324529440129,0.00182877037000294,0.0256999378310638));
#1988=CARTESIAN_POINT('',(0.0174965377433033,0.00337912702901761,0.0256999378310638));
#1989=CARTESIAN_POINT('',(0.0159461810842886,0.00441504222972715,0.0256999378310638));
#1990=CARTESIAN_POINT('',(0.0141174107142857,0.00477880727341821,0.0256999378310638));
#1991=CARTESIAN_POINT('',(0.0122886403442828,0.00441504222972715,0.0256999378310639));
#1992=CARTESIAN_POINT('',(0.0107382836852681,0.00337912702901761,0.0256999378310638));
#1993=CARTESIAN_POINT('',(0.00970236848455855,0.00182877037000294,0.0256999378310638));
#1994=CARTESIAN_POINT('',(0.00933860344086749,5.0042596337148E-19,0.0256999378310638));
#1995=CARTESIAN_POINT('',(0.00970236848455855,-0.00182877037000294,0.0256999378310638));
#1996=CARTESIAN_POINT('',(0.0107382836852681,-0.00337912702901761,0.0256999378310638));
#1997=CARTESIAN_POINT('',(0.0122886403442828,-0.00441504222972715,0.0256999378310638));
#1998=CARTESIAN_POINT('',(0.0141174107142857,-0.00477880727341822,0.0256999378310639));
#1999=CARTESIAN_POINT('',(0.0159461810842886,-0.00441504222972715,0.0256999378310638));
#2000=CARTESIAN_POINT('',(0.0174965377433033,-0.00337912702901762,0.0256999378310638));
#2001=CARTESIAN_POINT('',(0.0185324529440129,-0.00182877037000294,0.0256999378310639));
#2002=CARTESIAN_POINT('',(0.0188962179877039,3.86652667238678E-19,0.0256999378310638));
#2003=CARTESIAN_POINT('',(0.0185324529440129,0.00182877037000294,0.0256999378310638));
#2004=CARTESIAN_POINT('',(0.0182128465017871,-0.00169638504701122,0.0272006727773404));
#2005=CARTESIAN_POINT('',(0.0185502784674756,7.70152613177944E-19,0.0272006727773404));
#2006=CARTESIAN_POINT('',(0.0182128465017871,0.00169638504701122,0.0272006727773404));
#2007=CARTESIAN_POINT('',(0.0172519215626694,0.00313451084838372,0.0272006727773404));
#2008=CARTESIAN_POINT('',(0.0158137957612969,0.0040954357875014,0.0272006727773404));
#2009=CARTESIAN_POINT('',(0.0141174107142857,0.00443286775318985,0.0272006727773404));
#2010=CARTESIAN_POINT('',(0.0124210256672745,0.0040954357875014,0.0272006727773404));
#2011=CARTESIAN_POINT('',(0.010982899865902,0.00313451084838372,0.0272006727773404));
#2012=CARTESIAN_POINT('',(0.0100219749267843,0.00169638504701122,0.0272006727773404));
#2013=CARTESIAN_POINT('',(0.00968454296109585,8.81752554091381E-19,0.0272006727773404));
#2014=CARTESIAN_POINT('',(0.0100219749267843,-0.00169638504701122,0.0272006727773404));
#2015=CARTESIAN_POINT('',(0.010982899865902,-0.00313451084838372,0.0272006727773403));
#2016=CARTESIAN_POINT('',(0.0124210256672745,-0.0040954357875014,0.0272006727773404));
#2017=CARTESIAN_POINT('',(0.0141174107142857,-0.00443286775318985,0.0272006727773404));
#2018=CARTESIAN_POINT('',(0.0158137957612969,-0.0040954357875014,0.0272006727773404));
#2019=CARTESIAN_POINT('',(0.0172519215626694,-0.00313451084838372,0.0272006727773404));
#2020=CARTESIAN_POINT('',(0.0182128465017871,-0.00169638504701122,0.0272006727773404));
#2021=CARTESIAN_POINT('',(0.0185502784674756,7.70152613177944E-19,0.0272006727773404));
#2022=CARTESIAN_POINT('',(0.0182128465017871,0.00169638504701122,0.0272006727773404));
#2023=CARTESIAN_POINT('',(0.0179163475498924,-0.00157357115990703,0.0286408194364601));
#2024=CARTESIAN_POINT('',(0.0182293503145499,4.58423521346733E-19,0.0286408194364601));
#2025=CARTESIAN_POINT('',(0.0179163475498924,0.00157357115990703,0.0286408194364601));
#2026=CARTESIAN_POINT('',(0.017024991089462,0.00290758037517629,0.0286408194364601));
#2027=CARTESIAN_POINT('',(0.0156909818741927,0.00379893683560671,0.0286408194364601));
#2028=CARTESIAN_POINT('',(0.0141174107142857,0.00411193960026417,0.0286408194364601));
#2029=CARTESIAN_POINT('',(0.0125438395543787,0.00379893683560671,0.0286408194364601));
#2030=CARTESIAN_POINT('',(0.0112098303391094,0.00290758037517629,0.0286408194364601));
#2031=CARTESIAN_POINT('',(0.010318473878679,0.00157357115990703,0.0286408194364601));
#2032=CARTESIAN_POINT('',(0.0100054711140215,3.28058940555218E-19,0.0286408194364601));
#2033=CARTESIAN_POINT('',(0.010318473878679,-0.00157357115990703,0.0286408194364601));
#2034=CARTESIAN_POINT('',(0.0112098303391094,-0.0029075803751763,0.0286408194364601));
#2035=CARTESIAN_POINT('',(0.0125438395543787,-0.0037989368356067,0.0286408194364601));
#2036=CARTESIAN_POINT('',(0.0141174107142857,-0.00411193960026417,0.0286408194364601));
#2037=CARTESIAN_POINT('',(0.0156909818741927,-0.00379893683560671,0.0286408194364601));
#2038=CARTESIAN_POINT('',(0.017024991089462,-0.00290758037517629,0.0286408194364601));
#2039=CARTESIAN_POINT('',(0.0179163475498924,-0.00157357115990703,0.0286408194364601));
#2040=CARTESIAN_POINT('',(0.0182293503145499,4.58423521346733E-19,0.0286408194364601));
#2041=CARTESIAN_POINT('',(0.0179163475498924,0.00157357115990703,0.0286408194364601));
#2042=CARTESIAN_POINT('',(0.0176966990295235,-0.00148258976381504,0.0300904018418532));
#2043=CARTESIAN_POINT('',(0.0179916044692968,5.18655558193381E-19,0.0300904018418532));
#2044=CARTESIAN_POINT('',(0.0176966990295235,0.00148258976381504,0.0300904018418532));
#2045=CARTESIAN_POINT('',(0.0168568793900846,0.00273946867579892,0.0300904018418532));
#2046=CARTESIAN_POINT('',(0.0156000004781008,0.00357928831523779,0.0300904018418532));
#2047=CARTESIAN_POINT('',(0.0141174107142857,0.00387419375501109,0.0300904018418532));
#2048=CARTESIAN_POINT('',(0.0126348209504707,0.00357928831523779,0.0300904018418532));
#2049=CARTESIAN_POINT('',(0.0113779420384868,0.00273946867579892,0.0300904018418531));
#2050=CARTESIAN_POINT('',(0.0105381223990479,0.00148258976381504,0.0300904018418532));
#2051=CARTESIAN_POINT('',(0.0102432169592746,6.65103928980053E-19,0.0300904018418531));
#2052=CARTESIAN_POINT('',(0.0105381223990479,-0.00148258976381504,0.0300904018418532));
#2053=CARTESIAN_POINT('',(0.0113779420384868,-0.00273946867579892,0.0300904018418532));
#2054=CARTESIAN_POINT('',(0.0126348209504707,-0.00357928831523779,0.0300904018418532));
#2055=CARTESIAN_POINT('',(0.0141174107142857,-0.00387419375501109,0.0300904018418532));
#2056=CARTESIAN_POINT('',(0.0156000004781007,-0.00357928831523779,0.0300904018418532));
#2057=CARTESIAN_POINT('',(0.0168568793900846,-0.00273946867579892,0.0300904018418531));
#2058=CARTESIAN_POINT('',(0.0176966990295235,-0.00148258976381504,0.0300904018418532));
#2059=CARTESIAN_POINT('',(0.0179916044692968,5.18655558193381E-19,0.0300904018418532));
#2060=CARTESIAN_POINT('',(0.0176966990295235,0.00148258976381504,0.0300904018418532));
#2061=CARTESIAN_POINT('',(0.0175998547265051,-0.00144247554006625,0.0316173377453161));
#2062=CARTESIAN_POINT('',(0.0178867809510669,3.39770624405472E-19,0.0316173377453162));
#2063=CARTESIAN_POINT('',(0.0175998547265051,0.00144247554006625,0.0316173377453161));
#2064=CARTESIAN_POINT('',(0.0167827579695164,0.00266534725523075,0.0316173377453161));
#2065=CARTESIAN_POINT('',(0.0155598862543519,0.00348244401221939,0.0316173377453161));
#2066=CARTESIAN_POINT('',(0.0141174107142857,0.00376937023678122,0.0316173377453161));
#2067=CARTESIAN_POINT('',(0.0126749351742195,0.00348244401221939,0.0316173377453161));
#2068=CARTESIAN_POINT('',(0.0114520634590549,0.00266534725523075,0.0316173377453161));
#2069=CARTESIAN_POINT('',(0.0106349667020663,0.00144247554006625,0.0316173377453161));
#2070=CARTESIAN_POINT('',(0.0103480404775045,5.82875830293388E-19,0.0316173377453162));
#2071=CARTESIAN_POINT('',(0.0106349667020663,-0.00144247554006625,0.0316173377453161));
#2072=CARTESIAN_POINT('',(0.0114520634590549,-0.00266534725523074,0.0316173377453161));
#2073=CARTESIAN_POINT('',(0.0126749351742194,-0.00348244401221939,0.0316173377453161));
#2074=CARTESIAN_POINT('',(0.0141174107142857,-0.00376937023678122,0.0316173377453162));
#2075=CARTESIAN_POINT('',(0.015559886254352,-0.00348244401221939,0.0316173377453162));
#2076=CARTESIAN_POINT('',(0.0167827579695164,-0.00266534725523075,0.0316173377453161));
#2077=CARTESIAN_POINT('',(0.0175998547265051,-0.00144247554006625,0.0316173377453161));
#2078=CARTESIAN_POINT('',(0.0178867809510669,3.39770624405472E-19,0.0316173377453162));
#2079=CARTESIAN_POINT('',(0.0175998547265051,0.00144247554006625,0.0316173377453161));
#2080=CARTESIAN_POINT('',(0.0175689805654421,-0.00142968704382708,0.0329327988747833));
#2081=CARTESIAN_POINT('',(0.0178533629999418,1.6365571675635E-19,0.0329327988747833));
#2082=CARTESIAN_POINT('',(0.0175689805654421,0.00142968704382708,0.0329327988747833));
#2083=CARTESIAN_POINT('',(0.0167591279096625,0.00264171719537681,0.0329327988747833));
#2084=CARTESIAN_POINT('',(0.0155470977581128,0.00345156985115643,0.0329327988747834));
#2085=CARTESIAN_POINT('',(0.0141174107142857,0.0037359522856561,0.0329327988747833));
#2086=CARTESIAN_POINT('',(0.0126877236704586,0.00345156985115643,0.0329327988747833));
#2087=CARTESIAN_POINT('',(0.0114756935189089,0.00264171719537681,0.0329327988747833));
#2088=CARTESIAN_POINT('',(0.0106658408631293,0.00142968704382708,0.0329327988747834));
#2089=CARTESIAN_POINT('',(0.0103814584286296,2.62993036539881E-19,0.0329327988747833));
#2090=CARTESIAN_POINT('',(0.0106658408631293,-0.00142968704382708,0.0329327988747834));
#2091=CARTESIAN_POINT('',(0.0114756935189089,-0.00264171719537681,0.0329327988747833));
#2092=CARTESIAN_POINT('',(0.0126877236704586,-0.00345156985115643,0.0329327988747833));
#2093=CARTESIAN_POINT('',(0.0141174107142857,-0.0037359522856561,0.0329327988747833));
#2094=CARTESIAN_POINT('',(0.0155470977581128,-0.00345156985115643,0.0329327988747833));
#2095=CARTESIAN_POINT('',(0.0167591279096625,-0.00264171719537681,0.0329327988747834));
#2096=CARTESIAN_POINT('',(0.0175689805654421,-0.00142968704382708,0.0329327988747833));
#2097=CARTESIAN_POINT('',(0.0178533629999418,1.6365571675635E-19,0.0329327988747833));
#2098=CARTESIAN_POINT('',(0.0175689805654421,0.00142968704382708,0.0329327988747833));
#2099=CARTESIAN_POINT('',(0.0175513670847204,-0.00142239130123155,0.0339222401070657));
#2100=CARTESIAN_POINT('',(0.0178342983057886,4.64467917696164E-19,0.0339222401070657));
#2101=CARTESIAN_POINT('',(0.0175513670847204,0.00142239130123155,0.0339222401070657));
#2102=CARTESIAN_POINT('',(0.0167456471351455,0.00262823642085985,0.0339222401070656));
#2103=CARTESIAN_POINT('',(0.0155398020155173,0.00343395637043472,0.0339222401070657));
#2104=CARTESIAN_POINT('',(0.0141174107142857,0.00371688759150292,0.0339222401070657));
#2105=CARTESIAN_POINT('',(0.0126950194130542,0.00343395637043473,0.0339222401070657));
#2106=CARTESIAN_POINT('',(0.0114891742934258,0.00262823642085985,0.0339222401070656));
#2107=CARTESIAN_POINT('',(0.010683454343851,0.00142239130123155,0.0339222401070656));
#2108=CARTESIAN_POINT('',(0.0104005231227828,6.91088751463585E-19,0.0339222401070657));
#2109=CARTESIAN_POINT('',(0.010683454343851,-0.00142239130123155,0.0339222401070657));
#2110=CARTESIAN_POINT('',(0.0114891742934258,-0.00262823642085985,0.0339222401070656));
#2111=CARTESIAN_POINT('',(0.0126950194130542,-0.00343395637043472,0.0339222401070657));
#2112=CARTESIAN_POINT('',(0.0141174107142857,-0.00371688759150292,0.0339222401070657));
#2113=CARTESIAN_POINT('',(0.0155398020155173,-0.00343395637043472,0.0339222401070657));
#2114=CARTESIAN_POINT('',(0.0167456471351455,-0.00262823642085985,0.0339222401070656));
#2115=CARTESIAN_POINT('',(0.0175513670847204,-0.00142239130123155,0.0339222401070657));
#2116=CARTESIAN_POINT('',(0.0178342983057886,4.64467917696164E-19,0.0339222401070657));
#2117=CARTESIAN_POINT('',(0.0175513670847204,0.00142239130123155,0.0339222401070657));
#2118=CARTESIAN_POINT('',(0.0175318604922473,-0.0014143114060735,0.0347187275955594));
#2119=CARTESIAN_POINT('',(0.0178131845222414,5.65164302073227E-19,0.0347187275955594));
#2120=CARTESIAN_POINT('',(0.0175318604922473,0.00141431140607349,0.0347187275955594));
#2121=CARTESIAN_POINT('',(0.0167307174356228,0.00261330672133712,0.0347187275955595));
#2122=CARTESIAN_POINT('',(0.0155317221203592,0.00341444977796159,0.0347187275955595));
#2123=CARTESIAN_POINT('',(0.0141174107142857,0.00369577380795572,0.0347187275955594));
#2124=CARTESIAN_POINT('',(0.0127030993082122,0.00341444977796159,0.0347187275955594));
#2125=CARTESIAN_POINT('',(0.0115041039929486,0.00261330672133712,0.0347187275955594));
#2126=CARTESIAN_POINT('',(0.0107029609363241,0.00141431140607349,0.0347187275955595));
#2127=CARTESIAN_POINT('',(0.01042163690633,2.20544021210918E-19,0.0347187275955594));
#2128=CARTESIAN_POINT('',(0.0107029609363241,-0.00141431140607349,0.0347187275955595));
#2129=CARTESIAN_POINT('',(0.0115041039929486,-0.00261330672133712,0.0347187275955594));
#2130=CARTESIAN_POINT('',(0.0127030993082122,-0.00341444977796159,0.0347187275955594));
#2131=CARTESIAN_POINT('',(0.0141174107142857,-0.00369577380795572,0.0347187275955594));
#2132=CARTESIAN_POINT('',(0.0155317221203592,-0.00341444977796159,0.0347187275955594));
#2133=CARTESIAN_POINT('',(0.0167307174356228,-0.00261330672133712,0.0347187275955595));
#2134=CARTESIAN_POINT('',(0.0175318604922473,-0.0014143114060735,0.0347187275955594));
#2135=CARTESIAN_POINT('',(0.0178131845222414,5.65164302073227E-19,0.0347187275955594));
#2136=CARTESIAN_POINT('',(0.0175318604922473,0.00141431140607349,0.0347187275955594));
#2137=CARTESIAN_POINT('',(0.0175804759231749,-0.00143444857690432,0.0355011381718883));
#2138=CARTESIAN_POINT('',(0.0178658054854913,4.25662665337573E-19,0.0355011381718883));
#2139=CARTESIAN_POINT('',(0.0175804759231749,0.00143444857690432,0.0355011381718883));
#2140=CARTESIAN_POINT('',(0.0167679260755694,0.00265051536128369,0.0355011381718883));
#2141=CARTESIAN_POINT('',(0.01555185929119,0.0034630652088892,0.0355011381718883));
#2142=CARTESIAN_POINT('',(0.0141174107142857,0.00374839477120562,0.0355011381718883));
#2143=CARTESIAN_POINT('',(0.0126829621373814,0.0034630652088892,0.0355011381718883));
#2144=CARTESIAN_POINT('',(0.011466895353002,0.00265051536128369,0.0355011381718883));
#2145=CARTESIAN_POINT('',(0.0106543455053965,0.00143444857690432,0.0355011381718883));
#2146=CARTESIAN_POINT('',(0.0103690159430801,6.46310495134689E-19,0.0355011381718883));
#2147=CARTESIAN_POINT('',(0.0106543455053965,-0.00143444857690432,0.0355011381718883));
#2148=CARTESIAN_POINT('',(0.011466895353002,-0.00265051536128369,0.0355011381718883));
#2149=CARTESIAN_POINT('',(0.0126829621373814,-0.0034630652088892,0.0355011381718883));
#2150=CARTESIAN_POINT('',(0.0141174107142857,-0.00374839477120562,0.0355011381718883));
#2151=CARTESIAN_POINT('',(0.01555185929119,-0.0034630652088892,0.0355011381718883));
#2152=CARTESIAN_POINT('',(0.0167679260755694,-0.00265051536128369,0.0355011381718883));
#2153=CARTESIAN_POINT('',(0.0175804759231749,-0.00143444857690432,0.0355011381718883));
#2154=CARTESIAN_POINT('',(0.0178658054854913,4.25662665337573E-19,0.0355011381718883));
#2155=CARTESIAN_POINT('',(0.0175804759231749,0.00143444857690432,0.0355011381718883));
#2156=CARTESIAN_POINT('',(0.0178062998190267,-0.00152798789727407,0.0364146996279965));
#2157=CARTESIAN_POINT('',(0.018110235509001,4.5249361239742E-19,0.0364146996279965));
#2158=CARTESIAN_POINT('',(0.0178062998190267,0.00152798789727406,0.0364146996279965));
#2159=CARTESIAN_POINT('',(0.0169407642027186,0.00282335348843293,0.0364146996279965));
#2160=CARTESIAN_POINT('',(0.0156453986115598,0.003688889104741,0.0364146996279965));
#2161=CARTESIAN_POINT('',(0.0141174107142857,0.00399282479471525,0.0364146996279965));
#2162=CARTESIAN_POINT('',(0.0125894228170116,0.00368888910474099,0.0364146996279965));
#2163=CARTESIAN_POINT('',(0.0112940572258528,0.00282335348843293,0.0364146996279965));
#2164=CARTESIAN_POINT('',(0.0104285216095447,0.00152798789727407,0.0364146996279965));
#2165=CARTESIAN_POINT('',(0.0101245859195705,3.86079662707766E-19,0.0364146996279965));
#2166=CARTESIAN_POINT('',(0.0104285216095447,-0.00152798789727406,0.0364146996279965));
#2167=CARTESIAN_POINT('',(0.0112940572258528,-0.00282335348843293,0.0364146996279965));
#2168=CARTESIAN_POINT('',(0.0125894228170116,-0.00368888910474099,0.0364146996279965));
#2169=CARTESIAN_POINT('',(0.0141174107142857,-0.00399282479471525,0.0364146996279965));
#2170=CARTESIAN_POINT('',(0.0156453986115598,-0.003688889104741,0.0364146996279965));
#2171=CARTESIAN_POINT('',(0.0169407642027186,-0.00282335348843294,0.0364146996279965));
#2172=CARTESIAN_POINT('',(0.0178062998190267,-0.00152798789727407,0.0364146996279965));
#2173=CARTESIAN_POINT('',(0.018110235509001,4.5249361239742E-19,0.0364146996279965));
#2174=CARTESIAN_POINT('',(0.0178062998190267,0.00152798789727406,0.0364146996279965));
#2175=CARTESIAN_POINT('',(0.0180815144043277,-0.00164198551106863,0.0371548757281538));
#2176=CARTESIAN_POINT('',(0.0184081256295375,6.88187576409674E-19,0.0371548757281538));
#2177=CARTESIAN_POINT('',(0.0180815144043277,0.00164198551106863,0.0371548757281538));
#2178=CARTESIAN_POINT('',(0.0171514043269985,0.00303399361271278,0.0371548757281538));
#2179=CARTESIAN_POINT('',(0.0157593962253543,0.003964103690042,0.0371548757281538));
#2180=CARTESIAN_POINT('',(0.0141174107142857,0.00429071491525176,0.0371548757281538));
#2181=CARTESIAN_POINT('',(0.0124754252032171,0.003964103690042,0.0371548757281538));
#2182=CARTESIAN_POINT('',(0.0110834171015729,0.00303399361271278,0.0371548757281538));
#2183=CARTESIAN_POINT('',(0.0101533070242437,0.00164198551106863,0.0371548757281538));
#2184=CARTESIAN_POINT('',(0.00982669579903394,7.65153561778654E-19,0.0371548757281538));
#2185=CARTESIAN_POINT('',(0.0101533070242437,-0.00164198551106863,0.0371548757281538));
#2186=CARTESIAN_POINT('',(0.0110834171015729,-0.00303399361271278,0.0371548757281538));
#2187=CARTESIAN_POINT('',(0.0124754252032171,-0.003964103690042,0.0371548757281537));
#2188=CARTESIAN_POINT('',(0.0141174107142857,-0.00429071491525176,0.0371548757281538));
#2189=CARTESIAN_POINT('',(0.0157593962253543,-0.003964103690042,0.0371548757281538));
#2190=CARTESIAN_POINT('',(0.0171514043269985,-0.00303399361271278,0.0371548757281537));
#2191=CARTESIAN_POINT('',(0.0180815144043277,-0.00164198551106863,0.0371548757281538));
#2192=CARTESIAN_POINT('',(0.0184081256295375,6.88187576409674E-19,0.0371548757281538));
#2193=CARTESIAN_POINT('',(0.0180815144043277,0.00164198551106863,0.0371548757281538));
#2194=CARTESIAN_POINT('',(0.0184003030125521,-0.0017740320761252,0.0377860198539304));
#2195=CARTESIAN_POINT('',(0.0187531799326216,1.24274670025501E-19,0.0377860198539304));
#2196=CARTESIAN_POINT('',(0.0184003030125521,0.0017740320761252,0.0377860198539304));
#2197=CARTESIAN_POINT('',(0.0173953945645868,0.00327798385030116,0.0377860198539304));
#2198=CARTESIAN_POINT('',(0.0158914427904109,0.00428289229826637,0.0377860198539304));
#2199=CARTESIAN_POINT('',(0.0141174107142857,0.00463576921833588,0.0377860198539304));
#2200=CARTESIAN_POINT('',(0.0123433786381605,0.00428289229826636,0.0377860198539304));
#2201=CARTESIAN_POINT('',(0.0108394268639845,0.00327798385030116,0.0377860198539304));
#2202=CARTESIAN_POINT('',(0.00983451841601934,0.0017740320761252,0.0377860198539304));
#2203=CARTESIAN_POINT('',(0.00948164149594983,6.44647434177166E-19,0.0377860198539304));
#2204=CARTESIAN_POINT('',(0.00983451841601933,-0.0017740320761252,0.0377860198539304));
#2205=CARTESIAN_POINT('',(0.0108394268639845,-0.00327798385030116,0.0377860198539304));
#2206=CARTESIAN_POINT('',(0.0123433786381605,-0.00428289229826636,0.0377860198539304));
#2207=CARTESIAN_POINT('',(0.0141174107142857,-0.00463576921833588,0.0377860198539304));
#2208=CARTESIAN_POINT('',(0.0158914427904109,-0.00428289229826637,0.0377860198539304));
#2209=CARTESIAN_POINT('',(0.0173953945645869,-0.00327798385030116,0.0377860198539304));
#2210=CARTESIAN_POINT('',(0.0184003030125521,-0.0017740320761252,0.0377860198539304));
#2211=CARTESIAN_POINT('',(0.0187531799326216,1.24274670025501E-19,0.0377860198539304));
#2212=CARTESIAN_POINT('',(0.0184003030125521,0.0017740320761252,0.0377860198539304));
#2213=CARTESIAN_POINT('',(0.0186218872832985,-0.00186581528627694,0.0380579357901054));
#2214=CARTESIAN_POINT('',(0.018993021018985,9.57012707123624E-19,0.0380579357901054));
#2215=CARTESIAN_POINT('',(0.0186218872832985,0.00186581528627693,0.0380579357901053));
#2216=CARTESIAN_POINT('',(0.0175649878231616,0.00344757710887589,0.0380579357901054));
#2217=CARTESIAN_POINT('',(0.0159832260005626,0.00450447656901282,0.0380579357901054));
#2218=CARTESIAN_POINT('',(0.0141174107142857,0.00487561030469931,0.0380579357901054));
#2219=CARTESIAN_POINT('',(0.0122515954280088,0.00450447656901281,0.0380579357901054));
#2220=CARTESIAN_POINT('',(0.0106698336054098,0.00344757710887589,0.0380579357901053));
#2221=CARTESIAN_POINT('',(0.00961293414527288,0.00186581528627694,0.0380579357901054));
#2222=CARTESIAN_POINT('',(0.00924180040958639,6.91369663392478E-19,0.0380579357901054));
#2223=CARTESIAN_POINT('',(0.00961293414527289,-0.00186581528627693,0.0380579357901054));
#2224=CARTESIAN_POINT('',(0.0106698336054098,-0.00344757710887589,0.0380579357901054));
#2225=CARTESIAN_POINT('',(0.0122515954280088,-0.00450447656901281,0.0380579357901054));
#2226=CARTESIAN_POINT('',(0.0141174107142857,-0.00487561030469932,0.0380579357901054));
#2227=CARTESIAN_POINT('',(0.0159832260005626,-0.00450447656901281,0.0380579357901054));
#2228=CARTESIAN_POINT('',(0.0175649878231616,-0.00344757710887589,0.0380579357901053));
#2229=CARTESIAN_POINT('',(0.0186218872832985,-0.00186581528627694,0.0380579357901054));
#2230=CARTESIAN_POINT('',(0.018993021018985,9.57012707123624E-19,0.0380579357901054));
#2231=CARTESIAN_POINT('',(0.0186218872832985,0.00186581528627693,0.0380579357901053));
#2232=CARTESIAN_POINT('',(0.0187705602455236,-0.00192739764358877,0.0382445678114891));
#2233=CARTESIAN_POINT('',(0.0191539434736919,3.90312782094782E-19,0.0382445678114891));
#2234=CARTESIAN_POINT('',(0.0187705602455236,0.00192739764358876,0.0382445678114891));
#2235=CARTESIAN_POINT('',(0.01767877718213,0.00356136646784429,0.0382445678114891));
#2236=CARTESIAN_POINT('',(0.0160448083578745,0.00465314953123794,0.0382445678114891));
#2237=CARTESIAN_POINT('',(0.0141174107142857,0.00503653275940616,0.0382445678114891));
#2238=CARTESIAN_POINT('',(0.0121900130706969,0.00465314953123794,0.0382445678114891));
#2239=CARTESIAN_POINT('',(0.0105560442464414,0.00356136646784429,0.0382445678114891));
#2240=CARTESIAN_POINT('',(0.00946426118304776,0.00192739764358877,0.0382445678114891));
#2241=CARTESIAN_POINT('',(0.00908087795487954,7.23126873338201E-19,0.0382445678114891));
#2242=CARTESIAN_POINT('',(0.00946426118304776,-0.00192739764358876,0.0382445678114891));
#2243=CARTESIAN_POINT('',(0.0105560442464414,-0.00356136646784429,0.0382445678114891));
#2244=CARTESIAN_POINT('',(0.0121900130706969,-0.00465314953123794,0.0382445678114891));
#2245=CARTESIAN_POINT('',(0.0141174107142857,-0.00503653275940616,0.0382445678114891));
#2246=CARTESIAN_POINT('',(0.0160448083578745,-0.00465314953123794,0.0382445678114891));
#2247=CARTESIAN_POINT('',(0.01767877718213,-0.00356136646784429,0.0382445678114891));
#2248=CARTESIAN_POINT('',(0.0187705602455236,-0.00192739764358877,0.0382445678114891));
#2249=CARTESIAN_POINT('',(0.0191539434736919,3.90312782094782E-19,0.0382445678114891));
#2250=CARTESIAN_POINT('',(0.0187705602455236,0.00192739764358876,0.0382445678114891));
#2251=CARTESIAN_POINT('',(0.0141174107142857,0.,0.0382445678114891));
#2252=CARTESIAN_POINT('',(0.0190261490643024,0.,0.0382445678114891));
#2253=CARTESIAN_POINT('',(0.0187705602455236,-0.00192739764358875,0.0382445678114891));
#2254=CARTESIAN_POINT('',(0.0191539434736919,-3.79470760369927E-18,0.0382445678114891));
#2255=CARTESIAN_POINT('',(0.0187705602455236,0.00192739764358877,0.0382445678114891));
#2256=CARTESIAN_POINT('',(0.01767877718213,0.00356136646784429,0.0382445678114891));
#2257=CARTESIAN_POINT('',(0.0160448083578745,0.00465314953123794,0.0382445678114891));
#2258=CARTESIAN_POINT('',(0.0141174107142857,0.00503653275940616,0.0382445678114891));
#2259=CARTESIAN_POINT('',(0.0121900130706969,0.00465314953123794,0.0382445678114891));
#2260=CARTESIAN_POINT('',(0.0105560442464414,0.00356136646784429,0.0382445678114891));
#2261=CARTESIAN_POINT('',(0.00946426118304776,0.00192739764358877,0.0382445678114891));
#2262=CARTESIAN_POINT('',(0.00908087795487954,8.62167043741571E-19,0.0382445678114891));
#2263=CARTESIAN_POINT('',(0.00946426118304776,-0.00192739764358876,0.0382445678114891));
#2264=CARTESIAN_POINT('',(0.0105560442464414,-0.00356136646784429,0.0382445678114891));
#2265=CARTESIAN_POINT('',(0.0121900130706969,-0.00465314953123794,0.0382445678114891));
#2266=CARTESIAN_POINT('',(0.0141174107142857,-0.00503653275940616,0.0382445678114891));
#2267=CARTESIAN_POINT('',(0.0160448083578745,-0.00465314953123794,0.0382445678114891));
#2268=CARTESIAN_POINT('',(0.01767877718213,-0.00356136646784429,0.0382445678114891));
#2269=CARTESIAN_POINT('',(0.0187705602455236,-0.00192739764358875,0.0382445678114891));
#2270=CARTESIAN_POINT('',(0.0191539434736919,-3.79470760369927E-18,0.0382445678114891));
#2271=CARTESIAN_POINT('',(0.0187705602455236,0.00192739764358877,0.0382445678114891));
#2272=CARTESIAN_POINT('',(0.0190615089120575,-0.00204791252722144,0.0382622083953414));
#2273=CARTESIAN_POINT('',(0.0194688640410336,-4.22838847269347E-18,0.0382622083953414));
#2274=CARTESIAN_POINT('',(0.0190615089120575,0.00204791252722145,0.0382622083953414));
#2275=CARTESIAN_POINT('',(0.0179014596508324,0.00378404893654672,0.0382622083953414));
#2276=CARTESIAN_POINT('',(0.0161653232415071,0.00494409819777178,0.0382622083953414));
#2277=CARTESIAN_POINT('',(0.0141174107142857,0.00535145332674786,0.0382622083953414));
#2278=CARTESIAN_POINT('',(0.0120694981870642,0.00494409819777178,0.0382622083953414));
#2279=CARTESIAN_POINT('',(0.010333361777739,0.00378404893654672,0.0382622083953414));
#2280=CARTESIAN_POINT('',(0.00917331251651391,0.00204791252722145,0.0382622083953414));
#2281=CARTESIAN_POINT('',(0.00876595738753784,1.56355995490488E-18,0.0382622083953414));
#2282=CARTESIAN_POINT('',(0.00917331251651391,-0.00204791252722145,0.0382622083953414));
#2283=CARTESIAN_POINT('',(0.010333361777739,-0.00378404893654672,0.0382622083953414));
#2284=CARTESIAN_POINT('',(0.0120694981870642,-0.00494409819777178,0.0382622083953414));
#2285=CARTESIAN_POINT('',(0.0141174107142857,-0.00535145332674786,0.0382622083953414));
#2286=CARTESIAN_POINT('',(0.0161653232415072,-0.00494409819777178,0.0382622083953414));
#2287=CARTESIAN_POINT('',(0.0179014596508324,-0.00378404893654672,0.0382622083953414));
#2288=CARTESIAN_POINT('',(0.0190615089120575,-0.00204791252722144,0.0382622083953414));
#2289=CARTESIAN_POINT('',(0.0194688640410336,-4.22838847269347E-18,0.0382622083953414));
#2290=CARTESIAN_POINT('',(0.0190615089120575,0.00204791252722145,0.0382622083953414));
#2291=CARTESIAN_POINT('',(0.0195100821964753,-0.00223371766534554,0.0383153069746581));
#2292=CARTESIAN_POINT('',(0.0199543962653469,-4.01154803819637E-18,0.0383153069746581));
#2293=CARTESIAN_POINT('',(0.0195100821964753,0.00223371766534555,0.0383153069746581));
#2294=CARTESIAN_POINT('',(0.018244782779129,0.0041273720648433,0.0383153069746581));
#2295=CARTESIAN_POINT('',(0.0163511283796313,0.00539267148218959,0.0383153069746581));
#2296=CARTESIAN_POINT('',(0.0141174107142857,0.00583698555106123,0.0383153069746581));
#2297=CARTESIAN_POINT('',(0.0118836930489402,0.00539267148218959,0.0383153069746581));
#2298=CARTESIAN_POINT('',(0.00999003864944241,0.0041273720648433,0.0383153069746581));
#2299=CARTESIAN_POINT('',(0.00872473923209612,0.00223371766534555,0.0383153069746581));
#2300=CARTESIAN_POINT('',(0.00828042516322447,-1.04628421320607E-19,0.0383153069746581));
#2301=CARTESIAN_POINT('',(0.00872473923209611,-0.00223371766534555,0.0383153069746581));
#2302=CARTESIAN_POINT('',(0.00999003864944241,-0.0041273720648433,0.0383153069746581));
#2303=CARTESIAN_POINT('',(0.0118836930489402,-0.00539267148218959,0.0383153069746581));
#2304=CARTESIAN_POINT('',(0.0141174107142857,-0.00583698555106123,0.0383153069746581));
#2305=CARTESIAN_POINT('',(0.0163511283796313,-0.0053926714821896,0.0383153069746581));
#2306=CARTESIAN_POINT('',(0.018244782779129,-0.00412737206484329,0.0383153069746581));
#2307=CARTESIAN_POINT('',(0.0195100821964753,-0.00223371766534554,0.0383153069746581));
#2308=CARTESIAN_POINT('',(0.0199543962653469,-4.01154803819637E-18,0.0383153069746581));
#2309=CARTESIAN_POINT('',(0.0195100821964753,0.00223371766534555,0.0383153069746581));
#2310=CARTESIAN_POINT('',(0.0200256388122908,-0.00244726820778749,0.0384702461383329));
#2311=CARTESIAN_POINT('',(0.0205124307251148,-5.4752209710518E-18,0.0384702461383329));
#2312=CARTESIAN_POINT('',(0.0200256388122908,0.00244726820778751,0.0384702461383329));
#2313=CARTESIAN_POINT('',(0.0186393727297666,0.0045219620154809,0.0384702461383329));
#2314=CARTESIAN_POINT('',(0.0165646789220732,0.00590822809800509,0.0384702461383329));
#2315=CARTESIAN_POINT('',(0.0141174107142857,0.00639502001082908,0.0384702461383329));
#2316=CARTESIAN_POINT('',(0.0116701425064982,0.00590822809800509,0.0384702461383329));
#2317=CARTESIAN_POINT('',(0.0095954486988048,0.00452196201548091,0.0384702461383329));
#2318=CARTESIAN_POINT('',(0.00820918261628061,0.0024472682077875,0.0384702461383329));
#2319=CARTESIAN_POINT('',(0.00772239070345663,1.07611565481719E-18,0.0384702461383329));
#2320=CARTESIAN_POINT('',(0.00820918261628061,-0.0024472682077875,0.0384702461383329));
#2321=CARTESIAN_POINT('',(0.0095954486988048,-0.0045219620154809,0.0384702461383329));
#2322=CARTESIAN_POINT('',(0.0116701425064982,-0.00590822809800509,0.0384702461383329));
#2323=CARTESIAN_POINT('',(0.0141174107142857,-0.00639502001082908,0.0384702461383329));
#2324=CARTESIAN_POINT('',(0.0165646789220732,-0.00590822809800509,0.0384702461383329));
#2325=CARTESIAN_POINT('',(0.0186393727297666,-0.00452196201548091,0.0384702461383329));
#2326=CARTESIAN_POINT('',(0.0200256388122908,-0.00244726820778749,0.0384702461383329));
#2327=CARTESIAN_POINT('',(0.0205124307251148,-5.4752209710518E-18,0.0384702461383329));
#2328=CARTESIAN_POINT('',(0.0200256388122908,0.00244726820778751,0.0384702461383329));
#2329=CARTESIAN_POINT('',(0.0203545658039139,-0.00258351422874837,0.0386612204628349));
#2330=CARTESIAN_POINT('',(0.0208684587353133,-5.09575021068187E-18,0.0386612204628348));
#2331=CARTESIAN_POINT('',(0.0203545658039139,0.00258351422874838,0.0386612204628348));
#2332=CARTESIAN_POINT('',(0.0188911225500703,0.00477371183578462,0.0386612204628348));
#2333=CARTESIAN_POINT('',(0.0167009249430341,0.0062371550896282,0.0386612204628348));
#2334=CARTESIAN_POINT('',(0.0141174107142857,0.00675104802102757,0.0386612204628348));
#2335=CARTESIAN_POINT('',(0.0115338964855373,0.0062371550896282,0.0386612204628348));
#2336=CARTESIAN_POINT('',(0.00934369887850109,0.00477371183578462,0.0386612204628348));
#2337=CARTESIAN_POINT('',(0.0078802556246575,0.00258351422874838,0.0386612204628348));
#2338=CARTESIAN_POINT('',(0.00736636269325814,5.90881581326229E-19,0.0386612204628348));
#2339=CARTESIAN_POINT('',(0.0078802556246575,-0.00258351422874838,0.0386612204628348));
#2340=CARTESIAN_POINT('',(0.00934369887850109,-0.00477371183578462,0.0386612204628348));
#2341=CARTESIAN_POINT('',(0.0115338964855373,-0.0062371550896282,0.0386612204628348));
#2342=CARTESIAN_POINT('',(0.0141174107142857,-0.00675104802102757,0.0386612204628348));
#2343=CARTESIAN_POINT('',(0.0167009249430341,-0.0062371550896282,0.0386612204628349));
#2344=CARTESIAN_POINT('',(0.0188911225500703,-0.00477371183578461,0.0386612204628348));
#2345=CARTESIAN_POINT('',(0.0203545658039139,-0.00258351422874837,0.0386612204628349));
#2346=CARTESIAN_POINT('',(0.0208684587353133,-5.09575021068187E-18,0.0386612204628348));
#2347=CARTESIAN_POINT('',(0.0203545658039139,0.00258351422874838,0.0386612204628348));
#2348=CARTESIAN_POINT('',(0.0206082451149236,-0.00268859163986204,0.0389965416345315));
#2349=CARTESIAN_POINT('',(0.0211430392429257,-4.71627945031194E-18,0.0389965416345314));
#2350=CARTESIAN_POINT('',(0.0206082451149236,0.00268859163986205,0.0389965416345315));
#2351=CARTESIAN_POINT('',(0.0190852802889847,0.00496786957469901,0.0389965416345314));
#2352=CARTESIAN_POINT('',(0.0168060023541477,0.00649083440063789,0.0389965416345315));
#2353=CARTESIAN_POINT('',(0.0141174107142857,0.00702562852864001,0.0389965416345314));
#2354=CARTESIAN_POINT('',(0.0114288190744236,0.00649083440063789,0.0389965416345314));
#2355=CARTESIAN_POINT('',(0.00914954113958668,0.00496786957469902,0.0389965416345315));
#2356=CARTESIAN_POINT('',(0.00762657631364781,0.00268859163986205,0.0389965416345314));
#2357=CARTESIAN_POINT('',(0.00709178218564569,1.17945698310466E-18,0.0389965416345315));
#2358=CARTESIAN_POINT('',(0.00762657631364781,-0.00268859163986205,0.0389965416345315));
#2359=CARTESIAN_POINT('',(0.00914954113958668,-0.00496786957469902,0.0389965416345314));
#2360=CARTESIAN_POINT('',(0.0114288190744237,-0.00649083440063789,0.0389965416345314));
#2361=CARTESIAN_POINT('',(0.0141174107142857,-0.00702562852864001,0.0389965416345315));
#2362=CARTESIAN_POINT('',(0.0168060023541478,-0.00649083440063789,0.0389965416345315));
#2363=CARTESIAN_POINT('',(0.0190852802889847,-0.00496786957469901,0.0389965416345314));
#2364=CARTESIAN_POINT('',(0.0206082451149236,-0.00268859163986204,0.0389965416345315));
#2365=CARTESIAN_POINT('',(0.0211430392429257,-4.71627945031194E-18,0.0389965416345314));
#2366=CARTESIAN_POINT('',(0.0206082451149236,0.00268859163986205,0.0389965416345315));
#2367=CARTESIAN_POINT('',(0.0206869792203703,-0.00272120437415938,0.0392834012647411));
#2368=CARTESIAN_POINT('',(0.0212282604245582,-5.20417042793042E-18,0.0392834012647411));
#2369=CARTESIAN_POINT('',(0.0206869792203703,0.00272120437415939,0.0392834012647411));
#2370=CARTESIAN_POINT('',(0.0191455407644178,0.00502813005013209,0.0392834012647411));
#2371=CARTESIAN_POINT('',(0.0168386150884451,0.00656956850608459,0.0392834012647411));
#2372=CARTESIAN_POINT('',(0.0141174107142857,0.00711084971027252,0.0392834012647411));
#2373=CARTESIAN_POINT('',(0.0113962063401263,0.00656956850608459,0.0392834012647411));
#2374=CARTESIAN_POINT('',(0.00908928066415361,0.00502813005013209,0.0392834012647411));
#2375=CARTESIAN_POINT('',(0.00754784220820111,0.00272120437415939,0.0392834012647411));
#2376=CARTESIAN_POINT('',(0.00700656100401319,1.05111825670583E-18,0.0392834012647411));
#2377=CARTESIAN_POINT('',(0.00754784220820111,-0.00272120437415939,0.0392834012647411));
#2378=CARTESIAN_POINT('',(0.00908928066415361,-0.00502813005013209,0.0392834012647411));
#2379=CARTESIAN_POINT('',(0.0113962063401263,-0.00656956850608459,0.0392834012647411));
#2380=CARTESIAN_POINT('',(0.0141174107142857,-0.00711084971027252,0.0392834012647411));
#2381=CARTESIAN_POINT('',(0.0168386150884451,-0.00656956850608459,0.0392834012647411));
#2382=CARTESIAN_POINT('',(0.0191455407644178,-0.00502813005013209,0.0392834012647411));
#2383=CARTESIAN_POINT('',(0.0206869792203703,-0.00272120437415938,0.0392834012647411));
#2384=CARTESIAN_POINT('',(0.0212282604245582,-5.20417042793042E-18,0.0392834012647411));
#2385=CARTESIAN_POINT('',(0.0206869792203703,0.00272120437415939,0.0392834012647411));
#2386=CARTESIAN_POINT('',(0.0206964480358246,-0.00272512648594016,0.0395160643426918));
#2387=CARTESIAN_POINT('',(0.021238509396552,-5.31259064517897E-18,0.0395160643426917));
#2388=CARTESIAN_POINT('',(0.0206964480358246,0.00272512648594017,0.0395160643426918));
#2389=CARTESIAN_POINT('',(0.0191527878820148,0.00503537716772906,0.0395160643426917));
#2390=CARTESIAN_POINT('',(0.0168425372002259,0.00657903732153889,0.0395160643426917));
#2391=CARTESIAN_POINT('',(0.0141174107142857,0.00712109868226627,0.0395160643426917));
#2392=CARTESIAN_POINT('',(0.0113922842283455,0.00657903732153889,0.0395160643426917));
#2393=CARTESIAN_POINT('',(0.00908203354655664,0.00503537716772906,0.0395160643426918));
#2394=CARTESIAN_POINT('',(0.00753837339274681,0.00272512648594017,0.0395160643426917));
#2395=CARTESIAN_POINT('',(0.00699631203201944,8.84222987594684E-19,0.0395160643426918));
#2396=CARTESIAN_POINT('',(0.00753837339274681,-0.00272512648594017,0.0395160643426918));
#2397=CARTESIAN_POINT('',(0.00908203354655664,-0.00503537716772906,0.0395160643426918));
#2398=CARTESIAN_POINT('',(0.0113922842283455,-0.00657903732153889,0.0395160643426918));
#2399=CARTESIAN_POINT('',(0.0141174107142857,-0.00712109868226626,0.0395160643426918));
#2400=CARTESIAN_POINT('',(0.0168425372002259,-0.0065790373215389,0.0395160643426918));
#2401=CARTESIAN_POINT('',(0.0191527878820148,-0.00503537716772906,0.0395160643426917));
#2402=CARTESIAN_POINT('',(0.0206964480358246,-0.00272512648594016,0.0395160643426918));
#2403=CARTESIAN_POINT('',(0.021238509396552,-5.31259064517897E-18,0.0395160643426917));
#2404=CARTESIAN_POINT('',(0.0206964480358246,0.00272512648594017,0.0395160643426918));
#2405=CARTESIAN_POINT('',(0.0206139223826778,-0.00269094324116304,0.0397474638867676));
#2406=CARTESIAN_POINT('',(0.0211491842732618,-5.36680075380325E-18,0.0397474638867676));
#2407=CARTESIAN_POINT('',(0.0206139223826778,0.00269094324116305,0.0397474638867676));
#2408=CARTESIAN_POINT('',(0.0190896254816059,0.00497221476732025,0.0397474638867676));
#2409=CARTESIAN_POINT('',(0.0168083539554488,0.00649651166839205,0.0397474638867676));
#2410=CARTESIAN_POINT('',(0.0141174107142857,0.00703177355897608,0.0397474638867676));
#2411=CARTESIAN_POINT('',(0.0114264674731227,0.00649651166839205,0.0397474638867676));
#2412=CARTESIAN_POINT('',(0.00914519594696544,0.00497221476732025,0.0397474638867676));
#2413=CARTESIAN_POINT('',(0.00762089904589365,0.00269094324116305,0.0397474638867676));
#2414=CARTESIAN_POINT('',(0.00708563715530961,3.36894119880597E-19,0.0397474638867676));
#2415=CARTESIAN_POINT('',(0.00762089904589365,-0.00269094324116305,0.0397474638867676));
#2416=CARTESIAN_POINT('',(0.00914519594696544,-0.00497221476732025,0.0397474638867676));
#2417=CARTESIAN_POINT('',(0.0114264674731226,-0.00649651166839205,0.0397474638867676));
#2418=CARTESIAN_POINT('',(0.0141174107142857,-0.00703177355897609,0.0397474638867676));
#2419=CARTESIAN_POINT('',(0.0168083539554487,-0.00649651166839205,0.0397474638867676));
#2420=CARTESIAN_POINT('',(0.019089625481606,-0.00497221476732025,0.0397474638867676));
#2421=CARTESIAN_POINT('',(0.0206139223826778,-0.00269094324116304,0.0397474638867676));
#2422=CARTESIAN_POINT('',(0.0211491842732618,-5.36680075380325E-18,0.0397474638867676));
#2423=CARTESIAN_POINT('',(0.0206139223826778,0.00269094324116305,0.0397474638867676));
#2424=CARTESIAN_POINT('',(0.0204572238711408,-0.00262603659248076,0.0398813850834277));
#2425=CARTESIAN_POINT('',(0.0209795750265768,-5.42101086242752E-18,0.0398813850834277));
#2426=CARTESIAN_POINT('',(0.0204572238711408,0.00262603659248078,0.0398813850834277));
#2427=CARTESIAN_POINT('',(0.0189696936331231,0.00485228291883734,0.0398813850834277));
#2428=CARTESIAN_POINT('',(0.0167434473067665,0.00633981315685511,0.0398813850834277));
#2429=CARTESIAN_POINT('',(0.0141174107142857,0.00686216431229107,0.0398813850834277));
#2430=CARTESIAN_POINT('',(0.0114913741218049,0.00633981315685511,0.0398813850834277));
#2431=CARTESIAN_POINT('',(0.00926512779544836,0.00485228291883734,0.0398813850834277));
#2432=CARTESIAN_POINT('',(0.00777759755743059,0.00262603659248077,0.0398813850834277));
#2433=CARTESIAN_POINT('',(0.00725524640199463,2.16996275324506E-18,0.0398813850834277));
#2434=CARTESIAN_POINT('',(0.00777759755743059,-0.00262603659248078,0.0398813850834277));
#2435=CARTESIAN_POINT('',(0.00926512779544836,-0.00485228291883733,0.0398813850834277));
#2436=CARTESIAN_POINT('',(0.0114913741218049,-0.00633981315685511,0.0398813850834277));
#2437=CARTESIAN_POINT('',(0.0141174107142857,-0.00686216431229107,0.0398813850834277));
#2438=CARTESIAN_POINT('',(0.0167434473067665,-0.00633981315685512,0.0398813850834277));
#2439=CARTESIAN_POINT('',(0.018969693633123,-0.00485228291883734,0.0398813850834277));
#2440=CARTESIAN_POINT('',(0.0204572238711408,-0.00262603659248076,0.0398813850834277));
#2441=CARTESIAN_POINT('',(0.0209795750265768,-5.42101086242752E-18,0.0398813850834277));
#2442=CARTESIAN_POINT('',(0.0204572238711408,0.00262603659248078,0.0398813850834277));
#2443=CARTESIAN_POINT('',(0.0203539376683326,-0.00258325404647158,0.039971012622118));
#2444=CARTESIAN_POINT('',(0.0208677788462593,-5.0415401020576E-18,0.039971012622118));
#2445=CARTESIAN_POINT('',(0.0203539376683326,0.0025832540464716,0.039971012622118));
#2446=CARTESIAN_POINT('',(0.0188906417959098,0.00477323108162413,0.039971012622118));
#2447=CARTESIAN_POINT('',(0.0167006647607573,0.0062365269540469,0.039971012622118));
#2448=CARTESIAN_POINT('',(0.0141174107142857,0.00675036813197365,0.039971012622118));
#2449=CARTESIAN_POINT('',(0.0115341566678141,0.0062365269540469,0.039971012622118));
#2450=CARTESIAN_POINT('',(0.00934417963266157,0.00477323108162413,0.039971012622118));
#2451=CARTESIAN_POINT('',(0.0078808837602388,0.0025832540464716,0.039971012622118));
#2452=CARTESIAN_POINT('',(0.00736704258231205,1.0599128409785E-18,0.039971012622118));
#2453=CARTESIAN_POINT('',(0.0078808837602388,-0.00258325404647159,0.039971012622118));
#2454=CARTESIAN_POINT('',(0.00934417963266157,-0.00477323108162413,0.039971012622118));
#2455=CARTESIAN_POINT('',(0.0115341566678141,-0.0062365269540469,0.039971012622118));
#2456=CARTESIAN_POINT('',(0.0141174107142857,-0.00675036813197365,0.039971012622118));
#2457=CARTESIAN_POINT('',(0.0167006647607573,-0.0062365269540469,0.039971012622118));
#2458=CARTESIAN_POINT('',(0.0188906417959098,-0.00477323108162413,0.039971012622118));
#2459=CARTESIAN_POINT('',(0.0203539376683326,-0.00258325404647158,0.039971012622118));
#2460=CARTESIAN_POINT('',(0.0208677788462593,-5.0415401020576E-18,0.039971012622118));
#2461=CARTESIAN_POINT('',(0.0203539376683326,0.0025832540464716,0.039971012622118));
#2462=CARTESIAN_POINT('',(0.0141174107142857,0.,0.039971012622118));
#2463=CARTESIAN_POINT('',(0.0206964984536171,0.,0.039971012622118));
#2464=CARTESIAN_POINT('',(0.0141174107142857,0.,0.039971012622118));
#2465=CARTESIAN_POINT('',(0.0141174107142857,0.,0.040038132919659));
#2466=CARTESIAN_POINT('',(0.0205706054370597,0.,0.040038132919659));
#2467=CARTESIAN_POINT('',(0.0141174107142857,0.,0.0379245220424526));
#2468=CARTESIAN_POINT('',(0.0141174107142857,0.,0.0402510261546171));
#2469=CARTESIAN_POINT('',(0.0200134507449743,0.,0.0402510261546171));
#2470=CARTESIAN_POINT('',(0.0141174107142857,0.,0.0402510261546171));
#2471=CARTESIAN_POINT('',(0.0141174107142857,0.,0.0403867326676846));
#2472=CARTESIAN_POINT('',(0.0194592848420143,0.,0.0403867326676846));
#2473=CARTESIAN_POINT('',(0.0141174107142857,0.,0.03175));
#2474=CARTESIAN_POINT('',(0.0141174107142857,0.,0.0410181321203709));
#2475=CARTESIAN_POINT('',(0.0194591236548494,0.,0.0410185252798602));
#2476=CARTESIAN_POINT('',(0.0141174107142857,0.,0.0520777742084592));
#2477=CARTESIAN_POINT('',(0.0141174107142857,0.,0.0412592700350182));
#2478=CARTESIAN_POINT('',(0.0200051742084549,0.,0.0412592700375431));
#2479=CARTESIAN_POINT('',(0.019698609382746,-0.0023118081827749,0.0412592700375431));
#2480=CARTESIAN_POINT('',(0.0201584566213094,-4.55364912443912E-18,0.0412592700375431));
#2481=CARTESIAN_POINT('',(0.019698609382746,0.00231180818277492,0.0412592700375431));
#2482=CARTESIAN_POINT('',(0.0183890752406014,0.00427166452631571,0.0412592700375431));
#2483=CARTESIAN_POINT('',(0.0164292188970606,0.0055811986684603,0.0412592700375431));
#2484=CARTESIAN_POINT('',(0.0141174107142857,0.00604104590702372,0.0412592700375431));
#2485=CARTESIAN_POINT('',(0.0118056025315108,0.0055811986684603,0.0412592700375431));
#2486=CARTESIAN_POINT('',(0.00984574618796999,0.00427166452631571,0.0412592700375431));
#2487=CARTESIAN_POINT('',(0.0085362120458254,0.00231180818277492,0.0412592700375431));
#2488=CARTESIAN_POINT('',(0.00807636480726198,9.6152797892144E-19,0.0412592700375431));
#2489=CARTESIAN_POINT('',(0.0085362120458254,-0.00231180818277491,0.0412592700375431));
#2490=CARTESIAN_POINT('',(0.00984574618796999,-0.00427166452631571,0.0412592700375431));
#2491=CARTESIAN_POINT('',(0.0118056025315108,-0.0055811986684603,0.0412592700375431));
#2492=CARTESIAN_POINT('',(0.0141174107142857,-0.00604104590702372,0.0412592700375431));
#2493=CARTESIAN_POINT('',(0.0164292188970606,-0.0055811986684603,0.0412592700375431));
#2494=CARTESIAN_POINT('',(0.0183890752406014,-0.00427166452631571,0.0412592700375431));
#2495=CARTESIAN_POINT('',(0.019698609382746,-0.0023118081827749,0.0412592700375431));
#2496=CARTESIAN_POINT('',(0.0201584566213094,-4.55364912443912E-18,0.0412592700375431));
#2497=CARTESIAN_POINT('',(0.019698609382746,0.00231180818277492,0.0412592700375431));
#2498=CARTESIAN_POINT('',(0.0198033670740627,-0.00235520023928116,0.0413149799529773));
#2499=CARTESIAN_POINT('',(0.0202718455293112,-4.87890977618477E-18,0.0413149799529772));
#2500=CARTESIAN_POINT('',(0.0198033670740627,0.00235520023928118,0.0413149799529772));
#2501=CARTESIAN_POINT('',(0.0184692533063608,0.00435184259207513,0.0413149799529772));
#2502=CARTESIAN_POINT('',(0.0164726109535669,0.00568595635977697,0.0413149799529772));
#2503=CARTESIAN_POINT('',(0.0141174107142857,0.00615443481502553,0.0413149799529772));
#2504=CARTESIAN_POINT('',(0.0117622104750045,0.00568595635977698,0.0413149799529772));
#2505=CARTESIAN_POINT('',(0.00976556812221057,0.00435184259207513,0.0413149799529772));
#2506=CARTESIAN_POINT('',(0.00843145435450873,0.00235520023928118,0.0413149799529772));
#2507=CARTESIAN_POINT('',(0.00796297589926017,7.0647841756929E-19,0.0413149799529772));
#2508=CARTESIAN_POINT('',(0.00843145435450873,-0.00235520023928117,0.0413149799529772));
#2509=CARTESIAN_POINT('',(0.00976556812221057,-0.00435184259207513,0.0413149799529772));
#2510=CARTESIAN_POINT('',(0.0117622104750045,-0.00568595635977697,0.0413149799529772));
#2511=CARTESIAN_POINT('',(0.0141174107142857,-0.00615443481502553,0.0413149799529772));
#2512=CARTESIAN_POINT('',(0.0164726109535669,-0.00568595635977698,0.0413149799529772));
#2513=CARTESIAN_POINT('',(0.0184692533063608,-0.00435184259207512,0.0413149799529772));
#2514=CARTESIAN_POINT('',(0.0198033670740627,-0.00235520023928116,0.0413149799529773));
#2515=CARTESIAN_POINT('',(0.0202718455293112,-4.87890977618477E-18,0.0413149799529772));
#2516=CARTESIAN_POINT('',(0.0198033670740627,0.00235520023928118,0.0413149799529772));
#2517=CARTESIAN_POINT('',(0.0199778664296987,-0.00242748023901096,0.0414258008914316));
#2518=CARTESIAN_POINT('',(0.0204607222708077,-4.98732999343332E-18,0.0414258008914316));
#2519=CARTESIAN_POINT('',(0.0199778664296987,0.00242748023901097,0.0414258008914316));
#2520=CARTESIAN_POINT('',(0.0186028093310814,0.00448539861679568,0.0414258008914316));
#2521=CARTESIAN_POINT('',(0.0165448909532967,0.00586045571541297,0.0414258008914316));
#2522=CARTESIAN_POINT('',(0.0141174107142857,0.00634331155652198,0.0414258008914316));
#2523=CARTESIAN_POINT('',(0.0116899304752747,0.00586045571541297,0.0414258008914316));
#2524=CARTESIAN_POINT('',(0.00963201209749003,0.00448539861679568,0.0414258008914316));
#2525=CARTESIAN_POINT('',(0.00825695499887273,0.00242748023901097,0.0414258008914316));
#2526=CARTESIAN_POINT('',(0.00777409915776373,1.05965806934983E-18,0.0414258008914316));
#2527=CARTESIAN_POINT('',(0.00825695499887273,-0.00242748023901097,0.0414258008914316));
#2528=CARTESIAN_POINT('',(0.00963201209749002,-0.00448539861679568,0.0414258008914316));
#2529=CARTESIAN_POINT('',(0.0116899304752747,-0.00586045571541296,0.0414258008914316));
#2530=CARTESIAN_POINT('',(0.0141174107142857,-0.00634331155652198,0.0414258008914316));
#2531=CARTESIAN_POINT('',(0.0165448909532967,-0.00586045571541297,0.0414258008914316));
#2532=CARTESIAN_POINT('',(0.0186028093310814,-0.00448539861679568,0.0414258008914316));
#2533=CARTESIAN_POINT('',(0.0199778664296987,-0.00242748023901096,0.0414258008914316));
#2534=CARTESIAN_POINT('',(0.0204607222708077,-4.98732999343332E-18,0.0414258008914316));
#2535=CARTESIAN_POINT('',(0.0199778664296987,0.00242748023901097,0.0414258008914316));
#2536=CARTESIAN_POINT('',(0.0200648050688239,-0.00246349140243087,0.041675131156328));
#2537=CARTESIAN_POINT('',(0.0205548239757008,-4.82469966756049E-18,0.041675131156328));
#2538=CARTESIAN_POINT('',(0.0200648050688238,0.00246349140243088,0.041675131156328));
#2539=CARTESIAN_POINT('',(0.0186693492847325,0.00455193857044683,0.041675131156328));
#2540=CARTESIAN_POINT('',(0.0165809021167166,0.00594739435453815,0.041675131156328));
#2541=CARTESIAN_POINT('',(0.0141174107142857,0.0064374132614151,0.041675131156328));
#2542=CARTESIAN_POINT('',(0.0116539193118548,0.00594739435453815,0.041675131156328));
#2543=CARTESIAN_POINT('',(0.00956547214383887,0.00455193857044683,0.041675131156328));
#2544=CARTESIAN_POINT('',(0.00817001635974756,0.00246349140243088,0.041675131156328));
#2545=CARTESIAN_POINT('',(0.0076799974528706,4.9480620753942E-19,0.041675131156328));
#2546=CARTESIAN_POINT('',(0.00817001635974755,-0.00246349140243088,0.041675131156328));
#2547=CARTESIAN_POINT('',(0.00956547214383887,-0.00455193857044683,0.041675131156328));
#2548=CARTESIAN_POINT('',(0.0116539193118548,-0.00594739435453814,0.041675131156328));
#2549=CARTESIAN_POINT('',(0.0141174107142857,-0.00643741326141511,0.041675131156328));
#2550=CARTESIAN_POINT('',(0.0165809021167166,-0.00594739435453815,0.041675131156328));
#2551=CARTESIAN_POINT('',(0.0186693492847325,-0.00455193857044683,0.041675131156328));
#2552=CARTESIAN_POINT('',(0.0200648050688239,-0.00246349140243087,0.041675131156328));
#2553=CARTESIAN_POINT('',(0.0205548239757008,-4.82469966756049E-18,0.041675131156328));
#2554=CARTESIAN_POINT('',(0.0200648050688238,0.00246349140243088,0.041675131156328));
#2555=CARTESIAN_POINT('',(0.0200485096838817,-0.00245674163298372,0.0419523164262256));
#2556=CARTESIAN_POINT('',(0.0205371859781386,-5.6920614055489E-18,0.0419523164262256));
#2557=CARTESIAN_POINT('',(0.0200485096838816,0.00245674163298373,0.0419523164262256));
#2558=CARTESIAN_POINT('',(0.0186568773370497,0.00453946662276405,0.0419523164262256));
#2559=CARTESIAN_POINT('',(0.0165741523472694,0.00593109896959595,0.0419523164262256));
#2560=CARTESIAN_POINT('',(0.0141174107142857,0.00641977526385291,0.0419523164262256));
#2561=CARTESIAN_POINT('',(0.011660669081302,0.00593109896959595,0.0419523164262256));
#2562=CARTESIAN_POINT('',(0.00957794409152166,0.00453946662276405,0.0419523164262256));
#2563=CARTESIAN_POINT('',(0.00818631174468975,0.00245674163298373,0.0419523164262256));
#2564=CARTESIAN_POINT('',(0.0076976354504328,1.41792322753635E-18,0.0419523164262256));
#2565=CARTESIAN_POINT('',(0.00818631174468976,-0.00245674163298373,0.0419523164262256));
#2566=CARTESIAN_POINT('',(0.00957794409152165,-0.00453946662276404,0.0419523164262256));
#2567=CARTESIAN_POINT('',(0.011660669081302,-0.00593109896959595,0.0419523164262256));
#2568=CARTESIAN_POINT('',(0.0141174107142857,-0.00641977526385291,0.0419523164262256));
#2569=CARTESIAN_POINT('',(0.0165741523472694,-0.00593109896959595,0.0419523164262256));
#2570=CARTESIAN_POINT('',(0.0186568773370497,-0.00453946662276405,0.0419523164262256));
#2571=CARTESIAN_POINT('',(0.0200485096838817,-0.00245674163298372,0.0419523164262256));
#2572=CARTESIAN_POINT('',(0.0205371859781386,-5.6920614055489E-18,0.0419523164262256));
#2573=CARTESIAN_POINT('',(0.0200485096838816,0.00245674163298373,0.0419523164262256));
#2574=CARTESIAN_POINT('',(0.019996013190689,-0.00243499687352631,0.0421160192712032));
#2575=CARTESIAN_POINT('',(0.0204803641833642,-4.39101879856629E-18,0.0421160192712032));
#2576=CARTESIAN_POINT('',(0.019996013190689,0.00243499687352632,0.0421160192712032));
#2577=CARTESIAN_POINT('',(0.0186166982606456,0.00449928754635988,0.0421160192712032));
#2578=CARTESIAN_POINT('',(0.016552407587812,0.00587860247640332,0.0421160192712032));
#2579=CARTESIAN_POINT('',(0.0141174107142857,0.00636295346907851,0.0421160192712032));
#2580=CARTESIAN_POINT('',(0.0116824138407594,0.00587860247640332,0.0421160192712032));
#2581=CARTESIAN_POINT('',(0.00961812316792583,0.00449928754635988,0.0421160192712032));
#2582=CARTESIAN_POINT('',(0.00823880823788238,0.00243499687352632,0.0421160192712032));
#2583=CARTESIAN_POINT('',(0.0077544572452072,1.24007277839255E-18,0.0421160192712032));
#2584=CARTESIAN_POINT('',(0.00823880823788238,-0.00243499687352632,0.0421160192712032));
#2585=CARTESIAN_POINT('',(0.00961812316792582,-0.00449928754635988,0.0421160192712032));
#2586=CARTESIAN_POINT('',(0.0116824138407594,-0.00587860247640332,0.0421160192712032));
#2587=CARTESIAN_POINT('',(0.0141174107142857,-0.00636295346907851,0.0421160192712032));
#2588=CARTESIAN_POINT('',(0.016552407587812,-0.00587860247640333,0.0421160192712032));
#2589=CARTESIAN_POINT('',(0.0186166982606456,-0.00449928754635988,0.0421160192712032));
#2590=CARTESIAN_POINT('',(0.019996013190689,-0.00243499687352631,0.0421160192712032));
#2591=CARTESIAN_POINT('',(0.0204803641833642,-4.39101879856629E-18,0.0421160192712032));
#2592=CARTESIAN_POINT('',(0.019996013190689,0.00243499687352632,0.0421160192712032));
#2593=CARTESIAN_POINT('',(0.0199285091416643,-0.00240703578090516,0.0421983842681225));
#2594=CARTESIAN_POINT('',(0.0204072983272117,-4.82469966756049E-18,0.0421983842681225));
#2595=CARTESIAN_POINT('',(0.0199285091416643,0.00240703578090517,0.0421983842681225));
#2596=CARTESIAN_POINT('',(0.0185650328982869,0.00444762218400121,0.0421983842681225));
#2597=CARTESIAN_POINT('',(0.0165244464951909,0.00581109842737857,0.0421983842681225));
#2598=CARTESIAN_POINT('',(0.0141174107142857,0.00628988761292597,0.0421983842681225));
#2599=CARTESIAN_POINT('',(0.0117103749333805,0.00581109842737857,0.0421983842681225));
#2600=CARTESIAN_POINT('',(0.00966978853028449,0.00444762218400122,0.0421983842681225));
#2601=CARTESIAN_POINT('',(0.00830631228690713,0.00240703578090517,0.0421983842681225));
#2602=CARTESIAN_POINT('',(0.00782752310135974,8.41537159264498E-19,0.0421983842681225));
#2603=CARTESIAN_POINT('',(0.00830631228690713,-0.00240703578090517,0.0421983842681225));
#2604=CARTESIAN_POINT('',(0.00966978853028448,-0.00444762218400122,0.0421983842681225));
#2605=CARTESIAN_POINT('',(0.0117103749333805,-0.00581109842737857,0.0421983842681225));
#2606=CARTESIAN_POINT('',(0.0141174107142857,-0.00628988761292597,0.0421983842681225));
#2607=CARTESIAN_POINT('',(0.0165244464951909,-0.00581109842737858,0.0421983842681225));
#2608=CARTESIAN_POINT('',(0.0185650328982869,-0.00444762218400121,0.0421983842681225));
#2609=CARTESIAN_POINT('',(0.0199285091416643,-0.00240703578090516,0.0421983842681225));
#2610=CARTESIAN_POINT('',(0.0204072983272117,-4.82469966756049E-18,0.0421983842681225));
#2611=CARTESIAN_POINT('',(0.0199285091416643,0.00240703578090517,0.0421983842681225));
#2612=CARTESIAN_POINT('',(0.0141174107142857,0.,0.0421983842681225));
#2613=CARTESIAN_POINT('',(0.0202477019320292,0.,0.0421983842681225));
#2614=CARTESIAN_POINT('',(0.019928509135508,-0.00240703577835514,0.042198384275632));
#2615=CARTESIAN_POINT('',(0.0204072983205481,-4.44522890719057E-18,0.0421983842756319));
#2616=CARTESIAN_POINT('',(0.019928509135508,0.00240703577835515,0.042198384275632));
#2617=CARTESIAN_POINT('',(0.0185650328935751,0.00444762217928939,0.0421983842756319));
#2618=CARTESIAN_POINT('',(0.0165244464926409,0.00581109842122228,0.042198384275632));
#2619=CARTESIAN_POINT('',(0.0141174107142857,0.00628988760626244,0.042198384275632));
#2620=CARTESIAN_POINT('',(0.0117103749359306,0.00581109842122228,0.042198384275632));
#2621=CARTESIAN_POINT('',(0.00966978853499631,0.00444762217928939,0.042198384275632));
#2622=CARTESIAN_POINT('',(0.00830631229306343,0.00240703577835515,0.042198384275632));
#2623=CARTESIAN_POINT('',(0.00782752310802327,9.53669763102186E-19,0.042198384275632));
#2624=CARTESIAN_POINT('',(0.00830631229306343,-0.00240703577835515,0.042198384275632));
#2625=CARTESIAN_POINT('',(0.00966978853499631,-0.00444762217928939,0.042198384275632));
#2626=CARTESIAN_POINT('',(0.0117103749359306,-0.00581109842122228,0.042198384275632));
#2627=CARTESIAN_POINT('',(0.0141174107142857,-0.00628988760626244,0.042198384275632));
#2628=CARTESIAN_POINT('',(0.0165244464926409,-0.00581109842122228,0.042198384275632));
#2629=CARTESIAN_POINT('',(0.0185650328935751,-0.00444762217928939,0.042198384275632));
#2630=CARTESIAN_POINT('',(0.019928509135508,-0.00240703577835514,0.042198384275632));
#2631=CARTESIAN_POINT('',(0.0204072983205481,-4.44522890719057E-18,0.0421983842756319));
#2632=CARTESIAN_POINT('',(0.019928509135508,0.00240703577835515,0.042198384275632));
#2633=CARTESIAN_POINT('',(0.0197967306331745,-0.00235245133545937,0.0423731340069884));
#2634=CARTESIAN_POINT('',(0.0202646622974561,-4.82469966756049E-18,0.0423731340069884));
#2635=CARTESIAN_POINT('',(0.0197967306331744,0.00235245133545938,0.0423731340069884));
#2636=CARTESIAN_POINT('',(0.0184641739944052,0.00434676328011954,0.0423731340069884));
#2637=CARTESIAN_POINT('',(0.0164698620497451,0.00567931991888875,0.0423731340069884));
#2638=CARTESIAN_POINT('',(0.0141174107142857,0.00614725158317041,0.0423731340069884));
#2639=CARTESIAN_POINT('',(0.0117649593788263,0.00567931991888875,0.0423731340069884));
#2640=CARTESIAN_POINT('',(0.00977064743416617,0.00434676328011953,0.0423731340069884));
#2641=CARTESIAN_POINT('',(0.00843809079539696,0.00235245133545939,0.0423731340069884));
#2642=CARTESIAN_POINT('',(0.00797015913111529,6.38642989895041E-19,0.0423731340069884));
#2643=CARTESIAN_POINT('',(0.00843809079539695,-0.00235245133545938,0.0423731340069884));
#2644=CARTESIAN_POINT('',(0.00977064743416616,-0.00434676328011954,0.0423731340069884));
#2645=CARTESIAN_POINT('',(0.0117649593788263,-0.00567931991888874,0.0423731340069884));
#2646=CARTESIAN_POINT('',(0.0141174107142857,-0.00614725158317041,0.0423731340069884));
#2647=CARTESIAN_POINT('',(0.0164698620497451,-0.00567931991888875,0.0423731340069884));
#2648=CARTESIAN_POINT('',(0.0184641739944052,-0.00434676328011954,0.0423731340069884));
#2649=CARTESIAN_POINT('',(0.0197967306331745,-0.00235245133545937,0.0423731340069884));
#2650=CARTESIAN_POINT('',(0.0202646622974561,-4.82469966756049E-18,0.0423731340069884));
#2651=CARTESIAN_POINT('',(0.0197967306331744,0.00235245133545938,0.0423731340069884));
#2652=CARTESIAN_POINT('',(0.0190420125245835,-0.00203983685911241,0.0425943537084834));
#2653=CARTESIAN_POINT('',(0.0194477613032978,-3.95733792957209E-18,0.0425943537084833));
#2654=CARTESIAN_POINT('',(0.0190420125245834,0.00203983685911242,0.0425943537084834));
#2655=CARTESIAN_POINT('',(0.0178865377618778,0.00376912704759214,0.0425943537084834));
#2656=CARTESIAN_POINT('',(0.0161572475733981,0.00492460181029773,0.0425943537084834));
#2657=CARTESIAN_POINT('',(0.0141174107142857,0.00533035058901207,0.0425943537084834));
#2658=CARTESIAN_POINT('',(0.0120775738551733,0.00492460181029773,0.0425943537084834));
#2659=CARTESIAN_POINT('',(0.0103482836666936,0.00376912704759214,0.0425943537084834));
#2660=CARTESIAN_POINT('',(0.00919280890398796,0.00203983685911242,0.0425943537084834));
#2661=CARTESIAN_POINT('',(0.00878706012527364,7.627994911168E-19,0.0425943537084833));
#2662=CARTESIAN_POINT('',(0.00919280890398797,-0.00203983685911242,0.0425943537084834));
#2663=CARTESIAN_POINT('',(0.0103482836666936,-0.00376912704759214,0.0425943537084834));
#2664=CARTESIAN_POINT('',(0.0120775738551733,-0.00492460181029773,0.0425943537084833));
#2665=CARTESIAN_POINT('',(0.0141174107142857,-0.00533035058901207,0.0425943537084834));
#2666=CARTESIAN_POINT('',(0.0161572475733981,-0.00492460181029774,0.0425943537084834));
#2667=CARTESIAN_POINT('',(0.0178865377618778,-0.00376912704759214,0.0425943537084834));
#2668=CARTESIAN_POINT('',(0.0190420125245835,-0.00203983685911241,0.0425943537084834));
#2669=CARTESIAN_POINT('',(0.0194477613032978,-3.95733792957209E-18,0.0425943537084833));
#2670=CARTESIAN_POINT('',(0.0190420125245834,0.00203983685911242,0.0425943537084834));
#2671=CARTESIAN_POINT('',(0.0184256031499013,-0.00178451173614516,0.0426411542877347));
#2672=CARTESIAN_POINT('',(0.0187805646039547,-3.68628738645072E-18,0.0426411542877347));
#2673=CARTESIAN_POINT('',(0.0184256031499013,0.00178451173614517,0.0426411542877347));
#2674=CARTESIAN_POINT('',(0.0174147584513871,0.0032973477371014,0.0426411542877347));
#2675=CARTESIAN_POINT('',(0.0159019224504309,0.00430819243561562,0.0426411542877347));
#2676=CARTESIAN_POINT('',(0.0141174107142857,0.00466315388966904,0.0426411542877347));
#2677=CARTESIAN_POINT('',(0.0123328989781405,0.00430819243561562,0.0426411542877347));
#2678=CARTESIAN_POINT('',(0.0108200629771843,0.0032973477371014,0.0426411542877347));
#2679=CARTESIAN_POINT('',(0.00980921827867009,0.00178451173614517,0.0426411542877347));
#2680=CARTESIAN_POINT('',(0.00945425682461666,7.74667878545711E-19,0.0426411542877347));
#2681=CARTESIAN_POINT('',(0.00980921827867008,-0.00178451173614517,0.0426411542877347));
#2682=CARTESIAN_POINT('',(0.0108200629771843,-0.0032973477371014,0.0426411542877347));
#2683=CARTESIAN_POINT('',(0.0123328989781405,-0.00430819243561562,0.0426411542877347));
#2684=CARTESIAN_POINT('',(0.0141174107142857,-0.00466315388966904,0.0426411542877347));
#2685=CARTESIAN_POINT('',(0.0159019224504309,-0.00430819243561562,0.0426411542877347));
#2686=CARTESIAN_POINT('',(0.0174147584513871,-0.0032973477371014,0.0426411542877347));
#2687=CARTESIAN_POINT('',(0.0184256031499013,-0.00178451173614516,0.0426411542877347));
#2688=CARTESIAN_POINT('',(0.0187805646039547,-3.68628738645072E-18,0.0426411542877347));
#2689=CARTESIAN_POINT('',(0.0184256031499013,0.00178451173614517,0.0426411542877347));
#2690=CARTESIAN_POINT('',(0.0181671386378344,-0.00167745222985487,0.0426666624844075));
#2691=CARTESIAN_POINT('',(0.0185008046320411,-3.22550146314438E-18,0.0426666624844074));
#2692=CARTESIAN_POINT('',(0.0181671386378343,0.00167745222985488,0.0426666624844075));
#2693=CARTESIAN_POINT('',(0.0172169382781424,0.00309952756385668,0.0426666624844074));
#2694=CARTESIAN_POINT('',(0.0157948629441406,0.00404972792354864,0.0426666624844075));
#2695=CARTESIAN_POINT('',(0.0141174107142857,0.00438339391775536,0.0426666624844074));
#2696=CARTESIAN_POINT('',(0.0124399584844308,0.00404972792354864,0.0426666624844075));
#2697=CARTESIAN_POINT('',(0.011017883150429,0.00309952756385668,0.0426666624844075));
#2698=CARTESIAN_POINT('',(0.0100676827907371,0.00167745222985488,0.0426666624844074));
#2699=CARTESIAN_POINT('',(0.00973401679653035,8.33106534461358E-19,0.0426666624844075));
#2700=CARTESIAN_POINT('',(0.0100676827907371,-0.00167745222985488,0.0426666624844075));
#2701=CARTESIAN_POINT('',(0.011017883150429,-0.00309952756385668,0.0426666624844075));
#2702=CARTESIAN_POINT('',(0.0124399584844308,-0.00404972792354864,0.0426666624844075));
#2703=CARTESIAN_POINT('',(0.0141174107142857,-0.00438339391775536,0.0426666624844075));
#2704=CARTESIAN_POINT('',(0.0157948629441406,-0.00404972792354864,0.0426666624844075));
#2705=CARTESIAN_POINT('',(0.0172169382781424,-0.00309952756385668,0.0426666624844075));
#2706=CARTESIAN_POINT('',(0.0181671386378344,-0.00167745222985487,0.0426666624844075));
#2707=CARTESIAN_POINT('',(0.0185008046320411,-3.22550146314438E-18,0.0426666624844074));
#2708=CARTESIAN_POINT('',(0.0181671386378343,0.00167745222985488,0.0426666624844075));
#2709=CARTESIAN_POINT('',(0.0141174107142857,0.,0.0426666624844075));
#2710=CARTESIAN_POINT('',(0.0183895826339722,0.,0.0426666624844075));
#2711=CARTESIAN_POINT('',(0.0141174107142857,0.,0.0426666624844075));
#2712=CARTESIAN_POINT('',(0.0141174107142857,0.,0.0427002766106625));
#2713=CARTESIAN_POINT('',(0.0183819280584654,0.,0.0427002766106625));
#2714=CARTESIAN_POINT('',(0.0141174107142857,0.,0.0433269735438243));
#2715=CARTESIAN_POINT('',(0.0141174107142857,0.,0.0433269735438243));
#2716=CARTESIAN_POINT('',(0.0183114744722843,0.,0.0433269735438243));
#2717=CARTESIAN_POINT('',(0.0141174107142857,0.,0.03175));
#2718=CARTESIAN_POINT('',(0.0141174107142857,0.,0.043537650257349));
#2719=CARTESIAN_POINT('',(0.0183114941663232,0.,0.0435375671970394));
#2720=CARTESIAN_POINT('',(0.0141174107142857,0.,0.0476516493918666));
#2721=CARTESIAN_POINT('',(0.0141174107142857,0.,0.0437480509281159));
#2722=CARTESIAN_POINT('',(0.0189625229686499,0.,0.0437480509281159));
#2723=CARTESIAN_POINT('',(0.0187102470415902,-0.00190241509652935,0.0437480509281159));
#2724=CARTESIAN_POINT('',(0.0190886609321797,-3.74049749507499E-18,0.0437480509281158));
#2725=CARTESIAN_POINT('',(0.0187102470415902,0.00190241509652937,0.0437480509281159));
#2726=CARTESIAN_POINT('',(0.0176326154543336,0.00351520474004793,0.0437480509281158));
#2727=CARTESIAN_POINT('',(0.0160198258108151,0.00459283632730451,0.0437480509281159));
#2728=CARTESIAN_POINT('',(0.0141174107142857,0.00497125021789397,0.0437480509281159));
#2729=CARTESIAN_POINT('',(0.0122149956177563,0.00459283632730451,0.0437480509281159));
#2730=CARTESIAN_POINT('',(0.0106022059742378,0.00351520474004793,0.0437480509281159));
#2731=CARTESIAN_POINT('',(0.00952457438698119,0.00190241509652936,0.0437480509281159));
#2732=CARTESIAN_POINT('',(0.00914616049639173,6.93461903450155E-19,0.0437480509281159));
#2733=CARTESIAN_POINT('',(0.00952457438698119,-0.00190241509652936,0.0437480509281159));
#2734=CARTESIAN_POINT('',(0.0106022059742378,-0.00351520474004793,0.0437480509281159));
#2735=CARTESIAN_POINT('',(0.0122149956177563,-0.00459283632730451,0.0437480509281159));
#2736=CARTESIAN_POINT('',(0.0141174107142857,-0.00497125021789397,0.0437480509281159));
#2737=CARTESIAN_POINT('',(0.0160198258108151,-0.00459283632730451,0.0437480509281159));
#2738=CARTESIAN_POINT('',(0.0176326154543336,-0.00351520474004793,0.0437480509281159));
#2739=CARTESIAN_POINT('',(0.0187102470415902,-0.00190241509652935,0.0437480509281159));
#2740=CARTESIAN_POINT('',(0.0190886609321797,-3.74049749507499E-18,0.0437480509281158));
#2741=CARTESIAN_POINT('',(0.0187102470415902,0.00190241509652937,0.0437480509281159));
#2742=CARTESIAN_POINT('',(0.0187856931264095,-0.00193366588808944,0.0437804038727749));
#2743=CARTESIAN_POINT('',(0.0191703231859306,-4.22838847269347E-18,0.0437804038727749));
#2744=CARTESIAN_POINT('',(0.0187856931264095,0.00193366588808945,0.0437804038727749));
#2745=CARTESIAN_POINT('',(0.0176903593877279,0.00357294867344221,0.0437804038727749));
#2746=CARTESIAN_POINT('',(0.0160510766023752,0.00466828241212377,0.0437804038727749));
#2747=CARTESIAN_POINT('',(0.0141174107142857,0.00505291247164493,0.0437804038727749));
#2748=CARTESIAN_POINT('',(0.0121837448261963,0.00466828241212377,0.0437804038727749));
#2749=CARTESIAN_POINT('',(0.0105444620408435,0.00357294867344221,0.0437804038727749));
#2750=CARTESIAN_POINT('',(0.00944912830216194,0.00193366588808945,0.0437804038727749));
#2751=CARTESIAN_POINT('',(0.00906449824264077,1.06532260218459E-18,0.0437804038727749));
#2752=CARTESIAN_POINT('',(0.00944912830216194,-0.00193366588808945,0.0437804038727749));
#2753=CARTESIAN_POINT('',(0.0105444620408435,-0.00357294867344221,0.0437804038727749));
#2754=CARTESIAN_POINT('',(0.0121837448261963,-0.00466828241212377,0.0437804038727749));
#2755=CARTESIAN_POINT('',(0.0141174107142857,-0.00505291247164493,0.0437804038727749));
#2756=CARTESIAN_POINT('',(0.0160510766023752,-0.00466828241212377,0.0437804038727749));
#2757=CARTESIAN_POINT('',(0.0176903593877279,-0.00357294867344221,0.0437804038727749));
#2758=CARTESIAN_POINT('',(0.0187856931264095,-0.00193366588808944,0.0437804038727749));
#2759=CARTESIAN_POINT('',(0.0191703231859306,-4.22838847269347E-18,0.0437804038727749));
#2760=CARTESIAN_POINT('',(0.0187856931264095,0.00193366588808945,0.0437804038727749));
#2761=CARTESIAN_POINT('',(0.0188978042790176,-0.00198010384799302,0.043827532906652));
#2762=CARTESIAN_POINT('',(0.0192916714230795,-3.25260651745651E-18,0.043827532906652));
#2763=CARTESIAN_POINT('',(0.0188978042790176,0.00198010384799303,0.043827532906652));
#2764=CARTESIAN_POINT('',(0.0177761655491009,0.00365875483481521,0.043827532906652));
#2765=CARTESIAN_POINT('',(0.0160975145622787,0.00478039356473193,0.043827532906652));
#2766=CARTESIAN_POINT('',(0.0141174107142857,0.0051742607087938,0.043827532906652));
#2767=CARTESIAN_POINT('',(0.0121373068662927,0.00478039356473193,0.043827532906652));
#2768=CARTESIAN_POINT('',(0.0104586558794705,0.00365875483481521,0.043827532906652));
#2769=CARTESIAN_POINT('',(0.00933701714955377,0.00198010384799303,0.043827532906652));
#2770=CARTESIAN_POINT('',(0.0089431500054919,7.19789407986493E-19,0.043827532906652));
#2771=CARTESIAN_POINT('',(0.00933701714955376,-0.00198010384799303,0.043827532906652));
#2772=CARTESIAN_POINT('',(0.0104586558794705,-0.00365875483481521,0.043827532906652));
#2773=CARTESIAN_POINT('',(0.0121373068662927,-0.00478039356473193,0.043827532906652));
#2774=CARTESIAN_POINT('',(0.0141174107142857,-0.0051742607087938,0.043827532906652));
#2775=CARTESIAN_POINT('',(0.0160975145622787,-0.00478039356473193,0.043827532906652));
#2776=CARTESIAN_POINT('',(0.0177761655491009,-0.0036587548348152,0.043827532906652));
#2777=CARTESIAN_POINT('',(0.0188978042790176,-0.00198010384799302,0.043827532906652));
#2778=CARTESIAN_POINT('',(0.0192916714230795,-3.25260651745651E-18,0.043827532906652));
#2779=CARTESIAN_POINT('',(0.0188978042790176,0.00198010384799303,0.043827532906652));
#2780=CARTESIAN_POINT('',(0.0189863791648602,-0.00201679276699466,0.0440573349693569));
#2781=CARTESIAN_POINT('',(0.0193875441886573,-4.71627945031194E-18,0.0440573349693569));
#2782=CARTESIAN_POINT('',(0.0189863791648602,0.00201679276699467,0.0440573349693569));
#2783=CARTESIAN_POINT('',(0.0178439578317721,0.00372654711748636,0.0440573349693569));
#2784=CARTESIAN_POINT('',(0.0161342034812804,0.00486896845057449,0.0440573349693569));
#2785=CARTESIAN_POINT('',(0.0141174107142857,0.00527013347437157,0.0440573349693569));
#2786=CARTESIAN_POINT('',(0.012100617947291,0.00486896845057449,0.0440573349693569));
#2787=CARTESIAN_POINT('',(0.0103908635967994,0.00372654711748636,0.0440573349693569));
#2788=CARTESIAN_POINT('',(0.00924844226371121,0.00201679276699467,0.0440573349693569));
#2789=CARTESIAN_POINT('',(0.00884727723991414,5.42772756900145E-19,0.0440573349693569));
#2790=CARTESIAN_POINT('',(0.00924844226371121,-0.00201679276699467,0.0440573349693569));
#2791=CARTESIAN_POINT('',(0.0103908635967993,-0.00372654711748636,0.0440573349693569));
#2792=CARTESIAN_POINT('',(0.012100617947291,-0.00486896845057449,0.0440573349693569));
#2793=CARTESIAN_POINT('',(0.0141174107142857,-0.00527013347437157,0.0440573349693569));
#2794=CARTESIAN_POINT('',(0.0161342034812804,-0.00486896845057449,0.0440573349693569));
#2795=CARTESIAN_POINT('',(0.0178439578317721,-0.00372654711748636,0.0440573349693569));
#2796=CARTESIAN_POINT('',(0.0189863791648602,-0.00201679276699466,0.0440573349693569));
#2797=CARTESIAN_POINT('',(0.0193875441886573,-4.71627945031194E-18,0.0440573349693569));
#2798=CARTESIAN_POINT('',(0.0189863791648602,0.00201679276699467,0.0440573349693569));
#2799=CARTESIAN_POINT('',(0.0189557295339789,-0.00200409727420189,0.0442776240209988));
#2800=CARTESIAN_POINT('',(0.0193543692672495,-3.52365706057789E-18,0.0442776240209988));
#2801=CARTESIAN_POINT('',(0.0189557295339789,0.0020040972742019,0.0442776240209988));
#2802=CARTESIAN_POINT('',(0.0178204996198793,0.00370308890559358,0.0442776240209988));
#2803=CARTESIAN_POINT('',(0.0161215079884876,0.00483831881969317,0.0442776240209988));
#2804=CARTESIAN_POINT('',(0.0141174107142857,0.00523695855296379,0.0442776240209988));
#2805=CARTESIAN_POINT('',(0.0121133134400838,0.00483831881969317,0.0442776240209988));
#2806=CARTESIAN_POINT('',(0.0104143218086921,0.00370308890559358,0.0442776240209988));
#2807=CARTESIAN_POINT('',(0.00927909189459253,0.0020040972742019,0.0442776240209988));
#2808=CARTESIAN_POINT('',(0.00888045216132192,1.03380702084632E-18,0.0442776240209988));
#2809=CARTESIAN_POINT('',(0.00927909189459253,-0.0020040972742019,0.0442776240209988));
#2810=CARTESIAN_POINT('',(0.0104143218086921,-0.00370308890559358,0.0442776240209988));
#2811=CARTESIAN_POINT('',(0.0121133134400838,-0.00483831881969317,0.0442776240209988));
#2812=CARTESIAN_POINT('',(0.0141174107142857,-0.00523695855296379,0.0442776240209988));
#2813=CARTESIAN_POINT('',(0.0161215079884876,-0.00483831881969317,0.0442776240209988));
#2814=CARTESIAN_POINT('',(0.0178204996198793,-0.00370308890559358,0.0442776240209988));
#2815=CARTESIAN_POINT('',(0.0189557295339789,-0.00200409727420189,0.0442776240209988));
#2816=CARTESIAN_POINT('',(0.0193543692672495,-3.52365706057789E-18,0.0442776240209988));
#2817=CARTESIAN_POINT('',(0.0189557295339789,0.0020040972742019,0.0442776240209988));
#2818=CARTESIAN_POINT('',(0.0189134551661692,-0.00198658665771436,0.0443752817809582));
#2819=CARTESIAN_POINT('',(0.01930861182126,-3.84891771232354E-18,0.0443752817809582));
#2820=CARTESIAN_POINT('',(0.0189134551661692,0.00198658665771437,0.0443752817809582));
#2821=CARTESIAN_POINT('',(0.0177881442195303,0.00367073350524462,0.0443752817809582));
#2822=CARTESIAN_POINT('',(0.0161039973720001,0.00479604445188347,0.0443752817809582));
#2823=CARTESIAN_POINT('',(0.0141174107142857,0.00519120110697427,0.0443752817809582));
#2824=CARTESIAN_POINT('',(0.0121308240565713,0.00479604445188346,0.0443752817809582));
#2825=CARTESIAN_POINT('',(0.0104466772090411,0.00367073350524462,0.0443752817809582));
#2826=CARTESIAN_POINT('',(0.00932136626240224,0.00198658665771437,0.0443752817809582));
#2827=CARTESIAN_POINT('',(0.00892620960731143,8.26416297667029E-19,0.0443752817809582));
#2828=CARTESIAN_POINT('',(0.00932136626240224,-0.00198658665771437,0.0443752817809582));
#2829=CARTESIAN_POINT('',(0.0104466772090411,-0.00367073350524462,0.0443752817809582));
#2830=CARTESIAN_POINT('',(0.0121308240565713,-0.00479604445188346,0.0443752817809582));
#2831=CARTESIAN_POINT('',(0.0141174107142857,-0.00519120110697427,0.0443752817809582));
#2832=CARTESIAN_POINT('',(0.0161039973720001,-0.00479604445188347,0.0443752817809582));
#2833=CARTESIAN_POINT('',(0.0177881442195303,-0.00367073350524462,0.0443752817809582));
#2834=CARTESIAN_POINT('',(0.0189134551661692,-0.00198658665771436,0.0443752817809582));
#2835=CARTESIAN_POINT('',(0.01930861182126,-3.84891771232354E-18,0.0443752817809582));
#2836=CARTESIAN_POINT('',(0.0189134551661692,0.00198658665771437,0.0443752817809582));
#2837=CARTESIAN_POINT('',(0.0141174107142857,0.,0.0443752817809582));
#2838=CARTESIAN_POINT('',(0.0191768929362297,0.,0.0443752817809582));
#2839=CARTESIAN_POINT('',(0.0189134551661692,-0.00198658665771436,0.0443752817809582));
#2840=CARTESIAN_POINT('',(0.01930861182126,-3.84891771232354E-18,0.0443752817809582));
#2841=CARTESIAN_POINT('',(0.0189134551661692,0.00198658665771437,0.0443752817809582));
#2842=CARTESIAN_POINT('',(0.0177881442195303,0.00367073350524462,0.0443752817809582));
#2843=CARTESIAN_POINT('',(0.0161039973720001,0.00479604445188346,0.0443752817809582));
#2844=CARTESIAN_POINT('',(0.0141174107142857,0.00519120110697427,0.0443752817809582));
#2845=CARTESIAN_POINT('',(0.0121308240565713,0.00479604445188346,0.0443752817809582));
#2846=CARTESIAN_POINT('',(0.0104466772090411,0.00367073350524462,0.0443752817809582));
#2847=CARTESIAN_POINT('',(0.00932136626240224,0.00198658665771437,0.0443752817809582));
#2848=CARTESIAN_POINT('',(0.00892620960731143,6.52109490267404E-19,0.0443752817809582));
#2849=CARTESIAN_POINT('',(0.00932136626240224,-0.00198658665771437,0.0443752817809582));
#2850=CARTESIAN_POINT('',(0.0104466772090411,-0.00367073350524462,0.0443752817809582));
#2851=CARTESIAN_POINT('',(0.0121308240565713,-0.00479604445188346,0.0443752817809582));
#2852=CARTESIAN_POINT('',(0.0141174107142857,-0.00519120110697427,0.0443752817809582));
#2853=CARTESIAN_POINT('',(0.0161039973720001,-0.00479604445188347,0.0443752817809582));
#2854=CARTESIAN_POINT('',(0.0177881442195303,-0.00367073350524462,0.0443752817809582));
#2855=CARTESIAN_POINT('',(0.0189134551661692,-0.00198658665771436,0.0443752817809582));
#2856=CARTESIAN_POINT('',(0.01930861182126,-3.84891771232354E-18,0.0443752817809582));
#2857=CARTESIAN_POINT('',(0.0189134551661692,0.00198658665771437,0.0443752817809582));
#2858=CARTESIAN_POINT('',(0.0188813458629423,-0.00197328654883942,0.0444587092331521));
#2859=CARTESIAN_POINT('',(0.0192738569618903,-3.74049749507499E-18,0.044458709233152));
#2860=CARTESIAN_POINT('',(0.0188813458629422,0.00197328654883943,0.044458709233152));
#2861=CARTESIAN_POINT('',(0.0177635688227909,0.00364615810850516,0.044458709233152));
#2862=CARTESIAN_POINT('',(0.0160906972631251,0.00476393514865655,0.044458709233152));
#2863=CARTESIAN_POINT('',(0.0141174107142857,0.00515644624760463,0.044458709233152));
#2864=CARTESIAN_POINT('',(0.0121441241654463,0.00476393514865655,0.044458709233152));
#2865=CARTESIAN_POINT('',(0.0104712526057805,0.00364615810850516,0.044458709233152));
#2866=CARTESIAN_POINT('',(0.00935347556562915,0.00197328654883943,0.044458709233152));
#2867=CARTESIAN_POINT('',(0.00896096446668108,4.95808750441835E-19,0.044458709233152));
#2868=CARTESIAN_POINT('',(0.00935347556562915,-0.00197328654883943,0.044458709233152));
#2869=CARTESIAN_POINT('',(0.0104712526057805,-0.00364615810850516,0.044458709233152));
#2870=CARTESIAN_POINT('',(0.0121441241654463,-0.00476393514865655,0.044458709233152));
#2871=CARTESIAN_POINT('',(0.0141174107142857,-0.00515644624760463,0.044458709233152));
#2872=CARTESIAN_POINT('',(0.0160906972631251,-0.00476393514865655,0.044458709233152));
#2873=CARTESIAN_POINT('',(0.0177635688227909,-0.00364615810850516,0.044458709233152));
#2874=CARTESIAN_POINT('',(0.0188813458629423,-0.00197328654883942,0.0444587092331521));
#2875=CARTESIAN_POINT('',(0.0192738569618903,-3.74049749507499E-18,0.044458709233152));
#2876=CARTESIAN_POINT('',(0.0188813458629422,0.00197328654883943,0.044458709233152));
#2877=CARTESIAN_POINT('',(0.0187246699457864,-0.00190838925905622,0.0445770399046626));
#2878=CARTESIAN_POINT('',(0.0191042721711872,-3.25260651745651E-18,0.0445770399046626));
#2879=CARTESIAN_POINT('',(0.0187246699457864,0.00190838925905623,0.0445770399046626));
#2880=CARTESIAN_POINT('',(0.0176436542672986,0.00352624355301286,0.0445770399046626));
#2881=CARTESIAN_POINT('',(0.0160257999733419,0.00460725923150069,0.0445770399046626));
#2882=CARTESIAN_POINT('',(0.0141174107142857,0.00498686145690148,0.0445770399046626));
#2883=CARTESIAN_POINT('',(0.0122090214552295,0.00460725923150069,0.0445770399046626));
#2884=CARTESIAN_POINT('',(0.0105911671612728,0.00352624355301286,0.0445770399046626));
#2885=CARTESIAN_POINT('',(0.00951015148278501,0.00190838925905623,0.0445770399046626));
#2886=CARTESIAN_POINT('',(0.00913054925738422,7.26681476850285E-19,0.0445770399046626));
#2887=CARTESIAN_POINT('',(0.00951015148278501,-0.00190838925905623,0.0445770399046626));
#2888=CARTESIAN_POINT('',(0.0105911671612728,-0.00352624355301286,0.0445770399046626));
#2889=CARTESIAN_POINT('',(0.0122090214552295,-0.00460725923150069,0.0445770399046626));
#2890=CARTESIAN_POINT('',(0.0141174107142857,-0.00498686145690148,0.0445770399046626));
#2891=CARTESIAN_POINT('',(0.0160257999733419,-0.00460725923150069,0.0445770399046626));
#2892=CARTESIAN_POINT('',(0.0176436542672986,-0.00352624355301286,0.0445770399046626));
#2893=CARTESIAN_POINT('',(0.0187246699457864,-0.00190838925905622,0.0445770399046626));
#2894=CARTESIAN_POINT('',(0.0191042721711872,-3.25260651745651E-18,0.0445770399046626));
#2895=CARTESIAN_POINT('',(0.0187246699457864,0.00190838925905623,0.0445770399046626));
#2896=CARTESIAN_POINT('',(0.0183005014408697,-0.0017326929115882,0.0447128830835099));
#2897=CARTESIAN_POINT('',(0.0186451554898556,-3.95733792957209E-18,0.0447128830835098));
#2898=CARTESIAN_POINT('',(0.0183005014408697,0.00173269291158821,0.0447128830835099));
#2899=CARTESIAN_POINT('',(0.0173190097485732,0.00320159903428747,0.0447128830835099));
#2900=CARTESIAN_POINT('',(0.0158501036258739,0.00418309072658399,0.0447128830835099));
#2901=CARTESIAN_POINT('',(0.0141174107142857,0.00452774477556995,0.0447128830835099));
#2902=CARTESIAN_POINT('',(0.0123847178026975,0.00418309072658399,0.0447128830835099));
#2903=CARTESIAN_POINT('',(0.0109158116799982,0.00320159903428747,0.0447128830835099));
#2904=CARTESIAN_POINT('',(0.00993431998770172,0.00173269291158821,0.0447128830835099));
#2905=CARTESIAN_POINT('',(0.00958966593871576,6.25924260796426E-19,0.0447128830835099));
#2906=CARTESIAN_POINT('',(0.00993431998770171,-0.00173269291158821,0.0447128830835099));
#2907=CARTESIAN_POINT('',(0.0109158116799982,-0.00320159903428747,0.0447128830835099));
#2908=CARTESIAN_POINT('',(0.0123847178026975,-0.00418309072658399,0.0447128830835099));
#2909=CARTESIAN_POINT('',(0.0141174107142857,-0.00452774477556995,0.0447128830835099));
#2910=CARTESIAN_POINT('',(0.0158501036258739,-0.00418309072658399,0.0447128830835099));
#2911=CARTESIAN_POINT('',(0.0173190097485732,-0.00320159903428747,0.0447128830835099));
#2912=CARTESIAN_POINT('',(0.0183005014408697,-0.0017326929115882,0.0447128830835099));
#2913=CARTESIAN_POINT('',(0.0186451554898556,-3.95733792957209E-18,0.0447128830835098));
#2914=CARTESIAN_POINT('',(0.0183005014408697,0.00173269291158821,0.0447128830835099));
#2915=CARTESIAN_POINT('',(0.0180930974219398,-0.00164678335405673,0.0447595441153679));
#2916=CARTESIAN_POINT('',(0.0184206629974566,-3.30681662608079E-18,0.0447595441153679));
#2917=CARTESIAN_POINT('',(0.0180930974219397,0.00164678335405674,0.0447595441153678));
#2918=CARTESIAN_POINT('',(0.0171602695848723,0.00304285887058662,0.0447595441153679));
#2919=CARTESIAN_POINT('',(0.0157641940683424,0.00397568670765404,0.0447595441153678));
#2920=CARTESIAN_POINT('',(0.0141174107142857,0.00430325228317088,0.0447595441153679));
#2921=CARTESIAN_POINT('',(0.012470627360229,0.00397568670765404,0.0447595441153679));
#2922=CARTESIAN_POINT('',(0.0110745518436991,0.00304285887058662,0.0447595441153679));
#2923=CARTESIAN_POINT('',(0.0101417240066317,0.00164678335405674,0.0447595441153678));
#2924=CARTESIAN_POINT('',(0.00981415843111482,3.96861405568241E-19,0.0447595441153679));
#2925=CARTESIAN_POINT('',(0.0101417240066317,-0.00164678335405674,0.0447595441153679));
#2926=CARTESIAN_POINT('',(0.0110745518436991,-0.00304285887058662,0.0447595441153679));
#2927=CARTESIAN_POINT('',(0.012470627360229,-0.00397568670765404,0.0447595441153678));
#2928=CARTESIAN_POINT('',(0.0141174107142857,-0.00430325228317088,0.0447595441153679));
#2929=CARTESIAN_POINT('',(0.0157641940683424,-0.00397568670765404,0.0447595441153679));
#2930=CARTESIAN_POINT('',(0.0171602695848723,-0.00304285887058662,0.0447595441153679));
#2931=CARTESIAN_POINT('',(0.0180930974219398,-0.00164678335405673,0.0447595441153679));
#2932=CARTESIAN_POINT('',(0.0184206629974566,-3.30681662608079E-18,0.0447595441153679));
#2933=CARTESIAN_POINT('',(0.0180930974219397,0.00164678335405674,0.0447595441153678));
#2934=CARTESIAN_POINT('',(0.0141174107142857,0.,0.0447595441153679));
#2935=CARTESIAN_POINT('',(0.0183119160116711,0.,0.0447599170206763));
#2936=CARTESIAN_POINT('',(0.0141174107142857,0.,0.0451666332894594));
#2937=CARTESIAN_POINT('',(0.0141174107142857,0.,0.0449038548468732));
#2938=CARTESIAN_POINT('',(0.0182210881718501,0.,0.0449038548468732));
#2939=CARTESIAN_POINT('',(0.0180074173670038,-0.00161129351327739,0.0449038548468732));
#2940=CARTESIAN_POINT('',(0.0183279235742733,-3.06287113727155E-18,0.0449038548468732));
#2941=CARTESIAN_POINT('',(0.0180074173670038,0.00161129351327739,0.0449038548468732));
#2942=CARTESIAN_POINT('',(0.0170946929098561,0.00297728219557037,0.0449038548468732));
#2943=CARTESIAN_POINT('',(0.0157287042275631,0.00389000665271808,0.0449038548468732));
#2944=CARTESIAN_POINT('',(0.0141174107142857,0.00421051285998757,0.0449038548468732));
#2945=CARTESIAN_POINT('',(0.0125061172010083,0.00389000665271808,0.0449038548468732));
#2946=CARTESIAN_POINT('',(0.0111401285187153,0.00297728219557038,0.0449038548468732));
#2947=CARTESIAN_POINT('',(0.0102274040615676,0.0016112935132774,0.0449038548468732));
#2948=CARTESIAN_POINT('',(0.00990689785429813,5.80568293448918E-19,0.0449038548468732));
#2949=CARTESIAN_POINT('',(0.0102274040615676,-0.00161129351327739,0.0449038548468732));
#2950=CARTESIAN_POINT('',(0.0111401285187153,-0.00297728219557037,0.0449038548468732));
#2951=CARTESIAN_POINT('',(0.0125061172010083,-0.00389000665271808,0.0449038548468732));
#2952=CARTESIAN_POINT('',(0.0141174107142857,-0.00421051285998757,0.0449038548468732));
#2953=CARTESIAN_POINT('',(0.0157287042275631,-0.00389000665271808,0.0449038548468732));
#2954=CARTESIAN_POINT('',(0.0170946929098561,-0.00297728219557037,0.0449038548468732));
#2955=CARTESIAN_POINT('',(0.0180074173670038,-0.00161129351327739,0.0449038548468732));
#2956=CARTESIAN_POINT('',(0.0183279235742733,-3.06287113727155E-18,0.0449038548468732));
#2957=CARTESIAN_POINT('',(0.0180074173670038,0.00161129351327739,0.0449038548468732));
#2958=CARTESIAN_POINT('',(0.0179392991463887,-0.0015830780224539,0.0450602565062862));
#2959=CARTESIAN_POINT('',(0.0182541929435817,-3.14418630020796E-18,0.0450602565062862));
#2960=CARTESIAN_POINT('',(0.0179392991463887,0.00158307802245391,0.0450602565062862));
#2961=CARTESIAN_POINT('',(0.0170425574809129,0.00292514676662722,0.0450602565062862));
#2962=CARTESIAN_POINT('',(0.0157004887367396,0.003821888432103,0.0450602565062862));
#2963=CARTESIAN_POINT('',(0.0141174107142857,0.00413678222929602,0.0450602565062862));
#2964=CARTESIAN_POINT('',(0.0125343326918318,0.003821888432103,0.0450602565062862));
#2965=CARTESIAN_POINT('',(0.0111922639476585,0.00292514676662722,0.0450602565062862));
#2966=CARTESIAN_POINT('',(0.0102955222821827,0.00158307802245391,0.0450602565062862));
#2967=CARTESIAN_POINT('',(0.00998062848498968,5.58777047391821E-19,0.0450602565062862));
#2968=CARTESIAN_POINT('',(0.0102955222821827,-0.00158307802245391,0.0450602565062862));
#2969=CARTESIAN_POINT('',(0.0111922639476585,-0.00292514676662722,0.0450602565062862));
#2970=CARTESIAN_POINT('',(0.0125343326918318,-0.003821888432103,0.0450602565062862));
#2971=CARTESIAN_POINT('',(0.0141174107142857,-0.00413678222929602,0.0450602565062862));
#2972=CARTESIAN_POINT('',(0.0157004887367396,-0.00382188843210301,0.0450602565062862));
#2973=CARTESIAN_POINT('',(0.0170425574809129,-0.00292514676662722,0.0450602565062862));
#2974=CARTESIAN_POINT('',(0.0179392991463887,-0.0015830780224539,0.0450602565062862));
#2975=CARTESIAN_POINT('',(0.0182541929435817,-3.14418630020796E-18,0.0450602565062862));
#2976=CARTESIAN_POINT('',(0.0179392991463887,0.00158307802245391,0.0450602565062862));
#2977=CARTESIAN_POINT('',(0.0180135490021448,-0.00161383331971234,0.0455387540486187));
#2978=CARTESIAN_POINT('',(0.018334560408325,-3.00866102864727E-18,0.0455387540486186));
#2979=CARTESIAN_POINT('',(0.0180135490021449,0.00161383331971235,0.0455387540486186));
#2980=CARTESIAN_POINT('',(0.0170993858602197,0.00298197514593396,0.0455387540486186));
#2981=CARTESIAN_POINT('',(0.015731244033998,0.00389613828785915,0.0455387540486186));
#2982=CARTESIAN_POINT('',(0.0141174107142857,0.00421714969403931,0.0455387540486186));
#2983=CARTESIAN_POINT('',(0.0125035773945733,0.00389613828785915,0.0455387540486186));
#2984=CARTESIAN_POINT('',(0.0111354355683517,0.00298197514593397,0.0455387540486186));
#2985=CARTESIAN_POINT('',(0.0102212724264265,0.00161383331971235,0.0455387540486186));
#2986=CARTESIAN_POINT('',(0.00990026102024639,5.91334876301908E-19,0.0455387540486186));
#2987=CARTESIAN_POINT('',(0.0102212724264266,-0.00161383331971235,0.0455387540486186));
#2988=CARTESIAN_POINT('',(0.0111354355683517,-0.00298197514593397,0.0455387540486186));
#2989=CARTESIAN_POINT('',(0.0125035773945734,-0.00389613828785915,0.0455387540486186));
#2990=CARTESIAN_POINT('',(0.0141174107142857,-0.00421714969403931,0.0455387540486186));
#2991=CARTESIAN_POINT('',(0.015731244033998,-0.00389613828785915,0.0455387540486187));
#2992=CARTESIAN_POINT('',(0.0170993858602197,-0.00298197514593397,0.0455387540486186));
#2993=CARTESIAN_POINT('',(0.0180135490021448,-0.00161383331971234,0.0455387540486187));
#2994=CARTESIAN_POINT('',(0.018334560408325,-3.00866102864727E-18,0.0455387540486186));
#2995=CARTESIAN_POINT('',(0.0180135490021449,0.00161383331971235,0.0455387540486186));
#2996=CARTESIAN_POINT('',(0.0180415376498827,-0.00162542659719783,0.0463000011960324));
#2997=CARTESIAN_POINT('',(0.0183648551023331,-3.03576608295941E-18,0.0463000011960324));
#2998=CARTESIAN_POINT('',(0.0180415376498827,0.00162542659719784,0.0463000011960324));
#2999=CARTESIAN_POINT('',(0.0171208074437868,0.00300339672950109,0.0463000011960324));
#3000=CARTESIAN_POINT('',(0.0157428373114835,0.00392412693559696,0.0463000011960324));
#3001=CARTESIAN_POINT('',(0.0141174107142857,0.00424744438804744,0.0463000011960324));
#3002=CARTESIAN_POINT('',(0.0124919841170879,0.00392412693559696,0.0463000011960324));
#3003=CARTESIAN_POINT('',(0.0111140139847846,0.00300339672950109,0.0463000011960324));
#3004=CARTESIAN_POINT('',(0.0101932837786887,0.00162542659719784,0.0463000011960324));
#3005=CARTESIAN_POINT('',(0.00986996632623826,6.04096618792377E-19,0.0463000011960324));
#3006=CARTESIAN_POINT('',(0.0101932837786887,-0.00162542659719783,0.0463000011960324));
#3007=CARTESIAN_POINT('',(0.0111140139847846,-0.00300339672950109,0.0463000011960324));
#3008=CARTESIAN_POINT('',(0.0124919841170879,-0.00392412693559696,0.0463000011960324));
#3009=CARTESIAN_POINT('',(0.0141174107142857,-0.00424744438804744,0.0463000011960324));
#3010=CARTESIAN_POINT('',(0.0157428373114835,-0.00392412693559696,0.0463000011960324));
#3011=CARTESIAN_POINT('',(0.0171208074437868,-0.00300339672950109,0.0463000011960324));
#3012=CARTESIAN_POINT('',(0.0180415376498827,-0.00162542659719783,0.0463000011960324));
#3013=CARTESIAN_POINT('',(0.0183648551023331,-3.03576608295941E-18,0.0463000011960324));
#3014=CARTESIAN_POINT('',(0.0180415376498827,0.00162542659719784,0.0463000011960324));
#3015=CARTESIAN_POINT('',(0.0181188986639753,-0.00165747057843391,0.0470105028143894));
#3016=CARTESIAN_POINT('',(0.0184485900605937,-3.11708124589583E-18,0.0470105028143893));
#3017=CARTESIAN_POINT('',(0.0181188986639753,0.00165747057843392,0.0470105028143893));
#3018=CARTESIAN_POINT('',(0.0171800170005952,0.00306260628630948,0.0470105028143893));
#3019=CARTESIAN_POINT('',(0.0157748812927196,0.00400148794968955,0.0470105028143893));
#3020=CARTESIAN_POINT('',(0.0141174107142857,0.00433117934630797,0.0470105028143893));
#3021=CARTESIAN_POINT('',(0.0124599401358518,0.00400148794968955,0.0470105028143893));
#3022=CARTESIAN_POINT('',(0.0110548044279762,0.00306260628630948,0.0470105028143893));
#3023=CARTESIAN_POINT('',(0.0101159227645962,0.00165747057843392,0.0470105028143893));
#3024=CARTESIAN_POINT('',(0.00978623136797773,6.55216380648154E-19,0.0470105028143893));
#3025=CARTESIAN_POINT('',(0.0101159227645961,-0.00165747057843392,0.0470105028143893));
#3026=CARTESIAN_POINT('',(0.0110548044279762,-0.00306260628630948,0.0470105028143893));
#3027=CARTESIAN_POINT('',(0.0124599401358518,-0.00400148794968955,0.0470105028143893));
#3028=CARTESIAN_POINT('',(0.0141174107142857,-0.00433117934630797,0.0470105028143893));
#3029=CARTESIAN_POINT('',(0.0157748812927196,-0.00400148794968955,0.0470105028143894));
#3030=CARTESIAN_POINT('',(0.0171800170005952,-0.00306260628630948,0.0470105028143893));
#3031=CARTESIAN_POINT('',(0.0181188986639753,-0.00165747057843391,0.0470105028143894));
#3032=CARTESIAN_POINT('',(0.0184485900605937,-3.11708124589583E-18,0.0470105028143893));
#3033=CARTESIAN_POINT('',(0.0181188986639753,0.00165747057843392,0.0470105028143893));
#3034=CARTESIAN_POINT('',(0.0183525033389929,-0.00175423280305996,0.0477857327402674));
#3035=CARTESIAN_POINT('',(0.0187014419387846,-3.65918233213858E-18,0.0477857327402673));
#3036=CARTESIAN_POINT('',(0.0183525033389929,0.00175423280305997,0.0477857327402674));
#3037=CARTESIAN_POINT('',(0.0173588102782997,0.00324139956401402,0.0477857327402673));
#3038=CARTESIAN_POINT('',(0.0158716435173457,0.00423509262470715,0.0477857327402673));
#3039=CARTESIAN_POINT('',(0.0141174107142857,0.00458403122449886,0.0477857327402674));
#3040=CARTESIAN_POINT('',(0.0123631779112257,0.00423509262470715,0.0477857327402673));
#3041=CARTESIAN_POINT('',(0.0108760111502717,0.00324139956401402,0.0477857327402674));
#3042=CARTESIAN_POINT('',(0.00988231808957855,0.00175423280305997,0.0477857327402673));
#3043=CARTESIAN_POINT('',(0.00953337948978684,5.48298323392E-19,0.0477857327402673));
#3044=CARTESIAN_POINT('',(0.00988231808957856,-0.00175423280305997,0.0477857327402673));
#3045=CARTESIAN_POINT('',(0.0108760111502717,-0.00324139956401402,0.0477857327402673));
#3046=CARTESIAN_POINT('',(0.0123631779112257,-0.00423509262470715,0.0477857327402674));
#3047=CARTESIAN_POINT('',(0.0141174107142857,-0.00458403122449886,0.0477857327402674));
#3048=CARTESIAN_POINT('',(0.0158716435173457,-0.00423509262470715,0.0477857327402674));
#3049=CARTESIAN_POINT('',(0.0173588102782997,-0.00324139956401402,0.0477857327402673));
#3050=CARTESIAN_POINT('',(0.0183525033389929,-0.00175423280305996,0.0477857327402674));
#3051=CARTESIAN_POINT('',(0.0187014419387846,-3.65918233213858E-18,0.0477857327402673));
#3052=CARTESIAN_POINT('',(0.0183525033389929,0.00175423280305997,0.0477857327402674));
#3053=CARTESIAN_POINT('',(0.018626009698192,-0.00186752284643554,0.0485264742929628));
#3054=CARTESIAN_POINT('',(0.0189974830887121,-3.65918233213858E-18,0.0485264742929628));
#3055=CARTESIAN_POINT('',(0.018626009698192,0.00186752284643555,0.0485264742929628));
#3056=CARTESIAN_POINT('',(0.0175681429829238,0.00345073226863805,0.0485264742929628));
#3057=CARTESIAN_POINT('',(0.0159849335607213,0.00450859898390631,0.0485264742929628));
#3058=CARTESIAN_POINT('',(0.0141174107142857,0.00488007237442641,0.0485264742929628));
#3059=CARTESIAN_POINT('',(0.0122498878678502,0.00450859898390632,0.0485264742929628));
#3060=CARTESIAN_POINT('',(0.0106666784456476,0.00345073226863805,0.0485264742929628));
#3061=CARTESIAN_POINT('',(0.00960881173037938,0.00186752284643555,0.0485264742929628));
#3062=CARTESIAN_POINT('',(0.00923733833985929,6.69175880665599E-19,0.0485264742929628));
#3063=CARTESIAN_POINT('',(0.00960881173037938,-0.00186752284643555,0.0485264742929628));
#3064=CARTESIAN_POINT('',(0.0106666784456476,-0.00345073226863805,0.0485264742929628));
#3065=CARTESIAN_POINT('',(0.0122498878678501,-0.00450859898390631,0.0485264742929628));
#3066=CARTESIAN_POINT('',(0.0141174107142857,-0.00488007237442641,0.0485264742929628));
#3067=CARTESIAN_POINT('',(0.0159849335607213,-0.00450859898390632,0.0485264742929628));
#3068=CARTESIAN_POINT('',(0.0175681429829237,-0.00345073226863805,0.0485264742929628));
#3069=CARTESIAN_POINT('',(0.018626009698192,-0.00186752284643554,0.0485264742929628));
#3070=CARTESIAN_POINT('',(0.0189974830887121,-3.65918233213858E-18,0.0485264742929628));
#3071=CARTESIAN_POINT('',(0.018626009698192,0.00186752284643555,0.0485264742929628));
#3072=CARTESIAN_POINT('',(0.0188360360486452,-0.00195451860924896,0.0491131424220803));
#3073=CARTESIAN_POINT('',(0.0192248139722985,-3.63207727782644E-18,0.0491131424220803));
#3074=CARTESIAN_POINT('',(0.0188360360486452,0.00195451860924897,0.0491131424220803));
#3075=CARTESIAN_POINT('',(0.0177288901922808,0.0036114794779951,0.0491131424220803));
#3076=CARTESIAN_POINT('',(0.0160719293235347,0.00471862533435947,0.0491131424220803));
#3077=CARTESIAN_POINT('',(0.0141174107142857,0.00510740325801278,0.0491131424220803));
#3078=CARTESIAN_POINT('',(0.0121628921050367,0.00471862533435947,0.0491131424220803));
#3079=CARTESIAN_POINT('',(0.0105059312362906,0.0036114794779951,0.0491131424220803));
#3080=CARTESIAN_POINT('',(0.00939878537992624,0.00195451860924897,0.0491131424220803));
#3081=CARTESIAN_POINT('',(0.00901000745627292,8.18687122023333E-19,0.0491131424220803));
#3082=CARTESIAN_POINT('',(0.00939878537992623,-0.00195451860924897,0.0491131424220803));
#3083=CARTESIAN_POINT('',(0.0105059312362906,-0.0036114794779951,0.0491131424220803));
#3084=CARTESIAN_POINT('',(0.0121628921050367,-0.00471862533435947,0.0491131424220803));
#3085=CARTESIAN_POINT('',(0.0141174107142857,-0.00510740325801278,0.0491131424220803));
#3086=CARTESIAN_POINT('',(0.0160719293235347,-0.00471862533435947,0.0491131424220803));
#3087=CARTESIAN_POINT('',(0.0177288901922808,-0.0036114794779951,0.0491131424220803));
#3088=CARTESIAN_POINT('',(0.0188360360486452,-0.00195451860924896,0.0491131424220803));
#3089=CARTESIAN_POINT('',(0.0192248139722985,-3.63207727782644E-18,0.0491131424220803));
#3090=CARTESIAN_POINT('',(0.0188360360486452,0.00195451860924897,0.0491131424220803));
#3091=CARTESIAN_POINT('',(0.0191072147568003,-0.00206684450799364,0.0497682370999442));
#3092=CARTESIAN_POINT('',(0.019518335690891,-4.11996825544492E-18,0.0497682370999442));
#3093=CARTESIAN_POINT('',(0.0191072147568003,0.00206684450799365,0.0497682370999442));
#3094=CARTESIAN_POINT('',(0.0179364413899231,0.00381903067563739,0.0497682370999442));
#3095=CARTESIAN_POINT('',(0.0161842552222793,0.00498980404251462,0.0497682370999442));
#3096=CARTESIAN_POINT('',(0.0141174107142857,0.00540092497660528,0.0497682370999442));
#3097=CARTESIAN_POINT('',(0.012050566206292,0.00498980404251462,0.0497682370999442));
#3098=CARTESIAN_POINT('',(0.0102983800386483,0.00381903067563739,0.0497682370999442));
#3099=CARTESIAN_POINT('',(0.00912760667177108,0.00206684450799365,0.0497682370999442));
#3100=CARTESIAN_POINT('',(0.00871648573768042,4.47160604256366E-19,0.0497682370999442));
#3101=CARTESIAN_POINT('',(0.00912760667177108,-0.00206684450799365,0.0497682370999442));
#3102=CARTESIAN_POINT('',(0.0102983800386483,-0.00381903067563739,0.0497682370999442));
#3103=CARTESIAN_POINT('',(0.012050566206292,-0.00498980404251462,0.0497682370999442));
#3104=CARTESIAN_POINT('',(0.0141174107142857,-0.00540092497660528,0.0497682370999442));
#3105=CARTESIAN_POINT('',(0.0161842552222793,-0.00498980404251462,0.0497682370999442));
#3106=CARTESIAN_POINT('',(0.0179364413899231,-0.00381903067563739,0.0497682370999442));
#3107=CARTESIAN_POINT('',(0.0191072147568003,-0.00206684450799364,0.0497682370999442));
#3108=CARTESIAN_POINT('',(0.019518335690891,-4.11996825544492E-18,0.0497682370999442));
#3109=CARTESIAN_POINT('',(0.0191072147568003,0.00206684450799365,0.0497682370999442));
#3110=CARTESIAN_POINT('',(0.0194790929449108,-0.00222088149705972,0.0505543787861232));
#3111=CARTESIAN_POINT('',(0.0199208537411606,-3.90312782094782E-18,0.0505543787861232));
#3112=CARTESIAN_POINT('',(0.0194790929449108,0.00222088149705973,0.0505543787861232));
#3113=CARTESIAN_POINT('',(0.0182210646328187,0.00410365391853302,0.0505543787861232));
#3114=CARTESIAN_POINT('',(0.0163382922113454,0.00536168223062507,0.0505543787861232));
#3115=CARTESIAN_POINT('',(0.0141174107142857,0.00580344302687489,0.0505543787861232));
#3116=CARTESIAN_POINT('',(0.011896529217226,0.00536168223062506,0.0505543787861232));
#3117=CARTESIAN_POINT('',(0.0100137567957527,0.00410365391853302,0.0505543787861232));
#3118=CARTESIAN_POINT('',(0.00875572848366064,0.00222088149705973,0.0505543787861232));
#3119=CARTESIAN_POINT('',(0.00831396768741081,6.29378567034447E-19,0.0505543787861232));
#3120=CARTESIAN_POINT('',(0.00875572848366064,-0.00222088149705973,0.0505543787861232));
#3121=CARTESIAN_POINT('',(0.0100137567957527,-0.00410365391853302,0.0505543787861232));
#3122=CARTESIAN_POINT('',(0.011896529217226,-0.00536168223062506,0.0505543787861232));
#3123=CARTESIAN_POINT('',(0.0141174107142857,-0.00580344302687489,0.0505543787861232));
#3124=CARTESIAN_POINT('',(0.0163382922113454,-0.00536168223062507,0.0505543787861232));
#3125=CARTESIAN_POINT('',(0.0182210646328187,-0.00410365391853302,0.0505543787861232));
#3126=CARTESIAN_POINT('',(0.0194790929449108,-0.00222088149705972,0.0505543787861232));
#3127=CARTESIAN_POINT('',(0.0199208537411606,-3.90312782094782E-18,0.0505543787861232));
#3128=CARTESIAN_POINT('',(0.0194790929449108,0.00222088149705973,0.0505543787861232));
#3129=CARTESIAN_POINT('',(0.0198167869037115,-0.00236075891472645,0.0511636634595569));
#3130=CARTESIAN_POINT('',(0.0202863710482524,-4.49943901581484E-18,0.0511636634595569));
#3131=CARTESIAN_POINT('',(0.0198167869037115,0.00236075891472646,0.0511636634595569));
#3132=CARTESIAN_POINT('',(0.0184795243993044,0.00436211368501867,0.0511636634595569));
#3133=CARTESIAN_POINT('',(0.0164781696290122,0.00569937618942581,0.0511636634595569));
#3134=CARTESIAN_POINT('',(0.0141174107142857,0.00616896033396669,0.0511636634595569));
#3135=CARTESIAN_POINT('',(0.0117566517995592,0.00569937618942581,0.0511636634595569));
#3136=CARTESIAN_POINT('',(0.00975529702926703,0.00436211368501868,0.0511636634595569));
#3137=CARTESIAN_POINT('',(0.00841803452485989,0.00236075891472646,0.0511636634595569));
#3138=CARTESIAN_POINT('',(0.00794845038031902,1.07427269641242E-18,0.0511636634595569));
#3139=CARTESIAN_POINT('',(0.00841803452485988,-0.00236075891472646,0.0511636634595569));
#3140=CARTESIAN_POINT('',(0.00975529702926703,-0.00436211368501867,0.0511636634595569));
#3141=CARTESIAN_POINT('',(0.0117566517995592,-0.00569937618942581,0.0511636634595569));
#3142=CARTESIAN_POINT('',(0.0141174107142857,-0.00616896033396669,0.0511636634595569));
#3143=CARTESIAN_POINT('',(0.0164781696290122,-0.00569937618942582,0.0511636634595569));
#3144=CARTESIAN_POINT('',(0.0184795243993044,-0.00436211368501867,0.0511636634595569));
#3145=CARTESIAN_POINT('',(0.0198167869037115,-0.00236075891472645,0.0511636634595569));
#3146=CARTESIAN_POINT('',(0.0202863710482524,-4.49943901581484E-18,0.0511636634595569));
#3147=CARTESIAN_POINT('',(0.0198167869037115,0.00236075891472646,0.0511636634595569));
#3148=CARTESIAN_POINT('',(0.020147879080415,-0.00249790178471265,0.0518160485154259));
#3149=CARTESIAN_POINT('',(0.020644742637894,-4.93311988480905E-18,0.0518160485154259));
#3150=CARTESIAN_POINT('',(0.020147879080415,0.00249790178471267,0.0518160485154259));
#3151=CARTESIAN_POINT('',(0.0187329313805246,0.00461552066623889,0.0518160485154259));
#3152=CARTESIAN_POINT('',(0.0166153124989984,0.00603046836612928,0.0518160485154259));
#3153=CARTESIAN_POINT('',(0.0141174107142857,0.00652733192360835,0.0518160485154259));
#3154=CARTESIAN_POINT('',(0.011619508929573,0.00603046836612928,0.0518160485154259));
#3155=CARTESIAN_POINT('',(0.0095018900480468,0.00461552066623889,0.0518160485154259));
#3156=CARTESIAN_POINT('',(0.00808694234815641,0.00249790178471267,0.0518160485154259));
#3157=CARTESIAN_POINT('',(0.00759007879067734,8.1458761490752E-19,0.0518160485154259));
#3158=CARTESIAN_POINT('',(0.00808694234815642,-0.00249790178471267,0.0518160485154259));
#3159=CARTESIAN_POINT('',(0.00950189004804679,-0.00461552066623889,0.0518160485154259));
#3160=CARTESIAN_POINT('',(0.011619508929573,-0.00603046836612928,0.0518160485154259));
#3161=CARTESIAN_POINT('',(0.0141174107142857,-0.00652733192360835,0.0518160485154259));
#3162=CARTESIAN_POINT('',(0.0166153124989984,-0.00603046836612928,0.0518160485154259));
#3163=CARTESIAN_POINT('',(0.0187329313805246,-0.0046155206662389,0.0518160485154259));
#3164=CARTESIAN_POINT('',(0.020147879080415,-0.00249790178471265,0.0518160485154259));
#3165=CARTESIAN_POINT('',(0.020644742637894,-4.93311988480905E-18,0.0518160485154259));
#3166=CARTESIAN_POINT('',(0.020147879080415,0.00249790178471267,0.0518160485154259));
#3167=CARTESIAN_POINT('',(0.0202595937696221,-0.00254417552409852,0.0522978430949972));
#3168=CARTESIAN_POINT('',(0.0207656617461499,-5.09575021068187E-18,0.0522978430949971));
#3169=CARTESIAN_POINT('',(0.0202595937696221,0.00254417552409854,0.0522978430949971));
#3170=CARTESIAN_POINT('',(0.0188184341019473,0.00470102338766163,0.0522978430949971));
#3171=CARTESIAN_POINT('',(0.0166615862383842,0.00614218305533637,0.0522978430949971));
#3172=CARTESIAN_POINT('',(0.0141174107142857,0.00664825103186418,0.0522978430949971));
#3173=CARTESIAN_POINT('',(0.0115732351901872,0.00614218305533637,0.0522978430949971));
#3174=CARTESIAN_POINT('',(0.00941638732662408,0.00470102338766163,0.0522978430949971));
#3175=CARTESIAN_POINT('',(0.00797522765894935,0.00254417552409854,0.0522978430949971));
#3176=CARTESIAN_POINT('',(0.00746915968242152,9.601217718801E-19,0.0522978430949971));
#3177=CARTESIAN_POINT('',(0.00797522765894934,-0.00254417552409854,0.0522978430949972));
#3178=CARTESIAN_POINT('',(0.00941638732662408,-0.00470102338766163,0.0522978430949971));
#3179=CARTESIAN_POINT('',(0.0115732351901872,-0.00614218305533636,0.0522978430949971));
#3180=CARTESIAN_POINT('',(0.0141174107142857,-0.00664825103186419,0.0522978430949971));
#3181=CARTESIAN_POINT('',(0.0166615862383842,-0.00614218305533637,0.0522978430949972));
#3182=CARTESIAN_POINT('',(0.0188184341019473,-0.00470102338766162,0.0522978430949971));
#3183=CARTESIAN_POINT('',(0.0202595937696221,-0.00254417552409852,0.0522978430949972));
#3184=CARTESIAN_POINT('',(0.0207656617461499,-5.09575021068187E-18,0.0522978430949971));
#3185=CARTESIAN_POINT('',(0.0202595937696221,0.00254417552409854,0.0522978430949971));
#3186=CARTESIAN_POINT('',(0.0203331117003477,-0.0025746276480827,0.0526191913893852));
#3187=CARTESIAN_POINT('',(0.020845236980949,-5.09575021068187E-18,0.0526191913893852));
#3188=CARTESIAN_POINT('',(0.0203331117003477,0.00257462764808272,0.0526191913893852));
#3189=CARTESIAN_POINT('',(0.0188747022900883,0.00475729157580258,0.0526191913893852));
#3190=CARTESIAN_POINT('',(0.0166920383623684,0.00621570098606203,0.0526191913893852));
#3191=CARTESIAN_POINT('',(0.0141174107142857,0.00672782626666329,0.0526191913893852));
#3192=CARTESIAN_POINT('',(0.011542783066203,0.00621570098606203,0.0526191913893852));
#3193=CARTESIAN_POINT('',(0.00936011913848312,0.00475729157580258,0.0526191913893852));
#3194=CARTESIAN_POINT('',(0.00790170972822367,0.00257462764808272,0.0526191913893852));
#3195=CARTESIAN_POINT('',(0.00738958444762242,1.02198495553172E-18,0.0526191913893852));
#3196=CARTESIAN_POINT('',(0.00790170972822366,-0.00257462764808271,0.0526191913893852));
#3197=CARTESIAN_POINT('',(0.00936011913848312,-0.00475729157580258,0.0526191913893852));
#3198=CARTESIAN_POINT('',(0.011542783066203,-0.00621570098606203,0.0526191913893852));
#3199=CARTESIAN_POINT('',(0.0141174107142857,-0.00672782626666329,0.0526191913893852));
#3200=CARTESIAN_POINT('',(0.0166920383623684,-0.00621570098606204,0.0526191913893852));
#3201=CARTESIAN_POINT('',(0.0188747022900883,-0.00475729157580258,0.0526191913893852));
#3202=CARTESIAN_POINT('',(0.0203331117003477,-0.0025746276480827,0.0526191913893852));
#3203=CARTESIAN_POINT('',(0.020845236980949,-5.09575021068187E-18,0.0526191913893852));
#3204=CARTESIAN_POINT('',(0.0203331117003477,0.00257462764808272,0.0526191913893852));
#3205=CARTESIAN_POINT('',(0.0141174107142857,0.,0.0526191913893852));
#3206=CARTESIAN_POINT('',(0.0206745285540819,0.,0.0526191913893852));
#3207=CARTESIAN_POINT('',(0.0203331117003477,-0.0025746276480827,0.0526191913893852));
#3208=CARTESIAN_POINT('',(0.020845236980949,-5.09575021068187E-18,0.0526191913893852));
#3209=CARTESIAN_POINT('',(0.0203331117003477,0.00257462764808272,0.0526191913893852));
#3210=CARTESIAN_POINT('',(0.0188747022900883,0.00475729157580258,0.0526191913893852));
#3211=CARTESIAN_POINT('',(0.0166920383623684,0.00621570098606203,0.0526191913893852));
#3212=CARTESIAN_POINT('',(0.0141174107142857,0.00672782626666329,0.0526191913893852));
#3213=CARTESIAN_POINT('',(0.011542783066203,0.00621570098606203,0.0526191913893852));
#3214=CARTESIAN_POINT('',(0.00936011913848312,0.00475729157580258,0.0526191913893852));
#3215=CARTESIAN_POINT('',(0.00790170972822367,0.00257462764808272,0.0526191913893852));
#3216=CARTESIAN_POINT('',(0.00738958444762242,1.02198495553172E-18,0.0526191913893852));
#3217=CARTESIAN_POINT('',(0.00790170972822366,-0.00257462764808271,0.0526191913893852));
#3218=CARTESIAN_POINT('',(0.00936011913848312,-0.00475729157580258,0.0526191913893852));
#3219=CARTESIAN_POINT('',(0.011542783066203,-0.00621570098606203,0.0526191913893852));
#3220=CARTESIAN_POINT('',(0.0141174107142857,-0.00672782626666329,0.0526191913893852));
#3221=CARTESIAN_POINT('',(0.0166920383623684,-0.00621570098606204,0.0526191913893852));
#3222=CARTESIAN_POINT('',(0.0188747022900883,-0.00475729157580258,0.0526191913893852));
#3223=CARTESIAN_POINT('',(0.0203331117003477,-0.0025746276480827,0.0526191913893852));
#3224=CARTESIAN_POINT('',(0.020845236980949,-5.09575021068187E-18,0.0526191913893852));
#3225=CARTESIAN_POINT('',(0.0203331117003477,0.00257462764808272,0.0526191913893852));
#3226=CARTESIAN_POINT('',(0.020284326646627,-0.00255442021719045,0.0526011342686183));
#3227=CARTESIAN_POINT('',(0.0207924324193108,-5.31259064517897E-18,0.0526011342686182));
#3228=CARTESIAN_POINT('',(0.0202843266466269,0.00255442021719047,0.0526011342686183));
#3229=CARTESIAN_POINT('',(0.0188373638264763,0.00471995311219062,0.0526011342686183));
#3230=CARTESIAN_POINT('',(0.0166718309314762,0.00616691593234126,0.0526011342686183));
#3231=CARTESIAN_POINT('',(0.0141174107142857,0.00667502170502508,0.0526011342686183));
#3232=CARTESIAN_POINT('',(0.0115629904970952,0.00616691593234126,0.0526011342686183));
#3233=CARTESIAN_POINT('',(0.00939745760209508,0.00471995311219062,0.0526011342686183));
#3234=CARTESIAN_POINT('',(0.00795049478194443,0.00255442021719047,0.0526011342686183));
#3235=CARTESIAN_POINT('',(0.00744238900926062,1.40101234709331E-19,0.0526011342686183));
#3236=CARTESIAN_POINT('',(0.00795049478194444,-0.00255442021719047,0.0526011342686183));
#3237=CARTESIAN_POINT('',(0.00939745760209508,-0.00471995311219062,0.0526011342686183));
#3238=CARTESIAN_POINT('',(0.0115629904970952,-0.00616691593234125,0.0526011342686183));
#3239=CARTESIAN_POINT('',(0.0141174107142857,-0.00667502170502508,0.0526011342686183));
#3240=CARTESIAN_POINT('',(0.0166718309314762,-0.00616691593234126,0.0526011342686183));
#3241=CARTESIAN_POINT('',(0.0188373638264763,-0.00471995311219062,0.0526011342686183));
#3242=CARTESIAN_POINT('',(0.020284326646627,-0.00255442021719045,0.0526011342686183));
#3243=CARTESIAN_POINT('',(0.0207924324193108,-5.31259064517897E-18,0.0526011342686182));
#3244=CARTESIAN_POINT('',(0.0202843266466269,0.00255442021719047,0.0526011342686183));
#3245=CARTESIAN_POINT('',(0.0201810673099207,-0.00251164879948506,0.0525411921233155));
#3246=CARTESIAN_POINT('',(0.0206806653186525,-4.39101879856629E-18,0.0525411921233155));
#3247=CARTESIAN_POINT('',(0.0201810673099207,0.00251164879948508,0.0525411921233155));
#3248=CARTESIAN_POINT('',(0.0187583325516873,0.00464092183740161,0.0525411921233155));
#3249=CARTESIAN_POINT('',(0.0166290595137708,0.00606365659563497,0.0525411921233155));
#3250=CARTESIAN_POINT('',(0.0141174107142857,0.00656325460436683,0.0525411921233155));
#3251=CARTESIAN_POINT('',(0.0116057619148006,0.00606365659563497,0.0525411921233155));
#3252=CARTESIAN_POINT('',(0.00947648887688409,0.00464092183740162,0.0525411921233155));
#3253=CARTESIAN_POINT('',(0.00805375411865073,0.00251164879948508,0.0525411921233155));
#3254=CARTESIAN_POINT('',(0.00755415610991888,1.77549355400832E-18,0.0525411921233155));
#3255=CARTESIAN_POINT('',(0.00805375411865073,-0.00251164879948508,0.0525411921233155));
#3256=CARTESIAN_POINT('',(0.00947648887688408,-0.00464092183740161,0.0525411921233155));
#3257=CARTESIAN_POINT('',(0.0116057619148006,-0.00606365659563497,0.0525411921233155));
#3258=CARTESIAN_POINT('',(0.0141174107142857,-0.00656325460436683,0.0525411921233155));
#3259=CARTESIAN_POINT('',(0.0166290595137708,-0.00606365659563497,0.0525411921233155));
#3260=CARTESIAN_POINT('',(0.0187583325516873,-0.00464092183740161,0.0525411921233155));
#3261=CARTESIAN_POINT('',(0.0201810673099207,-0.00251164879948506,0.0525411921233155));
#3262=CARTESIAN_POINT('',(0.0206806653186525,-4.39101879856629E-18,0.0525411921233155));
#3263=CARTESIAN_POINT('',(0.0201810673099207,0.00251164879948508,0.0525411921233155));
#3264=CARTESIAN_POINT('',(0.0200576951156833,-0.00246054636341223,0.0524657852947712));
#3265=CARTESIAN_POINT('',(0.0205471282178771,-4.82469966756049E-18,0.0524657852947712));
#3266=CARTESIAN_POINT('',(0.0200576951156833,0.00246054636341224,0.0524657852947712));
#3267=CARTESIAN_POINT('',(0.018663907562189,0.00454649684790329,0.0524657852947712));
#3268=CARTESIAN_POINT('',(0.0165779570776979,0.00594028440139763,0.0524657852947712));
#3269=CARTESIAN_POINT('',(0.0141174107142857,0.00642971750359136,0.0524657852947712));
#3270=CARTESIAN_POINT('',(0.0116568643508735,0.00594028440139763,0.0524657852947712));
#3271=CARTESIAN_POINT('',(0.00957091386638241,0.00454649684790329,0.0524657852947712));
#3272=CARTESIAN_POINT('',(0.00817712631288807,0.00246054636341224,0.0524657852947712));
#3273=CARTESIAN_POINT('',(0.00768769321069434,9.16056206288175E-19,0.0524657852947712));
#3274=CARTESIAN_POINT('',(0.00817712631288808,-0.00246054636341224,0.0524657852947712));
#3275=CARTESIAN_POINT('',(0.0095709138663824,-0.00454649684790329,0.0524657852947712));
#3276=CARTESIAN_POINT('',(0.0116568643508735,-0.00594028440139762,0.0524657852947712));
#3277=CARTESIAN_POINT('',(0.0141174107142857,-0.00642971750359136,0.0524657852947712));
#3278=CARTESIAN_POINT('',(0.0165779570776979,-0.00594028440139763,0.0524657852947712));
#3279=CARTESIAN_POINT('',(0.018663907562189,-0.00454649684790329,0.0524657852947712));
#3280=CARTESIAN_POINT('',(0.0200576951156833,-0.00246054636341223,0.0524657852947712));
#3281=CARTESIAN_POINT('',(0.0205471282178771,-4.82469966756049E-18,0.0524657852947712));
#3282=CARTESIAN_POINT('',(0.0200576951156833,0.00246054636341224,0.0524657852947712));
#3283=CARTESIAN_POINT('',(0.0141174107142857,0.,0.0524657852947712));
#3284=CARTESIAN_POINT('',(0.0203839838504791,0.,0.0524657852947712));
#3285=CARTESIAN_POINT('',(0.0141174107142857,0.,0.0524657852947712));
#3286=CARTESIAN_POINT('',(0.0141174107142857,0.,0.0522121377289295));
#3287=CARTESIAN_POINT('',(0.0199899896979332,0.,0.0522121377289295));
#3288=CARTESIAN_POINT('',(0.0188572930305471,-0.00196332353944786,0.0521924570202828));
#3289=CARTESIAN_POINT('',(0.0192478223637109,-3.84891771232354E-18,0.0521924570202828));
#3290=CARTESIAN_POINT('',(0.0188572930305471,0.00196332353944787,0.0521924570202828));
#3291=CARTESIAN_POINT('',(0.0177451595818727,0.003627748867587,0.0521924570202828));
#3292=CARTESIAN_POINT('',(0.0160807342537336,0.00473988231626139,0.0521924570202828));
#3293=CARTESIAN_POINT('',(0.0141174107142857,0.00513041164942518,0.0521924570202828));
#3294=CARTESIAN_POINT('',(0.0121540871748378,0.00473988231626139,0.0521924570202828));
#3295=CARTESIAN_POINT('',(0.0104896618466987,0.003627748867587,0.0521924570202828));
#3296=CARTESIAN_POINT('',(0.00937752839802431,0.00196332353944787,0.0521924570202828));
#3297=CARTESIAN_POINT('',(0.00898699906486052,5.76088283251331E-19,0.0521924570202828));
#3298=CARTESIAN_POINT('',(0.00937752839802431,-0.00196332353944787,0.0521924570202828));
#3299=CARTESIAN_POINT('',(0.0104896618466987,-0.003627748867587,0.0521924570202828));
#3300=CARTESIAN_POINT('',(0.0121540871748378,-0.00473988231626139,0.0521924570202828));
#3301=CARTESIAN_POINT('',(0.0141174107142857,-0.00513041164942518,0.0521924570202828));
#3302=CARTESIAN_POINT('',(0.0160807342537336,-0.0047398823162614,0.0521924570202828));
#3303=CARTESIAN_POINT('',(0.0177451595818727,-0.003627748867587,0.0521924570202828));
#3304=CARTESIAN_POINT('',(0.0188572930305471,-0.00196332353944786,0.0521924570202828));
#3305=CARTESIAN_POINT('',(0.0192478223637109,-3.84891771232354E-18,0.0521924570202828));
#3306=CARTESIAN_POINT('',(0.0188572930305471,0.00196332353944787,0.0521924570202828));
#3307=CARTESIAN_POINT('',(0.0190034875117663,-0.00202387927631295,0.0522906311137246));
#3308=CARTESIAN_POINT('',(0.0194060621299083,-3.79470760369927E-18,0.0522906311137246));
#3309=CARTESIAN_POINT('',(0.0190034875117663,0.00202387927631296,0.0522906311137246));
#3310=CARTESIAN_POINT('',(0.0178570519936043,0.00373964127931859,0.0522906311137246));
#3311=CARTESIAN_POINT('',(0.0161412899905987,0.00488607679748059,0.0522906311137246));
#3312=CARTESIAN_POINT('',(0.0141174107142857,0.00528865141562263,0.0522906311137246));
#3313=CARTESIAN_POINT('',(0.0120935314379727,0.00488607679748059,0.0522906311137246));
#3314=CARTESIAN_POINT('',(0.0103777694349671,0.00373964127931859,0.0522906311137246));
#3315=CARTESIAN_POINT('',(0.00923133391680511,0.00202387927631296,0.0522906311137246));
#3316=CARTESIAN_POINT('',(0.00882875929866307,1.1121542597449E-18,0.0522906311137246));
#3317=CARTESIAN_POINT('',(0.00923133391680511,-0.00202387927631296,0.0522906311137246));
#3318=CARTESIAN_POINT('',(0.0103777694349671,-0.00373964127931859,0.0522906311137246));
#3319=CARTESIAN_POINT('',(0.0120935314379727,-0.00488607679748059,0.0522906311137246));
#3320=CARTESIAN_POINT('',(0.0141174107142857,-0.00528865141562263,0.0522906311137246));
#3321=CARTESIAN_POINT('',(0.0161412899905987,-0.00488607679748059,0.0522906311137246));
#3322=CARTESIAN_POINT('',(0.0178570519936043,-0.00373964127931859,0.0522906311137246));
#3323=CARTESIAN_POINT('',(0.0190034875117663,-0.00202387927631295,0.0522906311137246));
#3324=CARTESIAN_POINT('',(0.0194060621299083,-3.79470760369927E-18,0.0522906311137246));
#3325=CARTESIAN_POINT('',(0.0190034875117663,0.00202387927631296,0.0522906311137246));
#3326=CARTESIAN_POINT('',(0.019269638374884,-0.00213412257345361,0.0524101429441856));
#3327=CARTESIAN_POINT('',(0.019694141748248,-4.39101879856629E-18,0.0524101429441856));
#3328=CARTESIAN_POINT('',(0.019269638374884,0.00213412257345362,0.0524101429441856));
#3329=CARTESIAN_POINT('',(0.018060755045254,0.00394334433096823,0.0524101429441856));
#3330=CARTESIAN_POINT('',(0.0162515332877393,0.0051522276605983,0.0524101429441856));
#3331=CARTESIAN_POINT('',(0.0141174107142857,0.00557673103396234,0.0524101429441856));
#3332=CARTESIAN_POINT('',(0.0119832881408321,0.0051522276605983,0.0524101429441856));
#3333=CARTESIAN_POINT('',(0.0101740663833175,0.00394334433096823,0.0524101429441856));
#3334=CARTESIAN_POINT('',(0.00896518305368739,0.00213412257345362,0.0524101429441856));
#3335=CARTESIAN_POINT('',(0.00854067968032337,7.99261612518138E-19,0.0524101429441856));
#3336=CARTESIAN_POINT('',(0.0089651830536874,-0.00213412257345362,0.0524101429441856));
#3337=CARTESIAN_POINT('',(0.0101740663833175,-0.00394334433096823,0.0524101429441856));
#3338=CARTESIAN_POINT('',(0.0119832881408321,-0.0051522276605983,0.0524101429441856));
#3339=CARTESIAN_POINT('',(0.0141174107142857,-0.00557673103396233,0.0524101429441856));
#3340=CARTESIAN_POINT('',(0.0162515332877393,-0.0051522276605983,0.0524101429441856));
#3341=CARTESIAN_POINT('',(0.0180607550452539,-0.00394334433096823,0.0524101429441856));
#3342=CARTESIAN_POINT('',(0.019269638374884,-0.00213412257345361,0.0524101429441856));
#3343=CARTESIAN_POINT('',(0.019694141748248,-4.39101879856629E-18,0.0524101429441856));
#3344=CARTESIAN_POINT('',(0.019269638374884,0.00213412257345362,0.0524101429441856));
#3345=CARTESIAN_POINT('',(0.0195446602510273,-0.00224804036450144,0.0524496622122509));
#3346=CARTESIAN_POINT('',(0.0199918232818953,-4.33680868994202E-18,0.0524496622122509));
#3347=CARTESIAN_POINT('',(0.0195446602510273,0.00224804036450146,0.0524496622122509));
#3348=CARTESIAN_POINT('',(0.0182712476763299,0.00415383696204421,0.0524496622122509));
#3349=CARTESIAN_POINT('',(0.0163654510787872,0.00542724953674157,0.0524496622122509));
#3350=CARTESIAN_POINT('',(0.0141174107142857,0.00587441256760958,0.0524496622122509));
#3351=CARTESIAN_POINT('',(0.0118693703497842,0.00542724953674157,0.0524496622122509));
#3352=CARTESIAN_POINT('',(0.00996357375224149,0.00415383696204421,0.0524496622122509));
#3353=CARTESIAN_POINT('',(0.00869016117754414,0.00224804036450145,0.0524496622122509));
#3354=CARTESIAN_POINT('',(0.00824299814667612,5.94177068886641E-19,0.0524496622122509));
#3355=CARTESIAN_POINT('',(0.00869016117754413,-0.00224804036450145,0.0524496622122509));
#3356=CARTESIAN_POINT('',(0.00996357375224149,-0.00415383696204421,0.0524496622122509));
#3357=CARTESIAN_POINT('',(0.0118693703497842,-0.00542724953674156,0.0524496622122509));
#3358=CARTESIAN_POINT('',(0.0141174107142857,-0.00587441256760958,0.0524496622122509));
#3359=CARTESIAN_POINT('',(0.0163654510787872,-0.00542724953674157,0.0524496622122509));
#3360=CARTESIAN_POINT('',(0.0182712476763299,-0.00415383696204421,0.0524496622122509));
#3361=CARTESIAN_POINT('',(0.0195446602510273,-0.00224804036450144,0.0524496622122509));
#3362=CARTESIAN_POINT('',(0.0199918232818953,-4.33680868994202E-18,0.0524496622122509));
#3363=CARTESIAN_POINT('',(0.0195446602510273,0.00224804036450146,0.0524496622122509));
#3364=CARTESIAN_POINT('',(0.0196749919350049,-0.00230202551561191,0.0524034913378666));
#3365=CARTESIAN_POINT('',(0.0201328932800837,-4.82469966756049E-18,0.0524034913378666));
#3366=CARTESIAN_POINT('',(0.0196749919350049,0.00230202551561192,0.0524034913378666));
#3367=CARTESIAN_POINT('',(0.0183709992286709,0.00425358851438519,0.0524034913378666));
#3368=CARTESIAN_POINT('',(0.0164194362298976,0.00555758122071922,0.0524034913378666));
#3369=CARTESIAN_POINT('',(0.0141174107142857,0.00601548256579797,0.0524034913378666));
#3370=CARTESIAN_POINT('',(0.0118153851986738,0.00555758122071922,0.0524034913378666));
#3371=CARTESIAN_POINT('',(0.00986382219990051,0.0042535885143852,0.0524034913378666));
#3372=CARTESIAN_POINT('',(0.00855982949356649,0.00230202551561192,0.0524034913378666));
#3373=CARTESIAN_POINT('',(0.00810192814848774,9.33304576421131E-19,0.0524034913378666));
#3374=CARTESIAN_POINT('',(0.00855982949356648,-0.00230202551561192,0.0524034913378666));
#3375=CARTESIAN_POINT('',(0.00986382219990051,-0.00425358851438519,0.0524034913378666));
#3376=CARTESIAN_POINT('',(0.0118153851986738,-0.00555758122071922,0.0524034913378666));
#3377=CARTESIAN_POINT('',(0.0141174107142857,-0.00601548256579797,0.0524034913378666));
#3378=CARTESIAN_POINT('',(0.0164194362298976,-0.00555758122071922,0.0524034913378666));
#3379=CARTESIAN_POINT('',(0.0183709992286709,-0.0042535885143852,0.0524034913378666));
#3380=CARTESIAN_POINT('',(0.0196749919350049,-0.00230202551561191,0.0524034913378666));
#3381=CARTESIAN_POINT('',(0.0201328932800837,-4.82469966756049E-18,0.0524034913378666));
#3382=CARTESIAN_POINT('',(0.0196749919350049,0.00230202551561192,0.0524034913378666));
#3383=CARTESIAN_POINT('',(0.0196803756500058,-0.00230425552338121,0.0522885475345501));
#3384=CARTESIAN_POINT('',(0.0201387205712092,-4.33680868994202E-18,0.0522885475345501));
#3385=CARTESIAN_POINT('',(0.0196803756500058,0.00230425552338122,0.0522885475345501));
#3386=CARTESIAN_POINT('',(0.0183751197457417,0.00425770903145598,0.0522885475345501));
#3387=CARTESIAN_POINT('',(0.0164216662376669,0.00556296493572005,0.0522885475345501));
#3388=CARTESIAN_POINT('',(0.0141174107142857,0.00602130985692346,0.0522885475345501));
#3389=CARTESIAN_POINT('',(0.0118131551909045,0.00556296493572005,0.0522885475345501));
#3390=CARTESIAN_POINT('',(0.00985970168282973,0.00425770903145598,0.0522885475345501));
#3391=CARTESIAN_POINT('',(0.00855444577856565,0.00230425552338122,0.0522885475345501));
#3392=CARTESIAN_POINT('',(0.00809610085736224,9.41450651093553E-19,0.0522885475345501));
#3393=CARTESIAN_POINT('',(0.00855444577856566,-0.00230425552338122,0.0522885475345501));
#3394=CARTESIAN_POINT('',(0.00985970168282972,-0.00425770903145598,0.0522885475345501));
#3395=CARTESIAN_POINT('',(0.0118131551909045,-0.00556296493572005,0.0522885475345501));
#3396=CARTESIAN_POINT('',(0.0141174107142857,-0.00602130985692346,0.0522885475345501));
#3397=CARTESIAN_POINT('',(0.0164216662376669,-0.00556296493572005,0.0522885475345501));
#3398=CARTESIAN_POINT('',(0.0183751197457417,-0.00425770903145598,0.0522885475345501));
#3399=CARTESIAN_POINT('',(0.0196803756500058,-0.00230425552338121,0.0522885475345501));
#3400=CARTESIAN_POINT('',(0.0201387205712092,-4.33680868994202E-18,0.0522885475345501));
#3401=CARTESIAN_POINT('',(0.0196803756500058,0.00230425552338122,0.0522885475345501));
#3402=CARTESIAN_POINT('',(0.0196842155012681,-0.00230584604185155,0.0522121377289295));
#3403=CARTESIAN_POINT('',(0.0201428767962658,-4.44522890719057E-18,0.0522121377289295));
#3404=CARTESIAN_POINT('',(0.0196842155012681,0.00230584604185156,0.0522121377289295));
#3405=CARTESIAN_POINT('',(0.0183780586406633,0.00426064792637764,0.0522121377289295));
#3406=CARTESIAN_POINT('',(0.0164232567561373,0.00556680478698236,0.0522121377289295));
#3407=CARTESIAN_POINT('',(0.0141174107142857,0.00602546608198007,0.0522121377289295));
#3408=CARTESIAN_POINT('',(0.0118115646724341,0.00556680478698236,0.0522121377289295));
#3409=CARTESIAN_POINT('',(0.00985676278790806,0.00426064792637764,0.0522121377289295));
#3410=CARTESIAN_POINT('',(0.00855060592730334,0.00230584604185156,0.0522121377289295));
#3411=CARTESIAN_POINT('',(0.00809194463230563,6.76448452611165E-19,0.0522121377289295));
#3412=CARTESIAN_POINT('',(0.00855060592730334,-0.00230584604185156,0.0522121377289295));
#3413=CARTESIAN_POINT('',(0.00985676278790805,-0.00426064792637764,0.0522121377289295));
#3414=CARTESIAN_POINT('',(0.0118115646724341,-0.00556680478698236,0.0522121377289295));
#3415=CARTESIAN_POINT('',(0.0141174107142857,-0.00602546608198007,0.0522121377289295));
#3416=CARTESIAN_POINT('',(0.0164232567561373,-0.00556680478698236,0.0522121377289295));
#3417=CARTESIAN_POINT('',(0.0183780586406633,-0.00426064792637764,0.0522121377289295));
#3418=CARTESIAN_POINT('',(0.0196842155012681,-0.00230584604185155,0.0522121377289295));
#3419=CARTESIAN_POINT('',(0.0201428767962658,-4.44522890719057E-18,0.0522121377289295));
#3420=CARTESIAN_POINT('',(0.0196842155012681,0.00230584604185156,0.0522121377289295));
#3421=CARTESIAN_POINT('',(0.0141174107142857,0.,0.0521924570202827));
#3422=CARTESIAN_POINT('',(0.0191175323735356,0.,0.052192627027296));
#3423=CARTESIAN_POINT('',(0.0141174107142857,0.,0.0521593708652703));
#3424=CARTESIAN_POINT('',(0.0141174107142857,0.,0.0521593708652703));
#3425=CARTESIAN_POINT('',(0.0190681008214582,0.,0.0521593708668022));
#3426=CARTESIAN_POINT('',(0.0188103276532004,-0.00194386984318892,0.0521593708668022));
#3427=CARTESIAN_POINT('',(0.0191969874055871,7.37257477290144E-19,0.0521593708668022));
#3428=CARTESIAN_POINT('',(0.0188103276532004,0.00194386984318892,0.0521593708668022));
#3429=CARTESIAN_POINT('',(0.017709213838262,0.00359180312397633,0.0521593708668022));
#3430=CARTESIAN_POINT('',(0.0160612805574746,0.00469291693891475,0.0521593708668022));
#3431=CARTESIAN_POINT('',(0.0141174107142857,0.00507957669130138,0.0521593708668022));
#3432=CARTESIAN_POINT('',(0.0121735408710968,0.00469291693891475,0.0521593708668022));
#3433=CARTESIAN_POINT('',(0.0105256075903094,0.00359180312397633,0.0521593708668022));
#3434=CARTESIAN_POINT('',(0.00942449377537096,0.00194386984318892,0.0521593708668022));
#3435=CARTESIAN_POINT('',(0.00903783402298432,5.98387873345098E-19,0.0521593708668022));
#3436=CARTESIAN_POINT('',(0.00942449377537095,-0.00194386984318892,0.0521593708668022));
#3437=CARTESIAN_POINT('',(0.0105256075903094,-0.00359180312397633,0.0521593708668022));
#3438=CARTESIAN_POINT('',(0.0121735408710968,-0.00469291693891474,0.0521593708668022));
#3439=CARTESIAN_POINT('',(0.0141174107142857,-0.00507957669130138,0.0521593708668022));
#3440=CARTESIAN_POINT('',(0.0160612805574746,-0.00469291693891475,0.0521593708668022));
#3441=CARTESIAN_POINT('',(0.017709213838262,-0.00359180312397633,0.0521593708668022));
#3442=CARTESIAN_POINT('',(0.0188103276532004,-0.00194386984318892,0.0521593708668022));
#3443=CARTESIAN_POINT('',(0.0191969874055871,7.37257477290144E-19,0.0521593708668022));
#3444=CARTESIAN_POINT('',(0.0188103276532004,0.00194386984318892,0.0521593708668022));
#3445=CARTESIAN_POINT('',(0.0187379738346078,-0.00191389991023837,0.0522026216032698));
#3446=CARTESIAN_POINT('',(0.019118672196681,7.7829103757301E-19,0.0522026216032698));
#3447=CARTESIAN_POINT('',(0.0187379738346078,0.00191389991023837,0.0522026216032698));
#3448=CARTESIAN_POINT('',(0.0176538366229745,0.00353642590868883,0.0522026216032698));
#3449=CARTESIAN_POINT('',(0.0160313106245241,0.00462056312032211,0.0522026216032698));
#3450=CARTESIAN_POINT('',(0.0141174107142857,0.00500126148239534,0.0522026216032698));
#3451=CARTESIAN_POINT('',(0.0122035108040473,0.00462056312032211,0.0522026216032698));
#3452=CARTESIAN_POINT('',(0.0105809848055969,0.00353642590868883,0.0522026216032698));
#3453=CARTESIAN_POINT('',(0.00949684759396359,0.00191389991023837,0.0522026216032698));
#3454=CARTESIAN_POINT('',(0.00911614923189036,9.05266404479722E-19,0.0522026216032698));
#3455=CARTESIAN_POINT('',(0.0094968475939636,-0.00191389991023837,0.0522026216032698));
#3456=CARTESIAN_POINT('',(0.0105809848055969,-0.00353642590868883,0.0522026216032698));
#3457=CARTESIAN_POINT('',(0.0122035108040473,-0.00462056312032211,0.0522026216032698));
#3458=CARTESIAN_POINT('',(0.0141174107142857,-0.00500126148239534,0.0522026216032698));
#3459=CARTESIAN_POINT('',(0.0160313106245241,-0.00462056312032211,0.0522026216032698));
#3460=CARTESIAN_POINT('',(0.0176538366229745,-0.00353642590868883,0.0522026216032698));
#3461=CARTESIAN_POINT('',(0.0187379738346078,-0.00191389991023837,0.0522026216032698));
#3462=CARTESIAN_POINT('',(0.019118672196681,7.7829103757301E-19,0.0522026216032698));
#3463=CARTESIAN_POINT('',(0.0187379738346078,0.00191389991023837,0.0522026216032698));
#3464=CARTESIAN_POINT('',(0.0186368047430021,-0.00187199430040232,0.0522948196687696));
#3465=CARTESIAN_POINT('',(0.0190091675610164,4.3834992222731E-19,0.0522948196687696));
#3466=CARTESIAN_POINT('',(0.0186368047430021,0.00187199430040232,0.0522948196687696));
#3467=CARTESIAN_POINT('',(0.0175764051525247,0.00345899443823898,0.0522948196687696));
#3468=CARTESIAN_POINT('',(0.015989405014688,0.00451939402871642,0.0522948196687696));
#3469=CARTESIAN_POINT('',(0.0141174107142857,0.00489175684673067,0.0522948196687696));
#3470=CARTESIAN_POINT('',(0.0122454164138834,0.00451939402871642,0.0522948196687696));
#3471=CARTESIAN_POINT('',(0.0106584162760467,0.00345899443823898,0.0522948196687696));
#3472=CARTESIAN_POINT('',(0.00959801668556927,0.00187199430040232,0.0522948196687696));
#3473=CARTESIAN_POINT('',(0.00922565386755503,6.00385916165528E-19,0.0522948196687696));
#3474=CARTESIAN_POINT('',(0.00959801668556927,-0.00187199430040232,0.0522948196687696));
#3475=CARTESIAN_POINT('',(0.0106584162760467,-0.00345899443823898,0.0522948196687696));
#3476=CARTESIAN_POINT('',(0.0122454164138834,-0.00451939402871642,0.0522948196687696));
#3477=CARTESIAN_POINT('',(0.0141174107142857,-0.00489175684673068,0.0522948196687696));
#3478=CARTESIAN_POINT('',(0.015989405014688,-0.00451939402871642,0.0522948196687696));
#3479=CARTESIAN_POINT('',(0.0175764051525247,-0.00345899443823898,0.0522948196687696));
#3480=CARTESIAN_POINT('',(0.0186368047430021,-0.00187199430040232,0.0522948196687696));
#3481=CARTESIAN_POINT('',(0.0190091675610164,4.3834992222731E-19,0.0522948196687696));
#3482=CARTESIAN_POINT('',(0.0186368047430021,0.00187199430040232,0.0522948196687696));
#3483=CARTESIAN_POINT('',(0.0185364275217895,-0.00183041669402273,0.0526293154423471));
#3484=CARTESIAN_POINT('',(0.0189005200396888,4.41133318111014E-19,0.0526293154423471));
#3485=CARTESIAN_POINT('',(0.0185364275217895,0.00183041669402273,0.0526293154423471));
#3486=CARTESIAN_POINT('',(0.0174995797534348,0.00338216903914914,0.0526293154423471));
#3487=CARTESIAN_POINT('',(0.0159478274083084,0.00441901680750379,0.0526293154423471));
#3488=CARTESIAN_POINT('',(0.0141174107142857,0.0047831093254031,0.0526293154423471));
#3489=CARTESIAN_POINT('',(0.012286994020263,0.0044190168075038,0.0526293154423471));
#3490=CARTESIAN_POINT('',(0.0107352416751365,0.00338216903914915,0.0526293154423471));
#3491=CARTESIAN_POINT('',(0.00969839390678191,0.00183041669402273,0.0526293154423471));
#3492=CARTESIAN_POINT('',(0.0093343013888826,6.18671570301983E-19,0.0526293154423471));
#3493=CARTESIAN_POINT('',(0.0096983939067819,-0.00183041669402273,0.0526293154423471));
#3494=CARTESIAN_POINT('',(0.0107352416751366,-0.00338216903914915,0.0526293154423471));
#3495=CARTESIAN_POINT('',(0.012286994020263,-0.00441901680750379,0.0526293154423471));
#3496=CARTESIAN_POINT('',(0.0141174107142857,-0.0047831093254031,0.0526293154423471));
#3497=CARTESIAN_POINT('',(0.0159478274083084,-0.00441901680750379,0.0526293154423471));
#3498=CARTESIAN_POINT('',(0.0174995797534349,-0.00338216903914915,0.0526293154423471));
#3499=CARTESIAN_POINT('',(0.0185364275217895,-0.00183041669402273,0.0526293154423471));
#3500=CARTESIAN_POINT('',(0.0189005200396888,4.41133318111014E-19,0.0526293154423471));
#3501=CARTESIAN_POINT('',(0.0185364275217895,0.00183041669402273,0.0526293154423471));
#3502=CARTESIAN_POINT('',(0.0184587253766504,-0.00179823141168063,0.0529256835537495));
#3503=CARTESIAN_POINT('',(0.0188164158438442,6.58714691719444E-19,0.0529256835537495));
#3504=CARTESIAN_POINT('',(0.0184587253766504,0.00179823141168063,0.0529256835537496));
#3505=CARTESIAN_POINT('',(0.0174401091062269,0.00332269839194121,0.0529256835537495));
#3506=CARTESIAN_POINT('',(0.0159156421259663,0.00434131466236468,0.0529256835537496));
#3507=CARTESIAN_POINT('',(0.0141174107142857,0.00469900512955854,0.0529256835537495));
#3508=CARTESIAN_POINT('',(0.0123191793026051,0.00434131466236468,0.0529256835537495));
#3509=CARTESIAN_POINT('',(0.0107947123223445,0.00332269839194121,0.0529256835537495));
#3510=CARTESIAN_POINT('',(0.00977609605192102,0.00179823141168063,0.0529256835537495));
#3511=CARTESIAN_POINT('',(0.00941840558472716,5.58095593339112E-19,0.0529256835537495));
#3512=CARTESIAN_POINT('',(0.00977609605192102,-0.00179823141168063,0.0529256835537495));
#3513=CARTESIAN_POINT('',(0.0107947123223445,-0.00332269839194121,0.0529256835537495));
#3514=CARTESIAN_POINT('',(0.0123191793026051,-0.00434131466236468,0.0529256835537495));
#3515=CARTESIAN_POINT('',(0.0141174107142857,-0.00469900512955854,0.0529256835537495));
#3516=CARTESIAN_POINT('',(0.0159156421259663,-0.00434131466236469,0.0529256835537496));
#3517=CARTESIAN_POINT('',(0.0174401091062269,-0.00332269839194121,0.0529256835537496));
#3518=CARTESIAN_POINT('',(0.0184587253766504,-0.00179823141168063,0.0529256835537495));
#3519=CARTESIAN_POINT('',(0.0188164158438442,6.58714691719444E-19,0.0529256835537495));
#3520=CARTESIAN_POINT('',(0.0184587253766504,0.00179823141168063,0.0529256835537496));
#3521=CARTESIAN_POINT('',(0.0183510064349093,-0.001753612765087,0.0532540514560151));
#3522=CARTESIAN_POINT('',(0.01869982170148,5.56728605989517E-19,0.0532540514560151));
#3523=CARTESIAN_POINT('',(0.0183510064349093,0.00175361276508699,0.0532540514560151));
#3524=CARTESIAN_POINT('',(0.0173576645975145,0.00324025388322879,0.0532540514560151));
#3525=CARTESIAN_POINT('',(0.0158710234793727,0.0042335957206236,0.0532540514560151));
#3526=CARTESIAN_POINT('',(0.0141174107142857,0.00458241098719425,0.0532540514560151));
#3527=CARTESIAN_POINT('',(0.0123637979491987,0.0042335957206236,0.0532540514560151));
#3528=CARTESIAN_POINT('',(0.0108771568310569,0.00324025388322879,0.0532540514560151));
#3529=CARTESIAN_POINT('',(0.0098838149936621,0.00175361276508699,0.0532540514560151));
#3530=CARTESIAN_POINT('',(0.00953499972709145,5.08673429607426E-19,0.0532540514560151));
#3531=CARTESIAN_POINT('',(0.00988381499366209,-0.00175361276508699,0.0532540514560151));
#3532=CARTESIAN_POINT('',(0.0108771568310569,-0.00324025388322879,0.0532540514560151));
#3533=CARTESIAN_POINT('',(0.0123637979491987,-0.0042335957206236,0.0532540514560151));
#3534=CARTESIAN_POINT('',(0.0141174107142857,-0.00458241098719425,0.0532540514560151));
#3535=CARTESIAN_POINT('',(0.0158710234793727,-0.0042335957206236,0.0532540514560151));
#3536=CARTESIAN_POINT('',(0.0173576645975145,-0.0032402538832288,0.0532540514560151));
#3537=CARTESIAN_POINT('',(0.0183510064349093,-0.001753612765087,0.0532540514560151));
#3538=CARTESIAN_POINT('',(0.01869982170148,5.56728605989517E-19,0.0532540514560151));
#3539=CARTESIAN_POINT('',(0.0183510064349093,0.00175361276508699,0.0532540514560151));
#3540=CARTESIAN_POINT('',(0.0181756407708062,-0.00168097392864091,0.0535989598758922));
#3541=CARTESIAN_POINT('',(0.0185100072744556,4.05019177659832E-19,0.0535989598758922));
#3542=CARTESIAN_POINT('',(0.0181756407708062,0.00168097392864091,0.0535989598758922));
#3543=CARTESIAN_POINT('',(0.0172234455289985,0.00310603481471284,0.0535989598758922));
#3544=CARTESIAN_POINT('',(0.0157983846429266,0.00405823005652046,0.0535989598758922));
#3545=CARTESIAN_POINT('',(0.0141174107142857,0.00439259656016991,0.0535989598758922));
#3546=CARTESIAN_POINT('',(0.0124364367856448,0.00405823005652046,0.0535989598758922));
#3547=CARTESIAN_POINT('',(0.0110113758995729,0.00310603481471284,0.0535989598758922));
#3548=CARTESIAN_POINT('',(0.0100591806577652,0.00168097392864091,0.0535989598758922));
#3549=CARTESIAN_POINT('',(0.0097248141541158,5.09850401074807E-19,0.0535989598758922));
#3550=CARTESIAN_POINT('',(0.0100591806577652,-0.00168097392864091,0.0535989598758922));
#3551=CARTESIAN_POINT('',(0.0110113758995729,-0.00310603481471284,0.0535989598758922));
#3552=CARTESIAN_POINT('',(0.0124364367856448,-0.00405823005652046,0.0535989598758922));
#3553=CARTESIAN_POINT('',(0.0141174107142857,-0.00439259656016991,0.0535989598758922));
#3554=CARTESIAN_POINT('',(0.0157983846429266,-0.00405823005652046,0.0535989598758922));
#3555=CARTESIAN_POINT('',(0.0172234455289985,-0.00310603481471284,0.0535989598758923));
#3556=CARTESIAN_POINT('',(0.0181756407708062,-0.00168097392864091,0.0535989598758922));
#3557=CARTESIAN_POINT('',(0.0185100072744556,4.05019177659832E-19,0.0535989598758922));
#3558=CARTESIAN_POINT('',(0.0181756407708062,0.00168097392864091,0.0535989598758922));
#3559=CARTESIAN_POINT('',(0.0179044229652644,-0.00156863183522846,0.0540030177034019));
#3560=CARTESIAN_POINT('',(0.0182164432371568,6.46327370764543E-19,0.0540030177034019));
#3561=CARTESIAN_POINT('',(0.0179044229652644,0.00156863183522846,0.0540030177034019));
#3562=CARTESIAN_POINT('',(0.0170158644075121,0.00289845369322638,0.0540030177034019));
#3563=CARTESIAN_POINT('',(0.0156860425495142,0.00378701225097874,0.054003017703402));
#3564=CARTESIAN_POINT('',(0.0141174107142857,0.00409903252287113,0.0540030177034019));
#3565=CARTESIAN_POINT('',(0.0125487788790572,0.00378701225097874,0.0540030177034019));
#3566=CARTESIAN_POINT('',(0.0112189570210593,0.00289845369322638,0.0540030177034019));
#3567=CARTESIAN_POINT('',(0.010330398463307,0.00156863183522846,0.0540030177034019));
#3568=CARTESIAN_POINT('',(0.0100183781914146,5.4495295905122E-19,0.0540030177034019));
#3569=CARTESIAN_POINT('',(0.010330398463307,-0.00156863183522846,0.0540030177034019));
#3570=CARTESIAN_POINT('',(0.0112189570210593,-0.00289845369322638,0.0540030177034019));
#3571=CARTESIAN_POINT('',(0.0125487788790572,-0.00378701225097873,0.0540030177034019));
#3572=CARTESIAN_POINT('',(0.0141174107142857,-0.00409903252287113,0.0540030177034019));
#3573=CARTESIAN_POINT('',(0.0156860425495142,-0.00378701225097874,0.0540030177034019));
#3574=CARTESIAN_POINT('',(0.0170158644075121,-0.00289845369322638,0.0540030177034019));
#3575=CARTESIAN_POINT('',(0.0179044229652644,-0.00156863183522846,0.0540030177034019));
#3576=CARTESIAN_POINT('',(0.0182164432371568,6.46327370764543E-19,0.0540030177034019));
#3577=CARTESIAN_POINT('',(0.0179044229652644,0.00156863183522846,0.0540030177034019));
#3578=CARTESIAN_POINT('',(0.0175521440494565,-0.00142271313056273,0.0544801508709241));
#3579=CARTESIAN_POINT('',(0.0178351392863589,2.60529733688437E-19,0.0544801508709241));
#3580=CARTESIAN_POINT('',(0.0175521440494565,0.00142271313056273,0.0544801508709241));
#3581=CARTESIAN_POINT('',(0.0167462417982096,0.00262883108392393,0.0544801508709241));
#3582=CARTESIAN_POINT('',(0.0155401238448484,0.00343473333517083,0.0544801508709241));
#3583=CARTESIAN_POINT('',(0.0141174107142857,0.00371772857207319,0.0544801508709241));
#3584=CARTESIAN_POINT('',(0.012694697583723,0.00343473333517083,0.0544801508709241));
#3585=CARTESIAN_POINT('',(0.0114885796303618,0.00262883108392393,0.0544801508709241));
#3586=CARTESIAN_POINT('',(0.0106826773791149,0.00142271313056273,0.0544801508709242));
#3587=CARTESIAN_POINT('',(0.0103996821422125,5.40234077907184E-19,0.0544801508709241));
#3588=CARTESIAN_POINT('',(0.0106826773791149,-0.00142271313056273,0.0544801508709242));
#3589=CARTESIAN_POINT('',(0.0114885796303618,-0.00262883108392393,0.0544801508709241));
#3590=CARTESIAN_POINT('',(0.012694697583723,-0.00343473333517083,0.0544801508709241));
#3591=CARTESIAN_POINT('',(0.0141174107142857,-0.00371772857207319,0.0544801508709241));
#3592=CARTESIAN_POINT('',(0.0155401238448484,-0.00343473333517083,0.0544801508709241));
#3593=CARTESIAN_POINT('',(0.0167462417982096,-0.00262883108392393,0.0544801508709241));
#3594=CARTESIAN_POINT('',(0.0175521440494565,-0.00142271313056273,0.0544801508709241));
#3595=CARTESIAN_POINT('',(0.0178351392863589,2.60529733688437E-19,0.0544801508709241));
#3596=CARTESIAN_POINT('',(0.0175521440494565,0.00142271313056273,0.0544801508709241));
#3597=CARTESIAN_POINT('',(0.017100734957123,-0.00123573336233967,0.0549290115019155));
#3598=CARTESIAN_POINT('',(0.0173465376056761,5.00632147700602E-19,0.0549290115019156));
#3599=CARTESIAN_POINT('',(0.017100734957123,0.00123573336233967,0.0549290115019155));
#3600=CARTESIAN_POINT('',(0.0164007482364996,0.00228333752221395,0.0549290115019156));
#3601=CARTESIAN_POINT('',(0.0153531440766254,0.00298332424283734,0.0549290115019155));
#3602=CARTESIAN_POINT('',(0.0141174107142857,0.00322912689139035,0.0549290115019156));
#3603=CARTESIAN_POINT('',(0.012881677351946,0.00298332424283734,0.0549290115019156));
#3604=CARTESIAN_POINT('',(0.0118340731920718,0.00228333752221395,0.0549290115019155));
#3605=CARTESIAN_POINT('',(0.0111340864714484,0.00123573336233967,0.0549290115019155));
#3606=CARTESIAN_POINT('',(0.0108882838228954,3.61463829875568E-19,0.0549290115019156));
#3607=CARTESIAN_POINT('',(0.0111340864714484,-0.00123573336233967,0.0549290115019156));
#3608=CARTESIAN_POINT('',(0.0118340731920717,-0.00228333752221395,0.0549290115019155));
#3609=CARTESIAN_POINT('',(0.012881677351946,-0.00298332424283734,0.0549290115019155));
#3610=CARTESIAN_POINT('',(0.0141174107142857,-0.00322912689139035,0.0549290115019156));
#3611=CARTESIAN_POINT('',(0.0153531440766254,-0.00298332424283734,0.0549290115019156));
#3612=CARTESIAN_POINT('',(0.0164007482364996,-0.00228333752221395,0.0549290115019155));
#3613=CARTESIAN_POINT('',(0.017100734957123,-0.00123573336233967,0.0549290115019155));
#3614=CARTESIAN_POINT('',(0.0173465376056761,5.00632147700602E-19,0.0549290115019156));
#3615=CARTESIAN_POINT('',(0.017100734957123,0.00123573336233967,0.0549290115019155));
#3616=CARTESIAN_POINT('',(0.0165701438550401,-0.00101595533178244,0.0552655559884407));
#3617=CARTESIAN_POINT('',(0.016772229935237,3.39026889474368E-19,0.0552655559884407));
#3618=CARTESIAN_POINT('',(0.0165701438550401,0.00101595533178244,0.0552655559884407));
#3619=CARTESIAN_POINT('',(0.0159946513882447,0.00187724067395902,0.0552655559884407));
#3620=CARTESIAN_POINT('',(0.0151333660460681,0.00245273314075443,0.0552655559884407));
#3621=CARTESIAN_POINT('',(0.0141174107142857,0.00265481922095126,0.0552655559884407));
#3622=CARTESIAN_POINT('',(0.0131014553825033,0.00245273314075443,0.0552655559884407));
#3623=CARTESIAN_POINT('',(0.0122401700403267,0.00187724067395902,0.0552655559884407));
#3624=CARTESIAN_POINT('',(0.0116646775735313,0.00101595533178244,0.0552655559884407));
#3625=CARTESIAN_POINT('',(0.0114625914933344,3.21258282949975E-19,0.0552655559884407));
#3626=CARTESIAN_POINT('',(0.0116646775735313,-0.00101595533178244,0.0552655559884407));
#3627=CARTESIAN_POINT('',(0.0122401700403267,-0.00187724067395902,0.0552655559884407));
#3628=CARTESIAN_POINT('',(0.0131014553825033,-0.00245273314075443,0.0552655559884407));
#3629=CARTESIAN_POINT('',(0.0141174107142857,-0.00265481922095126,0.0552655559884407));
#3630=CARTESIAN_POINT('',(0.0151333660460681,-0.00245273314075443,0.0552655559884407));
#3631=CARTESIAN_POINT('',(0.0159946513882447,-0.00187724067395902,0.0552655559884408));
#3632=CARTESIAN_POINT('',(0.0165701438550401,-0.00101595533178244,0.0552655559884407));
#3633=CARTESIAN_POINT('',(0.016772229935237,3.39026889474368E-19,0.0552655559884407));
#3634=CARTESIAN_POINT('',(0.0165701438550401,0.00101595533178244,0.0552655559884407));
#3635=CARTESIAN_POINT('',(0.0161486789836708,-0.000841378865997441,0.0555393758619718));
#3636=CARTESIAN_POINT('',(0.0163160396457696,2.31267266901888E-19,0.0555393758619718));
#3637=CARTESIAN_POINT('',(0.0161486789836708,0.00084137886599744,0.0555393758619718));
#3638=CARTESIAN_POINT('',(0.0156720761410509,0.00155466542676518,0.0555393758619718));
#3639=CARTESIAN_POINT('',(0.0149587895802831,0.00203126826938512,0.0555393758619718));
#3640=CARTESIAN_POINT('',(0.0141174107142857,0.00219862893148388,0.0555393758619718));
#3641=CARTESIAN_POINT('',(0.0132760318482883,0.00203126826938512,0.0555393758619718));
#3642=CARTESIAN_POINT('',(0.0125627452875205,0.00155466542676518,0.0555393758619718));
#3643=CARTESIAN_POINT('',(0.0120861424449006,0.00084137886599744,0.0555393758619718));
#3644=CARTESIAN_POINT('',(0.0119187817828018,4.0544950052283E-19,0.0555393758619718));
#3645=CARTESIAN_POINT('',(0.0120861424449006,-0.000841378865997441,0.0555393758619718));
#3646=CARTESIAN_POINT('',(0.0125627452875205,-0.00155466542676518,0.0555393758619718));
#3647=CARTESIAN_POINT('',(0.0132760318482883,-0.00203126826938512,0.0555393758619718));
#3648=CARTESIAN_POINT('',(0.0141174107142857,-0.00219862893148388,0.0555393758619718));
#3649=CARTESIAN_POINT('',(0.0149587895802831,-0.00203126826938512,0.0555393758619718));
#3650=CARTESIAN_POINT('',(0.0156720761410509,-0.00155466542676518,0.0555393758619717));
#3651=CARTESIAN_POINT('',(0.0161486789836708,-0.000841378865997441,0.0555393758619718));
#3652=CARTESIAN_POINT('',(0.0163160396457696,2.31267266901888E-19,0.0555393758619718));
#3653=CARTESIAN_POINT('',(0.0161486789836708,0.00084137886599744,0.0555393758619718));
#3654=CARTESIAN_POINT('',(0.0157914813463079,-0.000693422760154104,0.0556968269115316));
#3655=CARTESIAN_POINT('',(0.0159294117091251,2.97885502837782E-19,0.0556968269115316));
#3656=CARTESIAN_POINT('',(0.0157914813463079,0.000693422760154103,0.0556968269115316));
#3657=CARTESIAN_POINT('',(0.0153986889052534,0.00128127819096772,0.0556968269115316));
#3658=CARTESIAN_POINT('',(0.0148108334744398,0.00167407063202222,0.0556968269115317));
#3659=CARTESIAN_POINT('',(0.0141174107142857,0.00181200099483941,0.0556968269115316));
#3660=CARTESIAN_POINT('',(0.0134239879541316,0.00167407063202222,0.0556968269115317));
#3661=CARTESIAN_POINT('',(0.012836132523318,0.00128127819096772,0.0556968269115316));
#3662=CARTESIAN_POINT('',(0.0124433400822635,0.000693422760154104,0.0556968269115316));
#3663=CARTESIAN_POINT('',(0.0123054097194463,1.62037916884853E-19,0.0556968269115317));
#3664=CARTESIAN_POINT('',(0.0124433400822635,-0.000693422760154103,0.0556968269115316));
#3665=CARTESIAN_POINT('',(0.012836132523318,-0.00128127819096772,0.0556968269115316));
#3666=CARTESIAN_POINT('',(0.0134239879541316,-0.00167407063202222,0.0556968269115316));
#3667=CARTESIAN_POINT('',(0.0141174107142857,-0.00181200099483941,0.0556968269115316));
#3668=CARTESIAN_POINT('',(0.0148108334744398,-0.00167407063202222,0.0556968269115316));
#3669=CARTESIAN_POINT('',(0.0153986889052534,-0.00128127819096772,0.0556968269115317));
#3670=CARTESIAN_POINT('',(0.0157914813463079,-0.000693422760154104,0.0556968269115316));
#3671=CARTESIAN_POINT('',(0.0159294117091251,2.97885502837782E-19,0.0556968269115316));
#3672=CARTESIAN_POINT('',(0.0157914813463079,0.000693422760154103,0.0556968269115316));
#3673=CARTESIAN_POINT('',(0.015370430510323,-0.000519017793440611,0.0556731673903386));
#3674=CARTESIAN_POINT('',(0.0154736695683284,9.92559441411198E-20,0.0556731673903386));
#3675=CARTESIAN_POINT('',(0.015370430510323,0.00051901779344061,0.0556731673903385));
#3676=CARTESIAN_POINT('',(0.0150764305470236,0.000959019832737901,0.0556731673903385));
#3677=CARTESIAN_POINT('',(0.0146364285077263,0.00125301979603728,0.0556731673903386));
#3678=CARTESIAN_POINT('',(0.0141174107142857,0.00135625885404272,0.0556731673903385));
#3679=CARTESIAN_POINT('',(0.0135983929208451,0.00125301979603728,0.0556731673903385));
#3680=CARTESIAN_POINT('',(0.0131583908815478,0.000959019832737901,0.0556731673903385));
#3681=CARTESIAN_POINT('',(0.0128643909182484,0.00051901779344061,0.0556731673903386));
#3682=CARTESIAN_POINT('',(0.012761151860243,2.76693206048052E-19,0.0556731673903385));
#3683=CARTESIAN_POINT('',(0.0128643909182484,-0.00051901779344061,0.0556731673903386));
#3684=CARTESIAN_POINT('',(0.0131583908815478,-0.000959019832737901,0.0556731673903385));
#3685=CARTESIAN_POINT('',(0.0135983929208451,-0.00125301979603728,0.0556731673903386));
#3686=CARTESIAN_POINT('',(0.0141174107142857,-0.00135625885404272,0.0556731673903386));
#3687=CARTESIAN_POINT('',(0.0146364285077263,-0.00125301979603728,0.0556731673903386));
#3688=CARTESIAN_POINT('',(0.0150764305470236,-0.000959019832737901,0.0556731673903385));
#3689=CARTESIAN_POINT('',(0.015370430510323,-0.000519017793440611,0.0556731673903386));
#3690=CARTESIAN_POINT('',(0.0154736695683284,9.92559441411198E-20,0.0556731673903386));
#3691=CARTESIAN_POINT('',(0.015370430510323,0.00051901779344061,0.0556731673903385));
#3692=CARTESIAN_POINT('',(0.0150992013036276,-0.000406670977515706,0.0556618709069184));
#3693=CARTESIAN_POINT('',(0.0151800931905099,1.88543568485791E-19,0.0556618709069184));
#3694=CARTESIAN_POINT('',(0.0150992013036276,0.000406670977515706,0.0556618709069184));
#3695=CARTESIAN_POINT('',(0.0148688406994719,0.000751429985186237,0.0556618709069184));
#3696=CARTESIAN_POINT('',(0.0145240816918014,0.000981790589341941,0.0556618709069184));
#3697=CARTESIAN_POINT('',(0.0141174107142857,0.00106268247622419,0.0556618709069184));
#3698=CARTESIAN_POINT('',(0.01371073973677,0.000981790589341941,0.0556618709069184));
#3699=CARTESIAN_POINT('',(0.0133659807290995,0.000751429985186236,0.0556618709069184));
#3700=CARTESIAN_POINT('',(0.0131356201249438,0.000406670977515706,0.0556618709069184));
#3701=CARTESIAN_POINT('',(0.0130547282380615,1.50769887568525E-19,0.0556618709069184));
#3702=CARTESIAN_POINT('',(0.0131356201249438,-0.000406670977515706,0.0556618709069184));
#3703=CARTESIAN_POINT('',(0.0133659807290995,-0.000751429985186236,0.0556618709069184));
#3704=CARTESIAN_POINT('',(0.01371073973677,-0.000981790589341941,0.0556618709069184));
#3705=CARTESIAN_POINT('',(0.0141174107142857,-0.00106268247622419,0.0556618709069184));
#3706=CARTESIAN_POINT('',(0.0145240816918014,-0.000981790589341942,0.0556618709069184));
#3707=CARTESIAN_POINT('',(0.0148688406994719,-0.000751429985186237,0.0556618709069184));
#3708=CARTESIAN_POINT('',(0.0150992013036276,-0.000406670977515706,0.0556618709069184));
#3709=CARTESIAN_POINT('',(0.0151800931905099,1.88543568485791E-19,0.0556618709069184));
#3710=CARTESIAN_POINT('',(0.0150992013036276,0.000406670977515706,0.0556618709069184));
#3711=CARTESIAN_POINT('',(0.0150537430951009,-0.000387841571022733,0.055740419783531));
#3712=CARTESIAN_POINT('',(0.0151308895801612,4.8370844369073E-20,0.0557404197835311));
#3713=CARTESIAN_POINT('',(0.0150537430951009,0.000387841571022733,0.055740419783531));
#3714=CARTESIAN_POINT('',(0.0148340484929355,0.00071663777864985,0.055740419783531));
#3715=CARTESIAN_POINT('',(0.0145052522853084,0.00093633238081517,0.0557404197835311));
#3716=CARTESIAN_POINT('',(0.0141174107142857,0.00101347886587555,0.055740419783531));
#3717=CARTESIAN_POINT('',(0.013729569143263,0.000936332380815169,0.055740419783531));
#3718=CARTESIAN_POINT('',(0.0134007729356358,0.000716637778649851,0.055740419783531));
#3719=CARTESIAN_POINT('',(0.0131810783334705,0.000387841571022733,0.0557404197835311));
#3720=CARTESIAN_POINT('',(0.0131039318484101,1.08248726840759E-19,0.055740419783531));
#3721=CARTESIAN_POINT('',(0.0131810783334705,-0.000387841571022733,0.0557404197835311));
#3722=CARTESIAN_POINT('',(0.0134007729356358,-0.00071663777864985,0.055740419783531));
#3723=CARTESIAN_POINT('',(0.013729569143263,-0.000936332380815169,0.055740419783531));
#3724=CARTESIAN_POINT('',(0.0141174107142857,-0.00101347886587555,0.0557404197835311));
#3725=CARTESIAN_POINT('',(0.0145052522853084,-0.000936332380815169,0.0557404197835311));
#3726=CARTESIAN_POINT('',(0.0148340484929356,-0.000716637778649851,0.055740419783531));
#3727=CARTESIAN_POINT('',(0.0150537430951009,-0.000387841571022733,0.055740419783531));
#3728=CARTESIAN_POINT('',(0.0151308895801612,4.8370844369073E-20,0.0557404197835311));
#3729=CARTESIAN_POINT('',(0.0150537430951009,0.000387841571022733,0.055740419783531));
#3730=CARTESIAN_POINT('',(0.0151983741590834,-0.000447749719264731,0.055920800904115));
#3731=CARTESIAN_POINT('',(0.0152874371157359,1.3839009683096E-19,0.055920800904115));
#3732=CARTESIAN_POINT('',(0.0151983741590834,0.00044774971926473,0.055920800904115));
#3733=CARTESIAN_POINT('',(0.0149447443169184,0.000827333602632718,0.055920800904115));
#3734=CARTESIAN_POINT('',(0.0145651604335504,0.00108096344479766,0.055920800904115));
#3735=CARTESIAN_POINT('',(0.0141174107142857,0.00117002640145018,0.055920800904115));
#3736=CARTESIAN_POINT('',(0.013669660995021,0.00108096344479766,0.055920800904115));
#3737=CARTESIAN_POINT('',(0.013290077111653,0.000827333602632718,0.055920800904115));
#3738=CARTESIAN_POINT('',(0.013036447269488,0.000447749719264731,0.055920800904115));
#3739=CARTESIAN_POINT('',(0.0129473843128355,1.117217224822E-19,0.055920800904115));
#3740=CARTESIAN_POINT('',(0.013036447269488,-0.00044774971926473,0.055920800904115));
#3741=CARTESIAN_POINT('',(0.013290077111653,-0.000827333602632717,0.055920800904115));
#3742=CARTESIAN_POINT('',(0.013669660995021,-0.00108096344479766,0.055920800904115));
#3743=CARTESIAN_POINT('',(0.0141174107142857,-0.00117002640145018,0.055920800904115));
#3744=CARTESIAN_POINT('',(0.0145651604335504,-0.00108096344479766,0.055920800904115));
#3745=CARTESIAN_POINT('',(0.0149447443169184,-0.000827333602632718,0.055920800904115));
#3746=CARTESIAN_POINT('',(0.0151983741590834,-0.000447749719264731,0.055920800904115));
#3747=CARTESIAN_POINT('',(0.0152874371157359,1.3839009683096E-19,0.055920800904115));
#3748=CARTESIAN_POINT('',(0.0151983741590834,0.00044774971926473,0.055920800904115));
#3749=CARTESIAN_POINT('',(0.0153759469529865,-0.00052130277880791,0.0561481059101715));
#3750=CARTESIAN_POINT('',(0.0154796405228408,1.13642202147521E-19,0.0561481059101716));
#3751=CARTESIAN_POINT('',(0.0153759469529865,0.00052130277880791,0.0561481059101715));
#3752=CARTESIAN_POINT('',(0.0150806526494495,0.000963241935163773,0.0561481059101715));
#3753=CARTESIAN_POINT('',(0.0146387134930936,0.00125853623870084,0.0561481059101716));
#3754=CARTESIAN_POINT('',(0.0141174107142857,0.00136222980855511,0.0561481059101715));
#3755=CARTESIAN_POINT('',(0.0135961079354778,0.00125853623870084,0.0561481059101715));
#3756=CARTESIAN_POINT('',(0.0131541687791219,0.000963241935163773,0.0561481059101715));
#3757=CARTESIAN_POINT('',(0.0128588744755849,0.00052130277880791,0.0561481059101715));
#3758=CARTESIAN_POINT('',(0.0127551809057306,2.13227246707293E-19,0.0561481059101716));
#3759=CARTESIAN_POINT('',(0.0128588744755849,-0.00052130277880791,0.0561481059101715));
#3760=CARTESIAN_POINT('',(0.0131541687791219,-0.000963241935163773,0.0561481059101715));
#3761=CARTESIAN_POINT('',(0.0135961079354778,-0.00125853623870084,0.0561481059101715));
#3762=CARTESIAN_POINT('',(0.0141174107142857,-0.00136222980855511,0.0561481059101716));
#3763=CARTESIAN_POINT('',(0.0146387134930936,-0.00125853623870084,0.0561481059101716));
#3764=CARTESIAN_POINT('',(0.0150806526494495,-0.000963241935163773,0.0561481059101716));
#3765=CARTESIAN_POINT('',(0.0153759469529865,-0.00052130277880791,0.0561481059101715));
#3766=CARTESIAN_POINT('',(0.0154796405228408,1.13642202147521E-19,0.0561481059101716));
#3767=CARTESIAN_POINT('',(0.0153759469529865,0.00052130277880791,0.0561481059101715));
#3768=CARTESIAN_POINT('',(0.0154885586356759,-0.000567948065059491,0.0563900928785966));
#3769=CARTESIAN_POINT('',(0.0156015305298456,1.87666658768521E-19,0.0563900928785967));
#3770=CARTESIAN_POINT('',(0.0154885586356759,0.00056794806505949,0.0563900928785967));
#3771=CARTESIAN_POINT('',(0.0151668418999614,0.0010494311856757,0.0563900928785966));
#3772=CARTESIAN_POINT('',(0.0146853587793452,0.00137114792139018,0.0563900928785967));
#3773=CARTESIAN_POINT('',(0.0141174107142857,0.00148411981555986,0.0563900928785966));
#3774=CARTESIAN_POINT('',(0.0135494626492262,0.00137114792139018,0.0563900928785966));
#3775=CARTESIAN_POINT('',(0.01306797952861,0.0010494311856757,0.0563900928785966));
#3776=CARTESIAN_POINT('',(0.0127462627928955,0.00056794806505949,0.0563900928785966));
#3777=CARTESIAN_POINT('',(0.0126332908987258,2.84916314233866E-19,0.0563900928785966));
#3778=CARTESIAN_POINT('',(0.0127462627928955,-0.000567948065059491,0.0563900928785966));
#3779=CARTESIAN_POINT('',(0.01306797952861,-0.0010494311856757,0.0563900928785966));
#3780=CARTESIAN_POINT('',(0.0135494626492262,-0.00137114792139018,0.0563900928785966));
#3781=CARTESIAN_POINT('',(0.0141174107142857,-0.00148411981555986,0.0563900928785967));
#3782=CARTESIAN_POINT('',(0.0146853587793452,-0.00137114792139018,0.0563900928785966));
#3783=CARTESIAN_POINT('',(0.0151668418999614,-0.0010494311856757,0.0563900928785966));
#3784=CARTESIAN_POINT('',(0.0154885586356759,-0.000567948065059491,0.0563900928785966));
#3785=CARTESIAN_POINT('',(0.0156015305298456,1.87666658768521E-19,0.0563900928785967));
#3786=CARTESIAN_POINT('',(0.0154885586356759,0.00056794806505949,0.0563900928785967));
#3787=CARTESIAN_POINT('',(0.0155669564647401,-0.000600421509118481,0.0566775405769206));
#3788=CARTESIAN_POINT('',(0.0156863877285445,1.03007169042777E-19,0.0566775405769206));
#3789=CARTESIAN_POINT('',(0.0155669564647401,0.00060042150911848,0.0566775405769206));
#3790=CARTESIAN_POINT('',(0.0152268450005939,0.0011094342863082,0.0566775405769206));
#3791=CARTESIAN_POINT('',(0.0147178322234042,0.00144954575045436,0.0566775405769206));
#3792=CARTESIAN_POINT('',(0.0141174107142857,0.00156897701425878,0.0566775405769206));
#3793=CARTESIAN_POINT('',(0.0135169892051672,0.00144954575045436,0.0566775405769206));
#3794=CARTESIAN_POINT('',(0.0130079764279775,0.0011094342863082,0.0566775405769206));
#3795=CARTESIAN_POINT('',(0.0126678649638313,0.00060042150911848,0.0566775405769206));
#3796=CARTESIAN_POINT('',(0.0125484337000269,2.13330771984908E-19,0.0566775405769206));
#3797=CARTESIAN_POINT('',(0.0126678649638314,-0.00060042150911848,0.0566775405769206));
#3798=CARTESIAN_POINT('',(0.0130079764279775,-0.00110943428630821,0.0566775405769206));
#3799=CARTESIAN_POINT('',(0.0135169892051672,-0.00144954575045436,0.0566775405769206));
#3800=CARTESIAN_POINT('',(0.0141174107142857,-0.00156897701425878,0.0566775405769206));
#3801=CARTESIAN_POINT('',(0.0147178322234042,-0.00144954575045436,0.0566775405769206));
#3802=CARTESIAN_POINT('',(0.0152268450005939,-0.00110943428630821,0.0566775405769206));
#3803=CARTESIAN_POINT('',(0.0155669564647401,-0.000600421509118481,0.0566775405769206));
#3804=CARTESIAN_POINT('',(0.0156863877285445,1.03007169042777E-19,0.0566775405769206));
#3805=CARTESIAN_POINT('',(0.0155669564647401,0.00060042150911848,0.0566775405769206));
#3806=CARTESIAN_POINT('',(0.0156139357059488,-0.000619880947977131,0.0570476255843788));
#3807=CARTESIAN_POINT('',(0.0157372376928045,2.76498649177687E-19,0.0570476255843788));
#3808=CARTESIAN_POINT('',(0.0156139357059488,0.00061988094797713,0.0570476255843788));
#3809=CARTESIAN_POINT('',(0.0152628013551452,0.00114539064085953,0.0570476255843788));
#3810=CARTESIAN_POINT('',(0.0147372916622628,0.00149652499166308,0.0570476255843788));
#3811=CARTESIAN_POINT('',(0.0141174107142857,0.00161982697851876,0.0570476255843788));
#3812=CARTESIAN_POINT('',(0.0134975297663086,0.00149652499166308,0.0570476255843788));
#3813=CARTESIAN_POINT('',(0.0129720200734262,0.00114539064085953,0.0570476255843788));
#3814=CARTESIAN_POINT('',(0.0126208857226226,0.000619880947977131,0.0570476255843788));
#3815=CARTESIAN_POINT('',(0.0124975837357669,2.66906228421339E-19,0.0570476255843788));
#3816=CARTESIAN_POINT('',(0.0126208857226226,-0.000619880947977131,0.0570476255843788));
#3817=CARTESIAN_POINT('',(0.0129720200734262,-0.00114539064085953,0.0570476255843788));
#3818=CARTESIAN_POINT('',(0.0134975297663086,-0.00149652499166308,0.0570476255843788));
#3819=CARTESIAN_POINT('',(0.0141174107142857,-0.00161982697851876,0.0570476255843788));
#3820=CARTESIAN_POINT('',(0.0147372916622628,-0.00149652499166308,0.0570476255843788));
#3821=CARTESIAN_POINT('',(0.0152628013551452,-0.00114539064085953,0.0570476255843788));
#3822=CARTESIAN_POINT('',(0.0156139357059488,-0.000619880947977131,0.0570476255843788));
#3823=CARTESIAN_POINT('',(0.0157372376928045,2.76498649177687E-19,0.0570476255843788));
#3824=CARTESIAN_POINT('',(0.0156139357059488,0.00061988094797713,0.0570476255843788));
#3825=CARTESIAN_POINT('',(0.0156239312596192,-0.000624021241870868,0.0577363252307502));
#3826=CARTESIAN_POINT('',(0.015748056802135,2.02432362336781E-19,0.0577363252307502));
#3827=CARTESIAN_POINT('',(0.0156239312596192,0.000624021241870867,0.0577363252307502));
#3828=CARTESIAN_POINT('',(0.0152704516207192,0.00115304090643354,0.0577363252307502));
#3829=CARTESIAN_POINT('',(0.0147414319561566,0.00150652054533355,0.0577363252307502));
#3830=CARTESIAN_POINT('',(0.0141174107142857,0.00163064608784928,0.0577363252307502));
#3831=CARTESIAN_POINT('',(0.0134933894724148,0.00150652054533355,0.0577363252307502));
#3832=CARTESIAN_POINT('',(0.0129643698078522,0.00115304090643354,0.0577363252307502));
#3833=CARTESIAN_POINT('',(0.0126108901689522,0.000624021241870867,0.0577363252307502));
#3834=CARTESIAN_POINT('',(0.0124867646264364,1.97270081043161E-20,0.0577363252307502));
#3835=CARTESIAN_POINT('',(0.0126108901689522,-0.000624021241870866,0.0577363252307502));
#3836=CARTESIAN_POINT('',(0.0129643698078522,-0.00115304090643354,0.0577363252307501));
#3837=CARTESIAN_POINT('',(0.0134933894724148,-0.00150652054533355,0.0577363252307502));
#3838=CARTESIAN_POINT('',(0.0141174107142857,-0.00163064608784928,0.0577363252307502));
#3839=CARTESIAN_POINT('',(0.0147414319561566,-0.00150652054533355,0.0577363252307502));
#3840=CARTESIAN_POINT('',(0.0152704516207193,-0.00115304090643354,0.0577363252307501));
#3841=CARTESIAN_POINT('',(0.0156239312596192,-0.000624021241870868,0.0577363252307502));
#3842=CARTESIAN_POINT('',(0.015748056802135,2.02432362336781E-19,0.0577363252307502));
#3843=CARTESIAN_POINT('',(0.0156239312596192,0.000624021241870867,0.0577363252307502));
#3844=CARTESIAN_POINT('',(0.015492186800668,-0.000569450900205766,0.0582178564685151));
#3845=CARTESIAN_POINT('',(0.0156054576273344,2.36291618690544E-20,0.0582178564685151));
#3846=CARTESIAN_POINT('',(0.015492186800668,0.000569450900205766,0.0582178564685151));
#3847=CARTESIAN_POINT('',(0.0151696187772262,0.00105220806294047,0.0582178564685151));
#3848=CARTESIAN_POINT('',(0.0146868616144915,0.00137477608638233,0.0582178564685151));
#3849=CARTESIAN_POINT('',(0.0141174107142857,0.00148804691304873,0.0582178564685151));
#3850=CARTESIAN_POINT('',(0.0135479598140799,0.00137477608638233,0.0582178564685151));
#3851=CARTESIAN_POINT('',(0.0130652026513452,0.00105220806294047,0.0582178564685151));
#3852=CARTESIAN_POINT('',(0.0127426346279034,0.000569450900205766,0.0582178564685151));
#3853=CARTESIAN_POINT('',(0.012629363801237,3.15144548303253E-19,0.0582178564685151));
#3854=CARTESIAN_POINT('',(0.0127426346279034,-0.000569450900205767,0.0582178564685151));
#3855=CARTESIAN_POINT('',(0.0130652026513452,-0.00105220806294047,0.0582178564685151));
#3856=CARTESIAN_POINT('',(0.0135479598140799,-0.00137477608638233,0.0582178564685151));
#3857=CARTESIAN_POINT('',(0.0141174107142857,-0.00148804691304873,0.0582178564685151));
#3858=CARTESIAN_POINT('',(0.0146868616144915,-0.00137477608638233,0.0582178564685151));
#3859=CARTESIAN_POINT('',(0.0151696187772261,-0.00105220806294047,0.0582178564685151));
#3860=CARTESIAN_POINT('',(0.015492186800668,-0.000569450900205766,0.0582178564685151));
#3861=CARTESIAN_POINT('',(0.0156054576273344,2.36291618690544E-20,0.0582178564685151));
#3862=CARTESIAN_POINT('',(0.015492186800668,0.000569450900205766,0.0582178564685151));
#3863=CARTESIAN_POINT('',(0.0152417134141906,-0.000465701426513313,0.0585385002195835));
#3864=CARTESIAN_POINT('',(0.0153343471874305,1.30104260698261E-19,0.0585385002195835));
#3865=CARTESIAN_POINT('',(0.0152417134141906,0.000465701426513312,0.0585385002195835));
#3866=CARTESIAN_POINT('',(0.0149779147467196,0.000860504032433916,0.0585385002195835));
#3867=CARTESIAN_POINT('',(0.014583112140799,0.00112430269990494,0.0585385002195835));
#3868=CARTESIAN_POINT('',(0.0141174107142857,0.00121693647314478,0.0585385002195835));
#3869=CARTESIAN_POINT('',(0.0136517092877724,0.00112430269990494,0.0585385002195835));
#3870=CARTESIAN_POINT('',(0.0132569066818518,0.000860504032433916,0.0585385002195835));
#3871=CARTESIAN_POINT('',(0.0129931080143808,0.000465701426513312,0.0585385002195835));
#3872=CARTESIAN_POINT('',(0.0129004742411409,1.50667833481366E-19,0.0585385002195835));
#3873=CARTESIAN_POINT('',(0.0129931080143808,-0.000465701426513312,0.0585385002195835));
#3874=CARTESIAN_POINT('',(0.0132569066818518,-0.000860504032433916,0.0585385002195835));
#3875=CARTESIAN_POINT('',(0.0136517092877724,-0.00112430269990493,0.0585385002195835));
#3876=CARTESIAN_POINT('',(0.0141174107142857,-0.00121693647314478,0.0585385002195835));
#3877=CARTESIAN_POINT('',(0.014583112140799,-0.00112430269990494,0.0585385002195835));
#3878=CARTESIAN_POINT('',(0.0149779147467196,-0.000860504032433916,0.0585385002195835));
#3879=CARTESIAN_POINT('',(0.0152417134141906,-0.000465701426513313,0.0585385002195835));
#3880=CARTESIAN_POINT('',(0.0153343471874305,1.30104260698261E-19,0.0585385002195835));
#3881=CARTESIAN_POINT('',(0.0152417134141906,0.000465701426513312,0.0585385002195835));
#3882=MECHANICAL_DESIGN_GEOMETRIC_PRESENTATION_REPRESENTATION('',(#406),
#3883);
#3883=(
GEOMETRIC_REPRESENTATION_CONTEXT(3)
GLOBAL_UNCERTAINTY_ASSIGNED_CONTEXT((#3884))
GLOBAL_UNIT_ASSIGNED_CONTEXT((#3887,#3886,#3885))
REPRESENTATION_CONTEXT('Queen Piece','TOP_LEVEL_ASSEMBLY_PART')
);
#3884=UNCERTAINTY_MEASURE_WITH_UNIT(LENGTH_MEASURE(2.E-5),#3887,
'DISTANCE_ACCURACY_VALUE','Maximum Tolerance applied to model');
#3885=(
NAMED_UNIT(*)
SI_UNIT($,.STERADIAN.)
SOLID_ANGLE_UNIT()
);
#3886=(
NAMED_UNIT(*)
PLANE_ANGLE_UNIT()
SI_UNIT($,.RADIAN.)
);
#3887=(
LENGTH_UNIT()
NAMED_UNIT(*)
SI_UNIT($,.METRE.)
);
#3888=PRODUCT_DEFINITION_SHAPE('','',#3889);
#3889=PRODUCT_DEFINITION('','',#3891,#3890);
#3890=PRODUCT_DEFINITION_CONTEXT('',#3897,'design');
#3891=PRODUCT_DEFINITION_FORMATION_WITH_SPECIFIED_SOURCE('','',#3893,
 .NOT_KNOWN.);
#3892=PRODUCT_RELATED_PRODUCT_CATEGORY('','',(#3893));
#3893=PRODUCT('Queen Piece','Queen Piece','Queen Piece',(#3895));
#3894=PRODUCT_CATEGORY('','');
#3895=PRODUCT_CONTEXT('',#3897,'mechanical');
#3896=APPLICATION_PROTOCOL_DEFINITION('international standard',
'ap242_managed_model_based_3d_engineering',2020,#3897);
#3897=APPLICATION_CONTEXT('managed model based 3d engineering');
ENDSEC;
END-ISO-10303-21;
